gene,training_edge_mean,training_edge_variance,asinh_mean_z,log1p_variance_z
PRRT4,0.19302491163521499,0.1694600143403791,-0.8881043110816637,-0.8717504626085605
GRIP2,0.4092635059699473,0.47310474215584575,-0.11414017060398328,0.320233250017222
FOXP2,0.23362991019469975,0.1708477682795977,-0.7394729442406868,-0.8656262907529688
PDZD2,0.2822791542825393,0.23681794244750637,-0.5631639949169893,-0.5825731430121461
KIAA1217,0.5588688072248124,0.47770528544706053,0.3897212178533358,0.33633511013684936
PALMD,0.2653851449442728,0.2428059074773451,-0.6241524318871646,-0.5576328172862288
LRRC4C,0.6414672464255663,0.4667102046897095,0.6547976231280501,0.2977687036060951
ASIC2,0.49060749913830387,0.40168775900775916,0.16348810878656417,0.06361225241434099
NPAS3,0.49320970859065727,0.33203212604708876,0.17222798991345697,-0.1995987693320853
LUZP2,0.4263528882778829,0.3120284359878434,-0.0551193601830369,-0.2777354271696951
GRIN2A,1.3261077580398786,1.161517518656637,2.4896648640417136,2.300270253498252
NLGN1,0.1243279596779904,0.07744634047220131,-1.1420145587554835,-1.294923680014558
NTNG2,0.8357752479101465,0.5775009036630179,1.2398461624614825,0.6738036572423565
TACR1,0.7212317420575559,0.6750237903573124,0.9015262931741918,0.9835626831514434
PDGFD,0.09564951550666279,0.0736666280529258,-1.2487109697616865,-1.31307063711465
ANK1,0.33956254069441777,0.351547721417591,-0.35843935813521965,-0.12449136284192147
DLX1,0.30855037080162867,0.30015028239621605,-0.46886167737428835,-0.3246985393843228
CBLN2,0.49663556663399194,0.5509556492500409,0.1837204550890727,0.586169177357175
ZNF804A,0.15193020667520965,0.11747144552210366,-1.0396741403177563,-1.1065716980373461
CACNA2D3,0.8358864820365582,0.743229513712344,1.240165617967904,1.18966460888659
CDH6,0.2535292894492232,0.2292338372804468,-0.6671064326341891,-0.6143353996916414
CD22,0.4158193728896601,0.5967906347134764,-0.09145609618056152,0.736565044356944
ETNPPL,0.7832047713029476,0.7616703394710497,1.0869022480340444,1.244004227398544
CALB1,0.1294025372817645,0.09531624912330183,-1.1231714770677685,-1.2099806641319988
TSHZ2,0.10061690589081426,0.07470826566195976,-1.2302069410416485,-1.308063212221082
FGF13,0.3872455138975952,0.2678191279106515,-0.19070420704797442,-0.454734102192596
KIRREL3,0.9556418443912587,0.8349904366310015,1.5740821460158976,1.4545718291348002
ROBO1,0.5353132882428189,0.34995921911788747,0.312372394310298,-0.13056417204812734
RBFOX3,1.5341208151630004,1.248387352025814,2.936102730391149,2.5037418432257508
ASTN2,0.7384772912131191,0.5288981556385081,0.953666162176384,0.5122016140204899
ID3,0.4627057913270714,0.49743901267106894,0.06921511144502289,0.4048390077413516
TH,0.1285636869789188,0.07903896543550458,-1.1262854953356956,-1.2872963081425748
TENM2,0.7794346871326552,0.649842631901555,1.07578248304398,0.9053427151193364
ZMAT4,0.48794494058407656,0.45187980134092814,0.1545362237082454,0.24528899242552824
CLSTN2,0.9675500801101546,1.1346572338846321,1.6062105991245004,2.2356985625461534
SEMA6D,0.6338212663048869,0.43888541220252636,0.6306669824271073,0.198863790644176
HPSE2,0.14776953877629456,0.10738262310137595,-1.0550755420624676,-1.153404457818217
BTBD11,0.18271377431897776,0.20556852891780727,-0.9260351500626465,-0.7147206614331478
LRP1B,0.536538681065974,0.42054401348880177,0.31641507165855065,0.13261669354226824
NOS1,0.21482301212097554,0.18002005976497587,-0.808160727671632,-0.8253305016117847
GPC5,0.5125418834356161,0.4349119598178795,0.23687414856229178,0.18458406139736877
SNTB1,0.2773631158528354,0.24082328034817668,-0.5808840373625128,-0.5658772771519681
COL11A1,0.3928960098806881,0.3982566638082363,-0.17100039040110793,0.050956400016182624
TMEM255A,0.1312628283171444,0.11004203207889807,-1.1162668090927377,-1.1410180808528647
SATB2,1.215732862603702,0.8139247544624181,2.234155925880242,1.3949473759248252
SORCS3,0.5533760019194979,0.5385182539470288,0.371753260654343,0.5445919925908568
FBXL7,0.4042740354476533,0.2593489463933725,-0.13143932917430845,-0.4893493977123408
GRM8,0.10574480352075386,0.06716062520172976,-1.2111146133531696,-1.3444570575448918
GALNTL6,0.1840194203150448,0.13330696205958367,-0.9212282637706734,-1.0339085036232312
NOSTRIN,0.17022670670962145,0.17437820888528274,-0.9720627544589161,-0.8500790842143839
DCC,0.4378802493971264,0.3939387877179775,-0.015512226478951095,0.03498538446207093
SOX6,0.36546505869883306,0.3292654989918366,-0.2670028119043171,-0.21033532935035912
MEIS2,0.5834981986201687,0.4261794574099943,0.4697706577432984,0.153061887934349
STXBP6,0.41147720981818914,0.28650837756396896,-0.10647463380792761,-0.3791673317237728
SMYD1,0.08382851009274596,0.08774137943916276,-1.2927796299649406,-1.2458166646988127
SCUBE1,0.06446862444822525,0.04532540380925429,-1.3650441508080027,-1.451211768235044
LAMA4,0.3844840551073005,0.3049932420205675,-0.20034734860021755,-0.30549914541492135
CNTN5,0.47081847111909464,0.4020170944721434,0.09673100065538628,0.06482540110865351
GRM7,0.6547469910996649,0.6315898521587947,0.6965093654508806,0.8478943272603836
KCNMB2,0.08440109266174102,0.05027298544855762,-1.2906439964552856,-1.426828408464927
CUX2,0.5743375887132149,0.7144269234146857,0.44009643701118123,1.1036311109772974
LAMP5,0.46801570776429713,0.6055600493525093,0.08723450599165221,0.7648470775784147
SLIT3,0.5165000688358478,0.536820044490758,0.25004811054302045,0.5388889550711479
TAFA1,0.31423143956574606,0.2814062583992376,-0.4485590150962369,-0.3996873816513871
PRKG1,0.34881310788904657,0.26127509792412207,-0.32569957864171517,-0.48145733938153756
CSMD1,0.9303212103533567,0.948344381395037,1.5051286814601796,1.7640996507895128
CNTNAP5,0.7748796578084287,0.7605242095274526,1.0623204012179812,1.2406435381223548
NFIA,0.6455997563135373,0.3570827757047621,0.667804947319272,-0.10338659633153544
FRMPD4,0.5057904023135601,0.4198867619375304,0.21435445993022148,0.13022692827641627
GRID2,0.3911749731635649,0.29918636445714775,-0.17699781479510265,-0.3285284212612485
HS6ST3,0.5157863488056236,0.47648200273258123,0.247674216340867,0.3320585294999637
SORCS1,0.5456555582625826,0.5665420084910499,0.34642755817830967,0.6378048681035358
ATRNL1,1.2756394426871531,0.9851431954586987,2.374533387646635,1.8607217651196923
ADAMTS3,0.22578872262984725,0.20352375967928737,-0.7680774550408701,-0.7234866075407054
SLC24A2,1.0145631544644127,0.9219403198213226,1.7312005377784063,1.6936396914814604
RBFOX1,0.9896178963390256,0.9098041454327074,1.66524648897426,1.660928636704658
TMEM132D,0.8176518330415454,0.7218978596697209,1.1875632717597453,1.1260848844707103
NKAIN2,0.657394352558002,0.4975054590163375,0.7047945026284339,0.4050681420651667
PEX5L,1.065486121213438,0.8283822574335609,1.8633124222864388,1.4359419942823854
TNR,1.1945901287286225,1.065993327513405,2.183621612037052,2.0668651250775194
DGKG,0.6612693313442228,0.5546486865763617,0.7169034264782462,0.5984505130965779
RFX3,0.816891048657262,0.5170081861280609,1.1853583563979218,0.47188591184758794
UNC5B,0.7870661898382819,0.4757688148580793,1.0982703247120789,0.32956359852924466
HTR2A,0.4773456213337232,0.45485555863567806,0.11880690537883606,0.2558620352516176
RGS12,0.7339921014133407,0.405643299127658,0.9401469188227626,0.07816417170339608
CACHD1,0.5452424673294223,0.41770256432880914,0.34507015421481896,0.12227723637025409
RORB,0.6365214544537912,0.5815478991596462,0.6391983029622789,0.6870344068353028
LRRK1,0.5465156530049237,0.5338308971519442,0.3492530462744047,0.5288352802165164
THEMIS,0.09230014254099372,0.0639964124170161,-1.2611926665753825,-1.3597911604698267
CARTPT,0.16713074483690543,0.16104270486551567,-0.9834895092805982,-0.9090525723914555
SLC32A1,0.4197701489043119,0.5603799351175639,-0.07781134416021392,0.6174523470003315
GAD2,0.17915643166752818,0.2287024802693038,-0.9391375274619118,-0.6165680649884602
MOG,0.8175710868159816,1.2634500574371839,1.1873292909693487,2.5382211862100528
DCN,0.24991847156091665,0.3339862451737467,-0.6802128448203195,-0.1920287706817767
TOX,0.5389283072415064,0.4638058908946035,0.32429271953746347,0.2875332429014103
ZNF385D,0.24840652133061109,0.23217446474667897,-0.6857041809893988,-0.6019968424179664
PDE4B,0.7474997145538343,0.4736328753745861,0.9807738529179918,0.32208426463579914
GRIP1,0.39085518874464276,0.3550320675842317,-0.17811257746762857,-0.11119574489104828
ITGB8,0.6384735732019202,0.39719409533040934,0.6453595823589899,0.047030737793895924
PLD5,0.1725144135952364,0.1169227809941144,-0.9636229074707532,-1.1091077311395838
NPY,0.11034885458219322,0.07772224991631867,-1.1939813919225344,-1.2936014922129053
NDNF,0.04750727161893578,0.038580522022183164,-1.4284304379022474,-1.484639397422619
SEMA3E,0.11445491528176413,0.12059360194816326,-1.1787086024567892,-1.0921641504836408
KAZN,1.0708585488440012,0.6700854168814762,1.87705546086796,0.9683157754007069
DLC1,0.29697662204300934,0.33863338180722546,-0.5103233799416874,-0.17407082918509
PLCB1,0.6132583828664451,0.4518646973100563,0.5653565498764439,0.24523527164783923
HCN1,0.6947684729826881,0.6487219542789037,0.8206847619371899,0.9018338752315905
ITGA8,0.16942981443596192,0.17179880384815585,-0.9750034151863194,-0.8614335516656797
EBF1,0.14665407694871155,0.15485528647006377,-1.0592061946869706,-0.9366455722003669
PRRX1,0.08239889493309625,0.06380400519788205,-1.2981122890363195,-1.360725056008312
SLC14A1,0.3729011885009138,0.6036987182506504,-0.24089201017311568,0.7588570782588026
EGFR,0.3943337865700558,0.3629700755548889,-0.1659927554276993,-0.08103300443739206
FEZF2,0.3966820632382877,0.4343890440741328,-0.15781922332800571,0.18270187149743483
PAX6,0.33936203490532235,0.3510533652871713,-0.35915002058960305,-0.12638051008313267
ROBO2,0.43086625101246223,0.4021166910710239,-0.03959199741160238,0.0651922216138127
SV2C,0.18385261279744622,0.18191196892650188,-0.9218423227962433,-0.8170579248778517
DCLK1,1.1564007385695438,1.1094592440629703,2.090998617201768,2.174380061297982
EYA4,0.09141603959734378,0.07065196962817662,-1.2644879883123556,-1.3275903126666273
RYR3,0.6111262105611736,0.884525093194837,0.5585500261983691,1.592120463620114
L3MBTL4,0.33272815565182606,0.217213255060619,-0.3826871471500849,-0.6650813040737136
GRIN3A,0.2907778036557439,0.3453851380498417,-0.5325841590898455,-0.1480907787977176
CD74,1.2053065612095013,1.2116675211848462,2.2093011135945404,2.4187106821594497
RGS6,0.6035287007248727,0.5873620286846344,0.5342440364877513,0.7059832683269752
CTSS,0.22235799583943375,0.15431849713181398,-0.7806079348476022,-0.9390463673075023
KCNIP4,0.39717453712624856,0.3361865941111894,-0.15610592686320562,-0.18351817206062918
DACH1,0.3059991154864711,0.23872230508635556,-0.4779898082239288,-0.5746282587819594
HTR2C,0.11054701672358454,0.14263990836932683,-1.1932441545031427,-0.991557187753129
PVALB,0.11099454094650624,0.08783136795932314,-1.1915792554476545,-1.2453894744539118
HS3ST2,0.6587167029654311,0.8643066672870263,0.7089291399403528,1.5364194077746678
GRIK3,0.47815852430274924,0.581599184809454,0.12155236729420006,0.6872018565077428
FGF12,0.256430582959213,0.19507245179291574,-0.6565835841645526,-0.7598761339842293
LHX6,0.2908338323391665,0.3620992814950581,-0.5323827859224333,-0.08433324607200125
VIP,0.07292968701904093,0.06469915795785255,-1.3334489743156333,-1.356381647205425
CA10,0.4875519053506665,0.44416751493603934,0.153213989032284,0.21778559470078784
ADAMTSL1,0.08610285223066046,0.07371376992940962,-1.284297336420633,-1.3128439088271424
CHODL,0.034518742360746396,0.02187142110977809,-1.477005300104498,-1.5683938566863804
SULF1,0.13564410844217614,0.11828947148473004,-1.1000118096179523,-1.1027929357410597
NRG1,0.21358689507061954,0.16812094571627642,-0.8126848823576961,-0.8776666789531281
NXPH2,0.07181349339948721,0.07273841964225249,-1.3376159860448358,-1.317536873156055
TLL1,0.07490651345246165,0.05122130452235547,-1.326069850216161,-1.4221678911332551
