dataset,model,seed,unit_type,unit,n_cells,median_gene_pcc,mean_gene_pcc,mse,mse_zero,ev_zero_percent
SEA_AD,SpaGAT,123,donor,H20.33.035,10467,0.23913994449092787,0.23973373057711284,0.3119807016125923,0.35065968992300117,11.030349202356877
SEA_AD,SpaGAT,123,donor,H20.33.040,17570,0.23361375004726057,0.2351476370641777,0.26622932901705926,0.288622800680223,7.758732716329763
SEA_AD,SpaGAT,123,donor,H21.33.011,18269,0.2920401577720452,0.29312132899236465,0.35796919744558636,0.44017088415669725,18.674948677852075
SEA_AD,SpaGAT,123,donor,H21.33.021,8456,0.3268352555993413,0.3301418795456753,0.18369777485825767,0.25119002187795086,26.86900001644436
SEA_AD,SpaGAT,456,donor,H20.33.035,10467,0.24314331049942212,0.23873768994851371,0.31204481664365064,0.35065968992300117,11.012065084478255
SEA_AD,SpaGAT,456,donor,H20.33.040,17570,0.2364600631578876,0.2398517735875508,0.2658016922840098,0.288622800680223,7.906897286849365
SEA_AD,SpaGAT,456,donor,H21.33.011,18269,0.28667605017063014,0.29302853960501574,0.358720128576516,0.44017088415669725,18.50434876814466
SEA_AD,SpaGAT,456,donor,H21.33.021,8456,0.33226630185124045,0.3382712510225614,0.18250227313965334,0.25119002187795086,27.344935210711434
SEA_AD,SpaGAT,789,donor,H20.33.035,10467,0.23777700472862723,0.2365900646652001,0.3123808947856621,0.35065968992300117,10.916223403307193
SEA_AD,SpaGAT,789,donor,H20.33.040,17570,0.2380775350438287,0.23647231713967168,0.2658353228289116,0.288622800680223,7.895245211953506
SEA_AD,SpaGAT,789,donor,H21.33.011,18269,0.286668479487402,0.2908661940479545,0.35974425704891083,0.44017088415669725,18.27168265840028
SEA_AD,SpaGAT,789,donor,H21.33.021,8456,0.329751723680812,0.33580664175428765,0.18223386712988443,0.25119002187795086,27.451788981319936
SEA_AD,GAT,123,donor,H20.33.035,10467,0.13926482925511088,0.15332913448337487,0.3238189123460351,0.35065968992300117,7.654366426565843
SEA_AD,GAT,123,donor,H20.33.040,17570,0.11816015760350213,0.13373118401401865,0.27729081477326556,0.288622800680223,3.9262268539596703
SEA_AD,GAT,123,donor,H21.33.011,18269,0.16077263964699523,0.17743990541445578,0.3810281043442963,0.44017088415669725,13.436322560432373
SEA_AD,GAT,123,donor,H21.33.021,8456,0.21436672211415458,0.21904168628323123,0.19395470174956284,0.25119002187795086,22.785666285819968
SEA_AD,GAT,456,donor,H20.33.035,10467,0.13007605488038826,0.14918879500449028,0.326576748150032,0.35065968992300117,6.867895702028756
SEA_AD,GAT,456,donor,H20.33.040,17570,0.11741830242751967,0.13235159597878077,0.27785348581514746,0.288622800680223,3.7312765449211
SEA_AD,GAT,456,donor,H21.33.011,18269,0.16246600988020757,0.1828212130773097,0.3799031082760176,0.44017088415669725,13.691904224002434
SEA_AD,GAT,456,donor,H21.33.021,8456,0.20771429816241269,0.22099813143675562,0.19609614744622303,0.25119002187795086,21.933146077950926
SEA_AD,GAT,789,donor,H20.33.035,10467,0.12058556830644879,0.14026815337265608,0.32683773728082655,0.35065968992300117,6.793467663022655
SEA_AD,GAT,789,donor,H20.33.040,17570,0.11887810737171482,0.1283412231098693,0.2784786435747462,0.288622800680223,3.5146762769847535
SEA_AD,GAT,789,donor,H21.33.011,18269,0.156020265722331,0.17540596452261095,0.3816993725789284,0.44017088415669725,13.283820825584984
SEA_AD,GAT,789,donor,H21.33.021,8456,0.20009869501075478,0.21134598266454385,0.1960197607144896,0.25119002187795086,21.963556016674744
SEA_AD,LightGBM,123,donor,H20.33.035,10467,0.0992033116441515,0.1143734726607591,0.32847373286225967,0.35065968992300117,6.326919716838047
SEA_AD,LightGBM,123,donor,H20.33.040,17570,0.09204468656599905,0.10514730032117213,0.2794906766550187,0.288622800680223,3.164034166282697
SEA_AD,LightGBM,123,donor,H21.33.011,18269,0.11894240625751687,0.13573766635193166,0.3921755942074784,0.44017088415669725,10.903785706128835
SEA_AD,LightGBM,123,donor,H21.33.021,8456,0.10860726335084571,0.12424997415385151,0.20665310710334467,0.25119002187795086,17.7303678074625
SEA_AD,LightGBM,456,donor,H20.33.035,10467,0.09821973834235462,0.11431790978773237,0.3284704161087983,0.35065968992300117,6.327865577898411
SEA_AD,LightGBM,456,donor,H20.33.040,17570,0.09430270599484208,0.10544405703979864,0.2795006526193147,0.288622800680223,3.1605777642685493
SEA_AD,LightGBM,456,donor,H21.33.011,18269,0.12096654485266797,0.1360631299736017,0.39210853775920307,0.44017088415669725,10.919019891462062
SEA_AD,LightGBM,456,donor,H21.33.021,8456,0.10945867381786033,0.12408589946530889,0.20668075112127884,0.25119002187795086,17.719362586105575
SEA_AD,LightGBM,789,donor,H20.33.035,10467,0.09816229872730049,0.11443452346456398,0.3285047797176574,0.35065968992300117,6.318065874697086
SEA_AD,LightGBM,789,donor,H20.33.040,17570,0.09522697760370345,0.10535371142168537,0.2794998188307018,0.288622800680223,3.160866649488612
SEA_AD,LightGBM,789,donor,H21.33.011,18269,0.12163205821960248,0.13549997661391908,0.3921511039665082,0.44017088415669725,10.90934950915436
SEA_AD,LightGBM,789,donor,H21.33.021,8456,0.10952545148801958,0.12342582009764178,0.20674269699079983,0.25119002187795086,17.69470162662244
SEA_AD,SPICE_adapted,123,donor,H20.33.035,10467,0.11416567043404793,0.13686096782527812,0.32770187623400077,0.35065968992300117,6.547035301959442
SEA_AD,SPICE_adapted,123,donor,H20.33.040,17570,0.11476499239304021,0.1268960162534492,0.27879061303713976,0.288622800680223,3.406587289677342
SEA_AD,SPICE_adapted,123,donor,H21.33.011,18269,0.15113231979951078,0.16902878629059767,0.38278198255076085,0.44017088415669725,13.037868625928114
SEA_AD,SPICE_adapted,123,donor,H21.33.021,8456,0.16150414728417536,0.17185408347973227,0.1985209176522114,0.25119002187795086,20.967832970423707
SEA_AD,SPICE_adapted,456,donor,H20.33.035,10467,0.11204229246298716,0.1329744131675624,0.33069430165148533,0.35065968992300117,5.693665067661436
SEA_AD,SPICE_adapted,456,donor,H20.33.040,17570,0.11470817325577978,0.12698697563056546,0.2785172933391027,0.288622800680223,3.5012851781992773
SEA_AD,SPICE_adapted,456,donor,H21.33.011,18269,0.14333523102107645,0.16477333966204577,0.3838396298660197,0.44017088415669725,12.79758755479703
SEA_AD,SPICE_adapted,456,donor,H21.33.021,8456,0.15235388332297836,0.16743480464330962,0.2023676621863878,0.25119002187795086,19.436424793690684
SEA_AD,SPICE_adapted,789,donor,H20.33.035,10467,0.10430937804110073,0.12451934999918228,0.3278876758744418,0.35065968992300117,6.4940495594345915
SEA_AD,SPICE_adapted,789,donor,H20.33.040,17570,0.1116522858744586,0.12438072058088469,0.2791259438059379,0.288622800680223,3.2904042410727703
SEA_AD,SPICE_adapted,789,donor,H21.33.011,18269,0.13826543383888573,0.15431376802101707,0.38896248178259457,0.44017088415669725,11.633755029529144
SEA_AD,SPICE_adapted,789,donor,H21.33.021,8456,0.14449119657113652,0.16549268772597173,0.20022051886097086,0.25119002187795086,20.29121325597291
SEA_AD,GITIII_official,123,donor,H20.33.035,10467,0.21776467312880188,0.22363432988609813,0.3162281037025315,0.35065968992300117,9.819088766099755
SEA_AD,GITIII_official,123,donor,H20.33.040,17570,0.2236031322284633,0.2250414338079965,0.26841038243635257,0.288622800680223,7.003056652570073
SEA_AD,GITIII_official,123,donor,H21.33.011,18269,0.2722758989515871,0.2807061383805042,0.36185897338098943,0.44017088415669725,17.791251896576924
SEA_AD,GITIII_official,123,donor,H21.33.021,8456,0.3110401346943052,0.3149393837975903,0.1860782761865489,0.25119002187795086,25.92131056982777
SEA_AD,GITIII_official,456,donor,H20.33.035,10467,0.22530732941272677,0.22520107826492508,0.31643142190349405,0.35065968992300117,9.761107136957499
SEA_AD,GITIII_official,456,donor,H20.33.040,17570,0.2214060233399711,0.22676918997099632,0.26861617696634854,0.288622800680223,6.931754409812069
SEA_AD,GITIII_official,456,donor,H21.33.011,18269,0.2797368257695524,0.2822776634029363,0.36201413749688405,0.44017088415669725,17.75600101527616
SEA_AD,GITIII_official,456,donor,H21.33.021,8456,0.31846157296404637,0.327597632044359,0.18547384532492978,0.25119002187795086,26.161937509186384
SEA_AD,GITIII_official,789,donor,H20.33.035,10467,0.2246405448535902,0.22675189376301763,0.31530167194654934,0.35065968992300117,10.08328558786322
SEA_AD,GITIII_official,789,donor,H20.33.040,17570,0.2221705065931581,0.22634965058117687,0.2676736372112787,0.288622800680223,7.258318961485916
SEA_AD,GITIII_official,789,donor,H21.33.011,18269,0.27175591968798113,0.277667847051705,0.363908397124065,0.44017088415669725,17.325654598608907
SEA_AD,GITIII_official,789,donor,H21.33.021,8456,0.32001183374545017,0.32791086503855515,0.1837654054993815,0.25119002187795086,26.842075921045097
Mouse,SpaGAT,123,section,mouse2_slice1,1687,0.2173393225433478,0.23884615698813502,0.13943651284302153,0.1672867090053043,16.648182230304798
Mouse,SpaGAT,123,section,mouse2_slice10,1151,0.19500700839848356,0.22110193871339198,0.144168801977042,0.16795776365278867,14.163657075670821
Mouse,SpaGAT,123,section,mouse2_slice109,5137,0.2227234253853232,0.23541943745873156,0.15510235883804438,0.17527176224997032,11.507503064390148
Mouse,SpaGAT,123,section,mouse2_slice119,4970,0.22554103488753144,0.24314398029517498,0.1401229032943494,0.15973881592727074,12.2799912588888
Mouse,SpaGAT,123,section,mouse2_slice129,5091,0.24182365458251728,0.2541404519219878,0.14256224897847322,0.1641399444684412,13.145913726147668
Mouse,SpaGAT,123,section,mouse2_slice139,4155,0.2030970134413277,0.2140057146024987,0.1693229669946068,0.18983309086167585,10.804293273617924
Mouse,SpaGAT,123,section,mouse2_slice151,5003,0.22329281853321195,0.23997478190352878,0.13971488257433168,0.1595228778858028,12.417024801703377
Mouse,SpaGAT,123,section,mouse2_slice160,4477,0.2173846888269649,0.2292502629241578,0.14467974491570865,0.16607574569220218,12.8832784626769
Mouse,SpaGAT,123,section,mouse2_slice169,5151,0.2194482232883838,0.23883568205455297,0.15311275374536484,0.1741706871229819,12.090400356948718
Mouse,SpaGAT,123,section,mouse2_slice189,4365,0.2290000685841529,0.2408032785800545,0.1423163748134385,0.16211667036009975,12.213608571333271
Mouse,SpaGAT,123,section,mouse2_slice20,659,0.2026339298745095,0.22148837110119127,0.1752336977704908,0.21023067897206416,16.646942954612168
Mouse,SpaGAT,123,section,mouse2_slice201,3719,0.22809752242568174,0.2311621381175928,0.17724133391617497,0.20048359439814864,11.593098453640005
Mouse,SpaGAT,123,section,mouse2_slice209,4357,0.23986811780665265,0.24808859709033096,0.14947426686792983,0.17126211721383988,12.721932147262601
Mouse,SpaGAT,123,section,mouse2_slice219,3526,0.218896690062034,0.2346268180618698,0.16062736724798893,0.18262115805505602,12.043396855711809
Mouse,SpaGAT,123,section,mouse2_slice229,5016,0.23870673168192633,0.2434293576998311,0.1471842522963406,0.16851674715558368,12.658976166652312
Mouse,SpaGAT,123,section,mouse2_slice249,4068,0.2365988259872838,0.2515062049881201,0.15100592559612397,0.17433107266466788,13.379798972160676
Mouse,SpaGAT,123,section,mouse2_slice261,3527,0.2466871483870427,0.25280975876667927,0.15768124525507796,0.1923855640093087,18.038941192360742
Mouse,SpaGAT,123,section,mouse2_slice270,4070,0.24406648829441038,0.24788173661854496,0.15610834077045668,0.1797338949469304,13.144740552943327
Mouse,SpaGAT,123,section,mouse2_slice280,3835,0.23545641103209058,0.2311371364764701,0.16996019734185394,0.19195005106265853,11.456029107085987
Mouse,SpaGAT,123,section,mouse2_slice289,4319,0.21618717656935157,0.22855243843302564,0.16126043595233647,0.1817543692941949,11.275620730022789
Mouse,SpaGAT,123,section,mouse2_slice300,3755,0.21220166942874769,0.22068440611040813,0.15688457179664675,0.1758448619670136,10.782396459171832
Mouse,SpaGAT,123,section,mouse2_slice309,3240,0.20870060746903288,0.21746082924700585,0.1606751746691239,0.17955096182928468,10.51277418280148
Mouse,SpaGAT,123,section,mouse2_slice31,2019,0.24197003480863025,0.2513832528796664,0.1324653757068739,0.1589067030898424,16.63952927650834
Mouse,SpaGAT,123,section,mouse2_slice319,2764,0.19889760308022364,0.20693582201148294,0.179508252210547,0.2041430766108532,12.067430749692404
Mouse,SpaGAT,123,section,mouse2_slice40,3153,0.23454884572255524,0.24756844238821094,0.154534554182032,0.18105929047335823,14.649751593514155
Mouse,SpaGAT,123,section,mouse2_slice50,2876,0.2298586842790448,0.24148989095976633,0.15425719146539757,0.17966330454244359,14.14095835638161
Mouse,SpaGAT,123,section,mouse2_slice61,3270,0.24928867980014954,0.25205764676397324,0.14219493108043374,0.16677540681185674,14.738669328597599
Mouse,SpaGAT,123,section,mouse2_slice70,3999,0.25092969661834,0.2600899260580883,0.1535666342025046,0.1805745414718342,14.956652831120302
Mouse,SpaGAT,123,section,mouse2_slice79,3821,0.23255399256502698,0.23656408827249922,0.17340395300165717,0.1999545207069087,13.278303291861592
Mouse,SpaGAT,123,section,mouse2_slice90,4886,0.232486272373441,0.2500203047047101,0.14565932840818413,0.16681148857584147,12.68027780834797
Mouse,SpaGAT,123,section,mouse2_slice99,5191,0.22611054926883944,0.2405766461870295,0.15984861034813508,0.18304147275622965,12.670823753140507
Mouse,SpaGAT,456,section,mouse2_slice1,1687,0.2266153258484821,0.24620199887994026,0.13825979105421451,0.1672867090053043,17.35159841668558
Mouse,SpaGAT,456,section,mouse2_slice10,1151,0.2217658189895323,0.23410338610991072,0.1422347488849847,0.16795776365278867,15.315168652149941
Mouse,SpaGAT,456,section,mouse2_slice109,5137,0.23254689747870494,0.24249366931394253,0.154160517519965,0.17527176224997032,12.044863621498106
Mouse,SpaGAT,456,section,mouse2_slice119,4970,0.23035565739287225,0.2464530191128981,0.13988247994600975,0.15973881592727074,12.430501544660006
Mouse,SpaGAT,456,section,mouse2_slice129,5091,0.2403335364962346,0.26005666141706124,0.141993371539396,0.1641399444684412,13.492494469134698
Mouse,SpaGAT,456,section,mouse2_slice139,4155,0.20066930177007802,0.2190999562194754,0.1681296210574126,0.18983309086167585,11.432922313885594
Mouse,SpaGAT,456,section,mouse2_slice151,5003,0.22913440097561935,0.24163553172226146,0.13950554402111495,0.1595228778858028,12.548252720852753
Mouse,SpaGAT,456,section,mouse2_slice160,4477,0.22532084452210305,0.23245199858402324,0.14448592005298044,0.16607574569220218,12.999987174066582
Mouse,SpaGAT,456,section,mouse2_slice169,5151,0.2200850532637625,0.24293222829977837,0.15284924139610254,0.1741706871229819,12.241695820964571
Mouse,SpaGAT,456,section,mouse2_slice189,4365,0.24010343672203185,0.24703251830174955,0.14195315930056124,0.16211667036009975,12.437654323118378
Mouse,SpaGAT,456,section,mouse2_slice20,659,0.23353294088361884,0.23863466477042786,0.17314278199535324,0.21023067897206416,17.64152461384536
Mouse,SpaGAT,456,section,mouse2_slice201,3719,0.23246697663827187,0.234656452774521,0.17674154459295216,0.20048359439814864,11.842390334466062
Mouse,SpaGAT,456,section,mouse2_slice209,4357,0.23753038172959245,0.2549332379634172,0.1485474201356422,0.17126211721383988,13.26311822353325
Mouse,SpaGAT,456,section,mouse2_slice219,3526,0.22470335383400794,0.2384408374337042,0.160041169503858,0.18262115805505602,12.364387999549702
Mouse,SpaGAT,456,section,mouse2_slice229,5016,0.22852264255357926,0.24201653131552983,0.14756209752442664,0.16851674715558368,12.434757960175068
Mouse,SpaGAT,456,section,mouse2_slice249,4068,0.2541894420210583,0.25628318898905944,0.15064042699428434,0.17433107266466788,13.589456720634844
Mouse,SpaGAT,456,section,mouse2_slice261,3527,0.24300977222812503,0.25615874494510554,0.1567985406741302,0.1923855640093087,18.49776178292494
Mouse,SpaGAT,456,section,mouse2_slice270,4070,0.2415477513496029,0.25240864988499834,0.1554496960837139,0.1797338949469304,13.511196021422027
Mouse,SpaGAT,456,section,mouse2_slice280,3835,0.23276180007186195,0.2362175802295275,0.16927916601848064,0.19195005106265853,11.810825221805967
Mouse,SpaGAT,456,section,mouse2_slice289,4319,0.21549615617795767,0.23173434384741776,0.16121917757663115,0.1817543692941949,11.298320803680195
Mouse,SpaGAT,456,section,mouse2_slice300,3755,0.20460659283589713,0.22291115788524202,0.1569573985621145,0.1758448619670136,10.740981108928942
Mouse,SpaGAT,456,section,mouse2_slice309,3240,0.2081075867111444,0.22281647630289947,0.16047972050549572,0.17955096182928468,10.621631390603026
Mouse,SpaGAT,456,section,mouse2_slice31,2019,0.23716641543744757,0.25810535920752303,0.13153495580887709,0.1589067030898424,17.22504258708957
Mouse,SpaGAT,456,section,mouse2_slice319,2764,0.20601875286395074,0.2114548704815189,0.17871897644018697,0.2041430766108532,12.454059472773995
Mouse,SpaGAT,456,section,mouse2_slice40,3153,0.2511392117273048,0.2552957634056629,0.15313165569883144,0.18105929047335823,15.424579816651917
Mouse,SpaGAT,456,section,mouse2_slice50,2876,0.24203655227922627,0.24835581729179976,0.15274634139320337,0.17966330454244359,14.981892500413945
Mouse,SpaGAT,456,section,mouse2_slice61,3270,0.25154802808058974,0.2585377343245906,0.14111384237851557,0.16677540681185674,15.386899617813912
Mouse,SpaGAT,456,section,mouse2_slice70,3999,0.2599120623364245,0.2689074198883925,0.15241319860963476,0.1805745414718342,15.595411530695769
Mouse,SpaGAT,456,section,mouse2_slice79,3821,0.23225693351040472,0.24495277364983137,0.17206197975511464,0.1999545207069087,13.949442529823395
Mouse,SpaGAT,456,section,mouse2_slice90,4886,0.2478740161361629,0.2563786800149407,0.1444453075518374,0.16681148857584147,13.40805793111498
Mouse,SpaGAT,456,section,mouse2_slice99,5191,0.2340997803030359,0.24614681368865046,0.15884897820865582,0.18304147275622965,13.216947057562646
Mouse,SpaGAT,789,section,mouse2_slice1,1687,0.21749450052742178,0.24279528787859225,0.13876398039834076,0.1672867090053043,17.050206066316445
Mouse,SpaGAT,789,section,mouse2_slice10,1151,0.21583490064898578,0.23338863066689292,0.14176593641481464,0.16795776365278867,15.594293867903108
Mouse,SpaGAT,789,section,mouse2_slice109,5137,0.23150494454477652,0.2423394809623865,0.15385640176211823,0.17527176224997032,12.218374604638129
Mouse,SpaGAT,789,section,mouse2_slice119,4970,0.2283893202248623,0.2488517276771784,0.13927126199544254,0.15973881592727074,12.81313737867388
Mouse,SpaGAT,789,section,mouse2_slice129,5091,0.238922620574316,0.2583081045226846,0.14197731760206175,0.1641399444684412,13.502275109298955
Mouse,SpaGAT,789,section,mouse2_slice139,4155,0.20210803914756992,0.21625755569332836,0.16773896317374298,0.18983309086167585,11.638712506678843
Mouse,SpaGAT,789,section,mouse2_slice151,5003,0.22187779782863673,0.24109027094883137,0.1398113449494823,0.1595228778858028,12.356555496968488
Mouse,SpaGAT,789,section,mouse2_slice160,4477,0.22019012075095917,0.23006069792055706,0.14473058391265298,0.16607574569220218,12.852666529108614
Mouse,SpaGAT,789,section,mouse2_slice169,5151,0.22887651231058842,0.242646761777921,0.1527429295371784,0.1741706871229819,12.302734713719842
Mouse,SpaGAT,789,section,mouse2_slice189,4365,0.2347863923598049,0.24472832857254448,0.1422015589104291,0.16211667036009975,12.284431579697781
Mouse,SpaGAT,789,section,mouse2_slice20,659,0.22565771706067808,0.23376910235372447,0.1728197370114818,0.21023067897206416,17.795186765083706
Mouse,SpaGAT,789,section,mouse2_slice201,3719,0.22999581999121038,0.23229032809171987,0.17647902080323413,0.20048359439814864,11.97333560732298
Mouse,SpaGAT,789,section,mouse2_slice209,4357,0.24232729539975398,0.2520814489595539,0.14897369949680994,0.17126211721383988,13.014213580695348
Mouse,SpaGAT,789,section,mouse2_slice219,3526,0.21769484665887892,0.23607915590432227,0.1602329420382352,0.18262115805505602,12.259376873555519
Mouse,SpaGAT,789,section,mouse2_slice229,5016,0.23060349383630224,0.24005556704271125,0.14790946272941718,0.16851674715558368,12.22862699049179
Mouse,SpaGAT,789,section,mouse2_slice249,4068,0.24980520233594466,0.2542749216961984,0.15088247192954102,0.17433107266466788,13.450614613168293
Mouse,SpaGAT,789,section,mouse2_slice261,3527,0.2494942436255534,0.2522782241121312,0.15800148082104984,0.1923855640093087,17.872486101189565
Mouse,SpaGAT,789,section,mouse2_slice270,4070,0.23700337318176606,0.24864390331324393,0.15647295867021513,0.1797338949469304,12.941875144687366
Mouse,SpaGAT,789,section,mouse2_slice280,3835,0.23441340754105774,0.23199377445175437,0.16981919476222773,0.19195005106265853,11.529487060780514
Mouse,SpaGAT,789,section,mouse2_slice289,4319,0.21681732978810395,0.22953524673676806,0.16173032768883397,0.1817543692941949,11.017089538545955
Mouse,SpaGAT,789,section,mouse2_slice300,3755,0.20733540718342242,0.21913142173354697,0.1573684840696799,0.1758448619670136,10.50720373097944
Mouse,SpaGAT,789,section,mouse2_slice309,3240,0.2071878529199458,0.2183976100602561,0.16074177202473944,0.17955096182928468,10.475683122449004
Mouse,SpaGAT,789,section,mouse2_slice31,2019,0.2438124243893757,0.2591445666251871,0.13085319607517162,0.1589067030898424,17.65407403790257
Mouse,SpaGAT,789,section,mouse2_slice319,2764,0.20858428911578308,0.20871082486843306,0.17935003812163183,0.2041430766108532,12.144932319445253
Mouse,SpaGAT,789,section,mouse2_slice40,3153,0.24477892475873017,0.2543451397974123,0.15285521518225886,0.18105929047335823,15.577259370321793
Mouse,SpaGAT,789,section,mouse2_slice50,2876,0.23565898640950125,0.2487999718994947,0.15256809437488728,0.17966330454244359,15.08110420019317
Mouse,SpaGAT,789,section,mouse2_slice61,3270,0.2529297842441833,0.2570049241968402,0.14082529513126268,0.16677540681185674,15.55991508380429
Mouse,SpaGAT,789,section,mouse2_slice70,3999,0.25311659671244013,0.26630777580540604,0.15209291606305012,0.1805745414718342,15.772780136466022
Mouse,SpaGAT,789,section,mouse2_slice79,3821,0.22513697129738333,0.24265944109191437,0.17197657134818045,0.1999545207069087,13.992156446284122
Mouse,SpaGAT,789,section,mouse2_slice90,4886,0.247613966695732,0.25803066892130233,0.1438690271648183,0.16681148857584147,13.753525975276146
Mouse,SpaGAT,789,section,mouse2_slice99,5191,0.22505316440716278,0.24373156422699435,0.15876615029607852,0.18304147275622965,13.262197956897138
Mouse,GAT,123,section,mouse2_slice1,1687,0.1444870647181849,0.1889464845728713,0.14348212821606876,0.1672867090053043,14.229809965644518
Mouse,GAT,123,section,mouse2_slice10,1151,0.11926495135274166,0.1788078813252959,0.14560253412032875,0.16795776365278867,13.310030478063426
Mouse,GAT,123,section,mouse2_slice109,5137,0.1466987014594853,0.17197154759660377,0.16090545295590486,0.17527176224997032,8.196590888141145
Mouse,GAT,123,section,mouse2_slice119,4970,0.13685307262436147,0.1724294516084729,0.14644855932458947,0.15973881592727074,8.319991935292867
Mouse,GAT,123,section,mouse2_slice129,5091,0.16107175280911246,0.1879082124344512,0.14872027914072614,0.1641399444684412,9.394218681900282
Mouse,GAT,123,section,mouse2_slice139,4155,0.11985014281730344,0.15417080015615714,0.1745773375540616,0.18983309086167585,8.036403578726189
Mouse,GAT,123,section,mouse2_slice151,5003,0.13752088791739972,0.17211306136104015,0.14535293673613364,0.1595228778858028,8.882701551944765
Mouse,GAT,123,section,mouse2_slice160,4477,0.11995245247213347,0.1560742672642945,0.15136974008261367,0.16607574569220218,8.854998993558032
Mouse,GAT,123,section,mouse2_slice169,5151,0.1449030348674018,0.17647567173091774,0.15940984338294456,0.1741706871229819,8.474929957424287
Mouse,GAT,123,section,mouse2_slice189,4365,0.13867677839564532,0.1685582069689871,0.14904110499979598,0.16211667036009975,8.065527950493824
Mouse,GAT,123,section,mouse2_slice20,659,0.11727729588494298,0.1564443462133555,0.18254536108109123,0.21023067897206416,13.169018920712233
Mouse,GAT,123,section,mouse2_slice201,3719,0.13649923376627296,0.1642804588429205,0.18436736397057718,0.20048359439814864,8.03867791574286
Mouse,GAT,123,section,mouse2_slice209,4357,0.16226558972198915,0.17856690478960438,0.15640986846946472,0.17126211721383988,8.672232357042777
Mouse,GAT,123,section,mouse2_slice219,3526,0.13528698380842702,0.1620973844084112,0.1683649106776926,0.18262115805505602,7.806459847913952
Mouse,GAT,123,section,mouse2_slice229,5016,0.13678433621646002,0.17518717834405204,0.15385771487995742,0.16851674715558368,8.698857842355732
Mouse,GAT,123,section,mouse2_slice249,4068,0.15264362192270797,0.17440323454235962,0.15974205423275278,0.17433107266466788,8.368570335121833
Mouse,GAT,123,section,mouse2_slice261,3527,0.12301602265511832,0.14977717031096585,0.16926113106882257,0.1923855640093087,12.019837901853828
Mouse,GAT,123,section,mouse2_slice270,4070,0.14685574181005628,0.1703949207331878,0.16473553450566358,0.1797338949469304,8.344759037072755
Mouse,GAT,123,section,mouse2_slice280,3835,0.136620753316886,0.1572361699064367,0.1779021366434545,0.19195005106265853,7.318526013112832
Mouse,GAT,123,section,mouse2_slice289,4319,0.1435216928818056,0.16438892415395986,0.1685119296307881,0.1817543692941949,7.285898938678092
Mouse,GAT,123,section,mouse2_slice300,3755,0.12044826270188187,0.15710304096644512,0.16318023057637743,0.1758448619670136,7.202161751539788
Mouse,GAT,123,section,mouse2_slice309,3240,0.13346868752572366,0.15145959996561628,0.16760903848126432,0.17955096182928468,6.650993804964757
Mouse,GAT,123,section,mouse2_slice31,2019,0.16423448607303456,0.19312372956257357,0.13825958031937124,0.1589067030898424,12.993235885586103
Mouse,GAT,123,section,mouse2_slice319,2764,0.11345455268301982,0.13804832647718598,0.1881625667534167,0.2041430766108532,7.828092983970896
Mouse,GAT,123,section,mouse2_slice40,3153,0.1452194992168234,0.17795946871248114,0.16196415531593308,0.18105929047335823,10.546343746019957
Mouse,GAT,123,section,mouse2_slice50,2876,0.15871276273788015,0.18088562789780954,0.16000418409392542,0.17966330454244359,10.942201301810018
Mouse,GAT,123,section,mouse2_slice61,3270,0.15649502944504576,0.18398912597149045,0.1485470274692215,0.16677540681185674,10.929896494390881
Mouse,GAT,123,section,mouse2_slice70,3999,0.15828793037466207,0.19217169807803433,0.16051236224300716,0.1805745414718342,11.110192536170054
Mouse,GAT,123,section,mouse2_slice79,3821,0.1343719837389975,0.1721482706974279,0.18035473062027507,0.1999545207069087,9.80212401167103
Mouse,GAT,123,section,mouse2_slice90,4886,0.1506267106512959,0.17901696588842264,0.1520762002680768,0.16681148857584147,8.833497281013239
Mouse,GAT,123,section,mouse2_slice99,5191,0.14085542224432662,0.17550557611574832,0.1663348440481836,0.18304147275622965,9.12723682588347
Mouse,GAT,456,section,mouse2_slice1,1687,0.14335511842909543,0.18252784628481372,0.14403138088006973,0.1672867090053043,13.901479838722397
Mouse,GAT,456,section,mouse2_slice10,1151,0.11823998385967145,0.17268241685778027,0.1474131972315996,0.16795776365278867,12.231983788293277
Mouse,GAT,456,section,mouse2_slice109,5137,0.14920359488094118,0.1756716225147665,0.1608117921320981,0.17527176224997032,8.250028374365074
Mouse,GAT,456,section,mouse2_slice119,4970,0.14000797918325705,0.17561894939458544,0.14601640415542652,0.15973881592727074,8.590530543366508
Mouse,GAT,456,section,mouse2_slice129,5091,0.1661208749867755,0.19342026133770207,0.14819468545003206,0.1641399444684412,9.714429397455344
Mouse,GAT,456,section,mouse2_slice139,4155,0.11884765373921098,0.15558360483613617,0.1749456293043836,0.18983309086167585,7.842395385186134
Mouse,GAT,456,section,mouse2_slice151,5003,0.14746744351736216,0.17615984518412395,0.1453018558704706,0.1595228778858028,8.914722580113292
Mouse,GAT,456,section,mouse2_slice160,4477,0.12510079524543916,0.1585356093765327,0.15116315710283812,0.16607574569220218,8.979389812286266
Mouse,GAT,456,section,mouse2_slice169,5151,0.15394632182070064,0.17777100813284336,0.1594212605284497,0.1741706871229819,8.468374809888427
Mouse,GAT,456,section,mouse2_slice189,4365,0.1451189826977901,0.1718637750371663,0.14863617243899185,0.16211667036009975,8.315306434041915
Mouse,GAT,456,section,mouse2_slice20,659,0.11784621665301784,0.1527318477056252,0.18229039978502806,0.21023067897206416,13.29029584247733
Mouse,GAT,456,section,mouse2_slice201,3719,0.14180223275034365,0.16600749082337413,0.18500502918462478,0.20048359439814864,7.720614377445939
Mouse,GAT,456,section,mouse2_slice209,4357,0.1649462150484749,0.1812169056083131,0.15603383653512476,0.17126211721383988,8.891797512756954
Mouse,GAT,456,section,mouse2_slice219,3526,0.13938476334718486,0.16992348078757066,0.1675568787717571,0.18262115805505602,8.248923314108767
Mouse,GAT,456,section,mouse2_slice229,5016,0.1449632590262197,0.1729779687306973,0.1543559983244987,0.16851674715558368,8.403170052891554
Mouse,GAT,456,section,mouse2_slice249,4068,0.16215370691766798,0.1791649639526391,0.15905240909532808,0.17433107266466788,8.764165409989108
Mouse,GAT,456,section,mouse2_slice261,3527,0.12590900712721098,0.14919937723858828,0.16930923186526217,0.1923855640093087,11.994835611953697
Mouse,GAT,456,section,mouse2_slice270,4070,0.1450542716517291,0.16604503680722274,0.16507531021615587,0.1797338949469304,8.155715278469165
Mouse,GAT,456,section,mouse2_slice280,3835,0.12867146727111403,0.15825915013371739,0.17810986755241578,0.19195005106265853,7.210304677504289
Mouse,GAT,456,section,mouse2_slice289,4319,0.13428749486409955,0.16114225089768158,0.16859666559803893,0.1817543692941949,7.239277794119151
Mouse,GAT,456,section,mouse2_slice300,3755,0.12270760107170826,0.1516499598877509,0.1642361834884462,0.1758448619670136,6.601659183391465
Mouse,GAT,456,section,mouse2_slice309,3240,0.13436153407508283,0.15083576262342285,0.16800131375880392,0.17955096182928468,6.432518073315603
Mouse,GAT,456,section,mouse2_slice31,2019,0.15963897940423663,0.19252280120927207,0.13781792982617466,0.1589067030898424,13.271166573599226
Mouse,GAT,456,section,mouse2_slice319,2764,0.12080373904732705,0.14162082967891115,0.1878308577378322,0.2041430766108532,7.9905814803193715
Mouse,GAT,456,section,mouse2_slice40,3153,0.14196288600537216,0.17849865667772563,0.1615201481164919,0.18105929047335823,10.791571261426864
Mouse,GAT,456,section,mouse2_slice50,2876,0.16002953600609027,0.18389476571342026,0.15990149077294558,0.17966330454244359,10.999360063996534
Mouse,GAT,456,section,mouse2_slice61,3270,0.1546461701380882,0.18574388081870566,0.14840584178399135,0.16677540681185674,11.014552672378445
Mouse,GAT,456,section,mouse2_slice70,3999,0.15667100385442806,0.19742063748830244,0.1599725358447191,0.1805745414718342,11.409141875256296
Mouse,GAT,456,section,mouse2_slice79,3821,0.13247617604480877,0.17202687916869167,0.18087473608694352,0.1999545207069087,9.542062141186657
Mouse,GAT,456,section,mouse2_slice90,4886,0.16273140283071438,0.18263968466378278,0.15142536203500082,0.16681148857584147,9.223661195161197
Mouse,GAT,456,section,mouse2_slice99,5191,0.14552088097799654,0.17759201716817105,0.16628852581025533,0.18304147275622965,9.152541603664604
Mouse,GAT,789,section,mouse2_slice1,1687,0.15417516979576049,0.18646854502536392,0.1436192839734775,0.1672867090053043,14.147821529011225
Mouse,GAT,789,section,mouse2_slice10,1151,0.11725043412055555,0.17538180465316225,0.14721955561311612,0.16795776365278867,12.347275641597422
Mouse,GAT,789,section,mouse2_slice109,5137,0.13924568852081914,0.17255856511173928,0.16090073935968457,0.17527176224997032,8.199280195397362
Mouse,GAT,789,section,mouse2_slice119,4970,0.13902228904461955,0.17789477110222804,0.14560378007548183,0.15973881592727074,8.848842261498035
Mouse,GAT,789,section,mouse2_slice129,5091,0.16151144343204504,0.187628575165602,0.1487851106578533,0.1641399444684412,9.354720973199878
Mouse,GAT,789,section,mouse2_slice139,4155,0.12040354533969247,0.15262549468420727,0.17511774089266946,0.18983309086167585,7.751730692584522
Mouse,GAT,789,section,mouse2_slice151,5003,0.1340472537371137,0.17101184216355964,0.1456787541090503,0.1595228778858028,8.6784566328242
Mouse,GAT,789,section,mouse2_slice160,4477,0.12387437448641785,0.15638149429954715,0.1514819011347271,0.16607574569220218,8.787462911364978
Mouse,GAT,789,section,mouse2_slice169,5151,0.14496585944656995,0.17773786169067093,0.15943349894003625,0.1741706871229819,8.461348132903515
Mouse,GAT,789,section,mouse2_slice189,4365,0.13866450143595113,0.16576811475291608,0.14941326892714452,0.16211667036009975,7.835962461317502
Mouse,GAT,789,section,mouse2_slice20,659,0.12256519367292724,0.163809985476114,0.18032093022568835,0.21023067897206416,14.227109426950125
Mouse,GAT,789,section,mouse2_slice201,3719,0.13174578229843337,0.16271081769991352,0.18483107517146447,0.20048359439814864,7.8073815833525
Mouse,GAT,789,section,mouse2_slice209,4357,0.16343869602612401,0.1782964704134866,0.15634353078236793,0.17126211721383988,8.710966951812493
Mouse,GAT,789,section,mouse2_slice219,3526,0.1366667618040243,0.16469934210693743,0.16792991192807,0.18262115805505602,8.044657192764575
Mouse,GAT,789,section,mouse2_slice229,5016,0.13508910723167813,0.1737875625061587,0.1542456004964269,0.16851674715558368,8.468681540583558
Mouse,GAT,789,section,mouse2_slice249,4068,0.14648200696309663,0.16974010853629828,0.15983718333314578,0.17433107266466788,8.314002265907934
Mouse,GAT,789,section,mouse2_slice261,3527,0.11906279153007154,0.1517972659926294,0.1684265034199972,0.1923855640093087,12.453668606939877
Mouse,GAT,789,section,mouse2_slice270,4070,0.13814842783711054,0.15982026944644062,0.1653642185924351,0.1797338949469304,7.9949729897848085
Mouse,GAT,789,section,mouse2_slice280,3835,0.1294356461549232,0.15199941544282078,0.1785406917581133,0.19195005106265853,6.985858680583525
Mouse,GAT,789,section,mouse2_slice289,4319,0.14144417130309558,0.1576733651869187,0.16922952893976015,0.1817543692941949,6.891080749845152
Mouse,GAT,789,section,mouse2_slice300,3755,0.11842227574322774,0.15251990759566753,0.16357694477765092,0.1758448619670136,6.976557092503511
Mouse,GAT,789,section,mouse2_slice309,3240,0.13471827502327385,0.14795729249399633,0.16800160098654826,0.17955096182928468,6.432358103276239
Mouse,GAT,789,section,mouse2_slice31,2019,0.1597737913038755,0.19345087610566594,0.1383543877201349,0.1589067030898424,12.933573581277873
Mouse,GAT,789,section,mouse2_slice319,2764,0.1041455043250927,0.13596611260486946,0.18810855890752273,0.2041430766108532,7.854548863244681
Mouse,GAT,789,section,mouse2_slice40,3153,0.1426837545005555,0.17654752885952896,0.1622736820928724,0.18105929047335823,10.375390476441758
Mouse,GAT,789,section,mouse2_slice50,2876,0.16104442588904477,0.17935783907047273,0.16019991559118263,0.17966330454244359,10.833257798986395
Mouse,GAT,789,section,mouse2_slice61,3270,0.1596254945651416,0.18657570056421044,0.14832405197590326,0.16677540681185674,11.063594560299222
Mouse,GAT,789,section,mouse2_slice70,3999,0.15315924584260937,0.19061203002317423,0.16099667787632888,0.1805745414718342,10.841984388236165
Mouse,GAT,789,section,mouse2_slice79,3821,0.13188899702659765,0.17170806253319335,0.18040759485378535,0.1999545207069087,9.775685882978873
Mouse,GAT,789,section,mouse2_slice90,4886,0.1523353479953229,0.17459274444885395,0.15246060074034773,0.16681148857584147,8.603057234255811
Mouse,GAT,789,section,mouse2_slice99,5191,0.14080795450972058,0.1743892606387147,0.16654960836466418,0.18304147275622965,9.009905866267236
Mouse,LightGBM,123,section,mouse2_slice1,1687,0.12340061147075816,0.15572430072633048,0.14863051541084274,0.1672867090053043,11.152227039070995
Mouse,LightGBM,123,section,mouse2_slice10,1151,0.09621455594919218,0.13734973410472368,0.1521584757845536,0.16795776365278867,9.406702926157191
Mouse,LightGBM,123,section,mouse2_slice109,5137,0.11970985881010983,0.14777894402125563,0.16401124507989226,0.17527176224997032,6.424604297649768
Mouse,LightGBM,123,section,mouse2_slice119,4970,0.11463266382246409,0.14709619060705448,0.14947539609300006,0.15973881592727074,6.425125774654311
Mouse,LightGBM,123,section,mouse2_slice129,5091,0.13387830546804397,0.15847104197923417,0.1526656912886731,0.1641399444684412,6.990530682173001
Mouse,LightGBM,123,section,mouse2_slice139,4155,0.09442621065732591,0.12690691592484604,0.1788270369034026,0.18983309086167585,5.79775312529308
Mouse,LightGBM,123,section,mouse2_slice151,5003,0.11606754254939737,0.15087029808421637,0.14815000733414352,0.1595228778858028,7.129303772842384
Mouse,LightGBM,123,section,mouse2_slice160,4477,0.09547632557934418,0.12281138264113217,0.15455763585491297,0.16607574569220218,6.935455739958788
Mouse,LightGBM,123,section,mouse2_slice169,5151,0.13238150026024884,0.15584848646342145,0.1624620109305387,0.1741706871229819,6.722529712577695
Mouse,LightGBM,123,section,mouse2_slice189,4365,0.12511800295229458,0.14400581952511154,0.15228767791151002,0.16211667036009975,6.06291285575827
Mouse,LightGBM,123,section,mouse2_slice20,659,0.08222954265830536,0.12029639495059938,0.18875958901418177,0.21023067897206416,10.21310974348111
Mouse,LightGBM,123,section,mouse2_slice201,3719,0.12719327281828283,0.14317303040139087,0.1885828077129909,0.20048359439814864,5.936040163727056
Mouse,LightGBM,123,section,mouse2_slice209,4357,0.13003278392677547,0.15484477667207483,0.1592699985707574,0.17126211721383988,7.0022015599100556
Mouse,LightGBM,123,section,mouse2_slice219,3526,0.11454130336359608,0.14244247752599942,0.17136328120084998,0.18262115805505602,6.164607088304664
Mouse,LightGBM,123,section,mouse2_slice229,5016,0.12472398301192686,0.1487675787986117,0.1571976633609842,0.16851674715558368,6.716889558845503
Mouse,LightGBM,123,section,mouse2_slice249,4068,0.14363138063126735,0.1564830674255962,0.16180295335362593,0.17433107266466788,7.186394897678524
Mouse,LightGBM,123,section,mouse2_slice261,3527,0.10465981312218234,0.12254760926108696,0.17201620156370773,0.1923855640093087,10.587781131340698
Mouse,LightGBM,123,section,mouse2_slice270,4070,0.13689588041517597,0.1536393060022935,0.16655927069052862,0.1797338949469304,7.330072193835137
Mouse,LightGBM,123,section,mouse2_slice280,3835,0.10697350363945934,0.12985649844533514,0.1806290229505175,0.19195005106265853,5.897903152130711
Mouse,LightGBM,123,section,mouse2_slice289,4319,0.12547625522395836,0.14053149364533649,0.17120093953983392,0.1817543692941949,5.806424239121738
Mouse,LightGBM,123,section,mouse2_slice300,3755,0.10221433630633628,0.133674106998564,0.1656060781613956,0.1758448619670136,5.822623243628621
Mouse,LightGBM,123,section,mouse2_slice309,3240,0.1156761152300658,0.1296421140077799,0.1703143561913705,0.17955096182928468,5.1442807901503915
Mouse,LightGBM,123,section,mouse2_slice31,2019,0.13584771505037774,0.16533275559336058,0.1423952256964486,0.1589067030898424,10.390673944105785
Mouse,LightGBM,123,section,mouse2_slice319,2764,0.07570865637612935,0.11069010061677445,0.19103774778446986,0.2041430766108532,6.419678317754233
Mouse,LightGBM,123,section,mouse2_slice40,3153,0.112360611280964,0.14219359818074298,0.16611596664967723,0.18105929047335823,8.253276473476415
Mouse,LightGBM,123,section,mouse2_slice50,2876,0.11436041982779709,0.15324014485501086,0.16382973289293729,0.17966330454244359,8.812913516107441
Mouse,LightGBM,123,section,mouse2_slice61,3270,0.1183386775851338,0.15349418680988883,0.15284686245792625,0.16677540681185674,8.35167763652563
Mouse,LightGBM,123,section,mouse2_slice70,3999,0.1271051783428868,0.16080910082997163,0.16524706948740353,0.1805745414718342,8.488168852319326
Mouse,LightGBM,123,section,mouse2_slice79,3821,0.11342157690274504,0.1452774343927819,0.18520620944706567,0.1999545207069087,7.375832868245542
Mouse,LightGBM,123,section,mouse2_slice90,4886,0.12380555452438938,0.154780186783042,0.15486050713692726,0.16681148857584147,7.16436352252839
Mouse,LightGBM,123,section,mouse2_slice99,5191,0.1110978032883611,0.14339512124936943,0.1705873277421713,0.18304147275622965,6.804001752457746
Mouse,LightGBM,456,section,mouse2_slice1,1687,0.11889085411555203,0.15531941206381153,0.14870725720160385,0.1672867090053043,11.106352629073077
Mouse,LightGBM,456,section,mouse2_slice10,1151,0.08725987234147392,0.13473858378595646,0.15235631678732384,0.16795776365278867,9.28891081076608
Mouse,LightGBM,456,section,mouse2_slice109,5137,0.1195595511526826,0.14867708309434816,0.1639897856563994,0.17527176224997032,6.436847812074095
Mouse,LightGBM,456,section,mouse2_slice119,4970,0.10892220460151289,0.14587958879352048,0.1495225889119458,0.15973881592727074,6.395582035600152
Mouse,LightGBM,456,section,mouse2_slice129,5091,0.13148357771551825,0.1576828083886548,0.1526572812780751,0.1641399444684412,6.995654365274774
Mouse,LightGBM,456,section,mouse2_slice139,4155,0.09199653348118642,0.12614965543324796,0.17880120920693113,0.18983309086167585,5.811358601743071
Mouse,LightGBM,456,section,mouse2_slice151,5003,0.11835090870972312,0.1499160447642573,0.14817394100150352,0.1595228778858028,7.114300490756956
Mouse,LightGBM,456,section,mouse2_slice160,4477,0.09471398818001087,0.12461420394162394,0.15453678452574876,0.16607574569220218,6.948011052642948
Mouse,LightGBM,456,section,mouse2_slice169,5151,0.1268013558619508,0.15667613092218452,0.16236210486572322,0.1741706871229819,6.779890722323809
Mouse,LightGBM,456,section,mouse2_slice189,4365,0.12277545969962478,0.1425632352846256,0.15223726879585534,0.16211667036009975,6.094007200061491
Mouse,LightGBM,456,section,mouse2_slice20,659,0.08989516176450522,0.12046150486679777,0.1888488478759701,0.21023067897206416,10.170652162016435
Mouse,LightGBM,456,section,mouse2_slice201,3719,0.12626157578801206,0.14397732600812826,0.1884284338347087,0.20048359439814864,6.013040917202992
Mouse,LightGBM,456,section,mouse2_slice209,4357,0.12804978905436734,0.1542961651433692,0.15926226708300723,0.17126211721383988,7.0067159778537045
Mouse,LightGBM,456,section,mouse2_slice219,3526,0.11229804801026833,0.143379564578725,0.17123581298897694,0.18262115805505602,6.234406345537837
Mouse,LightGBM,456,section,mouse2_slice229,5016,0.1259360282028165,0.1495670212415522,0.15712947465274196,0.16851674715558368,6.757353613245562
Mouse,LightGBM,456,section,mouse2_slice249,4068,0.13641999647422565,0.1571605204011008,0.16171764544101777,0.17433107266466788,7.235329325319113
Mouse,LightGBM,456,section,mouse2_slice261,3527,0.10156972019092707,0.1232203756611304,0.17188736067594607,0.1923855640093087,10.654751274565918
Mouse,LightGBM,456,section,mouse2_slice270,4070,0.12634490748635446,0.15175826797925407,0.16657768262851017,0.1797338949469304,7.3198281950685145
Mouse,LightGBM,456,section,mouse2_slice280,3835,0.10678534738233324,0.13035747347480778,0.18060478093187118,0.19195005106265853,5.910532489040031
Mouse,LightGBM,456,section,mouse2_slice289,4319,0.11860441018223694,0.13949640040060787,0.1711852331205454,0.1817543692941949,5.815065802650324
Mouse,LightGBM,456,section,mouse2_slice300,3755,0.09893476860697509,0.1338738083915378,0.16555608783266246,0.1758448619670136,5.851051898395069
Mouse,LightGBM,456,section,mouse2_slice309,3240,0.11337766050292834,0.1288326341579196,0.17027509252487244,0.17955096182928468,5.166148490606045
Mouse,LightGBM,456,section,mouse2_slice31,2019,0.14025091917574228,0.16436454590704092,0.14248874579337242,0.1589067030898424,10.33182174019911
Mouse,LightGBM,456,section,mouse2_slice319,2764,0.07798160530366614,0.11083521040732397,0.19097757398702137,0.2041430766108532,6.449154603919552
Mouse,LightGBM,456,section,mouse2_slice40,3153,0.10986780772075751,0.14147881698034545,0.16615976878998226,0.18105929047335823,8.229084320623882
Mouse,LightGBM,456,section,mouse2_slice50,2876,0.12110675738834419,0.1524139931309014,0.16378741656416074,0.17966330454244359,8.836466644490736
Mouse,LightGBM,456,section,mouse2_slice61,3270,0.12223876980553978,0.15478852437431403,0.15287895152634182,0.16677540681185674,8.332436749017699
Mouse,LightGBM,456,section,mouse2_slice70,3999,0.13086087802095714,0.16155349949031597,0.16527428027430868,0.1805745414718342,8.473099847196352
Mouse,LightGBM,456,section,mouse2_slice79,3821,0.10804765325622492,0.144736604797811,0.18519114403407277,0.1999545207069087,7.383367288042421
Mouse,LightGBM,456,section,mouse2_slice90,4886,0.12054264305731231,0.15399355842569135,0.1548998772994561,0.16681148857584147,7.14076193317448
Mouse,LightGBM,456,section,mouse2_slice99,5191,0.10907867328716653,0.14362192136773116,0.17058541563573118,0.18304147275622965,6.8050463826234395
Mouse,LightGBM,789,section,mouse2_slice1,1687,0.11890740013310215,0.15581226095784775,0.14870540487041217,0.1672867090053043,11.107459908427606
Mouse,LightGBM,789,section,mouse2_slice10,1151,0.09806839180318175,0.13906628364959753,0.15207984528031523,0.16795776365278867,9.453518567499573
Mouse,LightGBM,789,section,mouse2_slice109,5137,0.12141455417841941,0.1494352522547888,0.16390379233370006,0.17527176224997032,6.485910662584328
Mouse,LightGBM,789,section,mouse2_slice119,4970,0.11143080820919957,0.1469413306264781,0.14950522279706743,0.15973881592727074,6.406453604152578
Mouse,LightGBM,789,section,mouse2_slice129,5091,0.12973271744897835,0.15824739408549743,0.1526288194824614,0.1641399444684412,7.0129943221669695
Mouse,LightGBM,789,section,mouse2_slice139,4155,0.09598034258698414,0.12586132271176775,0.17885592040632436,0.18983309086167585,5.782537915557688
Mouse,LightGBM,789,section,mouse2_slice151,5003,0.11144810503126744,0.15024232138545363,0.148133026793534,0.1595228778858028,7.139948353002033
Mouse,LightGBM,789,section,mouse2_slice160,4477,0.09285653229357727,0.12428230427712474,0.15455632203490274,0.16607574569220218,6.936246836819299
Mouse,LightGBM,789,section,mouse2_slice169,5151,0.13199276963810774,0.15656738279460355,0.16233162822826472,0.1741706871229819,6.797388866220419
Mouse,LightGBM,789,section,mouse2_slice189,4365,0.12336313337377709,0.14441695364472962,0.15227333192451614,0.16211667036009975,6.071762030221324
Mouse,LightGBM,789,section,mouse2_slice20,659,0.07945999410365757,0.1172644473470213,0.18895581414373472,0.21023067897206416,10.119771734722157
Mouse,LightGBM,789,section,mouse2_slice201,3719,0.11956272540148659,0.14355781601655535,0.18850176966271676,0.20048359439814864,5.976461451322897
Mouse,LightGBM,789,section,mouse2_slice209,4357,0.1307754835967897,0.15439892210488124,0.15927277948716712,0.17126211721383988,7.000577782010443
Mouse,LightGBM,789,section,mouse2_slice219,3526,0.11371646579515304,0.14286980423021606,0.17129812994134253,0.18262115805505602,6.200282724250315
Mouse,LightGBM,789,section,mouse2_slice229,5016,0.12362704086635658,0.14920431876246185,0.157140715155338,0.16851674715558368,6.750683354778208
Mouse,LightGBM,789,section,mouse2_slice249,4068,0.13839620508955905,0.1564642511057771,0.16176761234987042,0.17433107266466788,7.206667246844584
Mouse,LightGBM,789,section,mouse2_slice261,3527,0.10148597727366215,0.12290378093242131,0.1719425135428727,0.1923855640093087,10.62608339233127
Mouse,LightGBM,789,section,mouse2_slice270,4070,0.1313095352038647,0.1529242698608135,0.1665676038535814,0.1797338949469304,7.325435804546814
Mouse,LightGBM,789,section,mouse2_slice280,3835,0.1091359170304393,0.1299027154951799,0.18065173413700927,0.19195005106265853,5.8860713311095365
Mouse,LightGBM,789,section,mouse2_slice289,4319,0.11835106584208857,0.13955132940790477,0.17113279268070974,0.1817543692941949,5.843918170843335
Mouse,LightGBM,789,section,mouse2_slice300,3755,0.10133825657199223,0.13369516479774246,0.16557775618929396,0.1758448619670136,5.838729470324613
Mouse,LightGBM,789,section,mouse2_slice309,3240,0.1189315465191414,0.13054689751406742,0.17027279801459408,0.17955096182928468,5.167426406499658
Mouse,LightGBM,789,section,mouse2_slice31,2019,0.13330805201510487,0.16441499940710708,0.1423950673219941,0.1589067030898424,10.39077360916171
Mouse,LightGBM,789,section,mouse2_slice319,2764,0.0741653744354673,0.11020014650878542,0.19099264407654554,0.2041430766108532,6.441772482627781
Mouse,LightGBM,789,section,mouse2_slice40,3153,0.10677378234571512,0.14084445710922985,0.16618581567069687,0.18105929047335823,8.214698491182865
Mouse,LightGBM,789,section,mouse2_slice50,2876,0.11875246779386604,0.1542744001329402,0.16378219014530448,0.17966330454244359,8.839375651908561
Mouse,LightGBM,789,section,mouse2_slice61,3270,0.11890212413740237,0.15463419662769634,0.1527920341080313,0.16677540681185674,8.384553197103234
Mouse,LightGBM,789,section,mouse2_slice70,3999,0.1246784988657996,0.16226756976921045,0.16522089898213146,0.1805745414718342,8.502661762038896
Mouse,LightGBM,789,section,mouse2_slice79,3821,0.10742413077733996,0.14559131012576063,0.18517004796095107,0.1999545207069087,7.393917723735063
Mouse,LightGBM,789,section,mouse2_slice90,4886,0.12265767362996839,0.153313947455007,0.15483561164972567,0.16681148857584147,7.1792878466346846
Mouse,LightGBM,789,section,mouse2_slice99,5191,0.10744006339069205,0.14350854070352545,0.17055787106979892,0.18304147275622965,6.820094647651849
Mouse,SPICE_adapted,123,section,mouse2_slice1,1687,0.14101772390898912,0.18726204121214723,0.14310917515425872,0.1672867090053043,14.452752400239369
Mouse,SPICE_adapted,123,section,mouse2_slice10,1151,0.12160199568169652,0.17824638326172393,0.14623019622000544,0.16795776365278867,12.936328134077575
Mouse,SPICE_adapted,123,section,mouse2_slice109,5137,0.14273995660601452,0.17476562901205403,0.1610065649313996,0.17527176224997032,8.138902202755235
Mouse,SPICE_adapted,123,section,mouse2_slice119,4970,0.14027006735788533,0.17619126680820468,0.1461724587565353,0.15973881592727074,8.492836942595211
Mouse,SPICE_adapted,123,section,mouse2_slice129,5091,0.1589342958256078,0.18991441150794797,0.14842795136614914,0.1641399444684412,9.57231535149749
Mouse,SPICE_adapted,123,section,mouse2_slice139,4155,0.12131301859431144,0.15524284335365962,0.17514565740187396,0.18983309086167585,7.737024874395611
Mouse,SPICE_adapted,123,section,mouse2_slice151,5003,0.1428337113323513,0.17485820594016965,0.14538201026683095,0.1595228778858028,8.864476247159264
Mouse,SPICE_adapted,123,section,mouse2_slice160,4477,0.12379651427589716,0.16074300605914046,0.15083582733364304,0.16607574569220218,9.176486485151283
Mouse,SPICE_adapted,123,section,mouse2_slice169,5151,0.15758502671275273,0.18370918647704543,0.158929521890675,0.1741706871229819,8.7507062664024
Mouse,SPICE_adapted,123,section,mouse2_slice189,4365,0.1541434959528976,0.1770756600642325,0.14817881722251397,0.16211667036009975,8.59742129333553
Mouse,SPICE_adapted,123,section,mouse2_slice20,659,0.11509251650631057,0.1504529127011709,0.18233023922350006,0.21023067897206416,13.271345497709946
Mouse,SPICE_adapted,123,section,mouse2_slice201,3719,0.15092729957227127,0.17367450903600445,0.18386342096798208,0.20048359439814864,8.290041626628003
Mouse,SPICE_adapted,123,section,mouse2_slice209,4357,0.1745302948238742,0.19031020531758125,0.1553555624155383,0.17126211721383988,9.287841968250614
Mouse,SPICE_adapted,123,section,mouse2_slice219,3526,0.14308423057730624,0.1751158688344025,0.16641816666158588,0.18262115805505602,8.87246120111961
Mouse,SPICE_adapted,123,section,mouse2_slice229,5016,0.1486473634223594,0.17993171398428628,0.15371054748125568,0.16851674715558368,8.78618886504979
Mouse,SPICE_adapted,123,section,mouse2_slice249,4068,0.1658064685927986,0.18777849863655163,0.15780655510751304,0.17433107266466788,9.478813675941952
Mouse,SPICE_adapted,123,section,mouse2_slice261,3527,0.12932350804234127,0.1586719476744803,0.16830442502235352,0.1923855640093087,12.517123678671657
Mouse,SPICE_adapted,123,section,mouse2_slice270,4070,0.150873895854225,0.1752528323528073,0.16427424366839616,0.1797338949469304,8.601411149020604
Mouse,SPICE_adapted,123,section,mouse2_slice280,3835,0.13401818843853125,0.1639010688122508,0.1775264835185823,0.19195005106265853,7.51422959474385
Mouse,SPICE_adapted,123,section,mouse2_slice289,4319,0.13872318096352165,0.16534913242899943,0.1688067254794005,0.1817543692941949,7.123704296669099
Mouse,SPICE_adapted,123,section,mouse2_slice300,3755,0.11273640029445667,0.15060199061188737,0.1647796953766402,0.1758448619670136,6.292573161704947
Mouse,SPICE_adapted,123,section,mouse2_slice309,3240,0.13623675970155177,0.1534377113087964,0.16783638305837642,0.17955096182928468,6.524375392678963
Mouse,SPICE_adapted,123,section,mouse2_slice31,2019,0.16158967789901513,0.19689329317777307,0.1372010476191719,0.1589067030898424,13.659370592062812
Mouse,SPICE_adapted,123,section,mouse2_slice319,2764,0.10987940503879627,0.14358142565788926,0.1872041123625227,0.2041430766108532,8.297594280221574
Mouse,SPICE_adapted,123,section,mouse2_slice40,3153,0.137869304766648,0.18121735130328787,0.16081595922905467,0.18105929047335823,11.180498493824729
Mouse,SPICE_adapted,123,section,mouse2_slice50,2876,0.1622817741778778,0.18393804126188823,0.15930486366613952,0.17966330454244359,11.331440734740895
Mouse,SPICE_adapted,123,section,mouse2_slice61,3270,0.16222526999873849,0.19077002907899612,0.14762368753769828,0.16677540681185674,11.483539234153382
Mouse,SPICE_adapted,123,section,mouse2_slice70,3999,0.15625697880760195,0.19882865708441233,0.15944612361093768,0.1805745414718342,11.70066261206156
Mouse,SPICE_adapted,123,section,mouse2_slice79,3821,0.12731926778849778,0.1687233224343087,0.1816201051409379,0.1999545207069087,9.169292847769707
Mouse,SPICE_adapted,123,section,mouse2_slice90,4886,0.15214365123062182,0.1802130608479667,0.15183678199678344,0.16681148857584147,8.977023529317476
Mouse,SPICE_adapted,123,section,mouse2_slice99,5191,0.14063627798310385,0.17637814891061593,0.16634130826795424,0.18304147275622965,9.12370526570025
Mouse,SPICE_adapted,456,section,mouse2_slice1,1687,0.14804059415245116,0.1895377502930961,0.14280507952971447,0.1672867090053043,14.63453350308516
Mouse,SPICE_adapted,456,section,mouse2_slice10,1151,0.12143478680768709,0.1728646277601499,0.1470096833002392,0.16795776365278867,12.472231052000943
Mouse,SPICE_adapted,456,section,mouse2_slice109,5137,0.14485174438756238,0.17297773794234952,0.16136933198710302,0.17527176224997032,7.931928157965264
Mouse,SPICE_adapted,456,section,mouse2_slice119,4970,0.141663131439155,0.1761818405779232,0.14615901687237864,0.15973881592727074,8.501251856702739
Mouse,SPICE_adapted,456,section,mouse2_slice129,5091,0.169541933545561,0.19234706685410807,0.14808446390833493,0.1641399444684412,9.781580353338802
Mouse,SPICE_adapted,456,section,mouse2_slice139,4155,0.12002825692374698,0.15686242247903134,0.17534070792964135,0.18983309086167585,7.634276440557221
Mouse,SPICE_adapted,456,section,mouse2_slice151,5003,0.14618756149032114,0.17740104463826667,0.1452395383705691,0.1595228778858028,8.953787509687904
Mouse,SPICE_adapted,456,section,mouse2_slice160,4477,0.12438002017839338,0.1596494899369105,0.15109159956121646,0.16607574569220218,9.022477104367008
Mouse,SPICE_adapted,456,section,mouse2_slice169,5151,0.15963557514631327,0.18295292271020094,0.15914987324468202,0.1741706871229819,8.624191663028625
Mouse,SPICE_adapted,456,section,mouse2_slice189,4365,0.15517150650668646,0.1790078472050474,0.14811555379665847,0.16211667036009975,8.636444686620726
Mouse,SPICE_adapted,456,section,mouse2_slice20,659,0.12118289378316364,0.15391405729357918,0.1816054515204081,0.21023067897206416,13.616103792092026
Mouse,SPICE_adapted,456,section,mouse2_slice201,3719,0.1473734652914591,0.1708084421094941,0.18437156020767495,0.20048359439814864,8.036584858148617
Mouse,SPICE_adapted,456,section,mouse2_slice209,4357,0.17024425352428504,0.18855417039224728,0.1558717352886449,0.17126211721383988,8.98644847767377
Mouse,SPICE_adapted,456,section,mouse2_slice219,3526,0.1505094251428637,0.1779085695761808,0.16651698137899432,0.18262115805505602,8.81835207243987
Mouse,SPICE_adapted,456,section,mouse2_slice229,5016,0.15627966519992748,0.18075990370372233,0.15393182309524062,0.16851674715558368,8.65488107652439
Mouse,SPICE_adapted,456,section,mouse2_slice249,4068,0.1734703142575249,0.1887076381847157,0.15792969923619044,0.17433107266466788,9.408175592440747
Mouse,SPICE_adapted,456,section,mouse2_slice261,3527,0.12489345125090037,0.16057984021749458,0.16827122596999694,0.1923855640093087,12.534380198165474
Mouse,SPICE_adapted,456,section,mouse2_slice270,4070,0.1589381208221777,0.17276507456631465,0.16480669669029102,0.1797338949469304,8.305165957176248
Mouse,SPICE_adapted,456,section,mouse2_slice280,3835,0.1388109426569185,0.16360231060643363,0.17765549124959562,0.19195005106265853,7.4470205837021135
Mouse,SPICE_adapted,456,section,mouse2_slice289,4319,0.1441733456298168,0.1657688294520369,0.1690194202250252,0.1817543692941949,7.006681115080322
Mouse,SPICE_adapted,456,section,mouse2_slice300,3755,0.12277229931718169,0.15366502799765688,0.1648779649796041,0.1758448619670136,6.23668889993884
Mouse,SPICE_adapted,456,section,mouse2_slice309,3240,0.13664919262705533,0.15748616637700327,0.16772697761945618,0.17955096182928468,6.585308198499443
Mouse,SPICE_adapted,456,section,mouse2_slice31,2019,0.15943682129707373,0.19655073057920655,0.13719551393064688,0.1589067030898424,13.662852942660637
Mouse,SPICE_adapted,456,section,mouse2_slice319,2764,0.11466490462049375,0.145285986878983,0.18706704580556807,0.2041430766108532,8.36473667820548
Mouse,SPICE_adapted,456,section,mouse2_slice40,3153,0.1416952127336336,0.1826266740875105,0.1604381712298034,0.18105929047335823,11.38915279610526
Mouse,SPICE_adapted,456,section,mouse2_slice50,2876,0.15611325365294318,0.1829476281001455,0.1595574828157126,0.17966330454244359,11.190833753133592
Mouse,SPICE_adapted,456,section,mouse2_slice61,3270,0.15906798709823422,0.19164257389721692,0.1475327041500575,0.16677540681185674,11.538093673192108
Mouse,SPICE_adapted,456,section,mouse2_slice70,3999,0.16440977999098946,0.2009581579293061,0.15886977640046646,0.1805745414718342,12.019836735818716
Mouse,SPICE_adapted,456,section,mouse2_slice79,3821,0.1347349034674509,0.1691297704991939,0.18150072966450123,0.1999545207069087,9.228994161855859
Mouse,SPICE_adapted,456,section,mouse2_slice90,4886,0.1545081808968759,0.18126218136161776,0.15173696421377952,0.16681148857584147,9.036862203413676
Mouse,SPICE_adapted,456,section,mouse2_slice99,5191,0.1457165294430092,0.17928314790379346,0.1661190519865331,0.18304147275622965,9.24512926763512
Mouse,SPICE_adapted,789,section,mouse2_slice1,1687,0.1464298558880177,0.19023834913392235,0.14238797092853894,0.1672867090053043,14.883871064721514
Mouse,SPICE_adapted,789,section,mouse2_slice10,1151,0.12082077213593671,0.1766654914348758,0.14635815949393044,0.16795776365278867,12.860140364520499
Mouse,SPICE_adapted,789,section,mouse2_slice109,5137,0.14839735551067762,0.17464348618052106,0.16112045575129885,0.17527176224997032,8.073922642763792
Mouse,SPICE_adapted,789,section,mouse2_slice119,4970,0.139418541397466,0.17727418791537497,0.14589093528287606,0.15973881592727074,8.669076807668109
Mouse,SPICE_adapted,789,section,mouse2_slice129,5091,0.1673999587599441,0.1926702700101565,0.14804607073226286,0.1641399444684412,9.80497086696205
Mouse,SPICE_adapted,789,section,mouse2_slice139,4155,0.11603881862333057,0.15096515023454563,0.1759657939005497,0.18983309086167585,7.304994560316532
Mouse,SPICE_adapted,789,section,mouse2_slice151,5003,0.1431047791831946,0.17445308150138325,0.14564226220671356,0.1595228778858028,8.70133228728856
Mouse,SPICE_adapted,789,section,mouse2_slice160,4477,0.1253818712125499,0.1592663764172993,0.1509156673345397,0.16607574569220218,9.12841203540914
Mouse,SPICE_adapted,789,section,mouse2_slice169,5151,0.16159596823523434,0.18339652781856486,0.1592063923231938,0.1741706871229819,8.591741266555259
Mouse,SPICE_adapted,789,section,mouse2_slice189,4365,0.15087742135372553,0.17582052147601224,0.148342158293342,0.16211667036009975,8.49666603450546
Mouse,SPICE_adapted,789,section,mouse2_slice20,659,0.10536460034180098,0.15117029584387878,0.18294963727400249,0.21023067897206416,12.976717685284566
Mouse,SPICE_adapted,789,section,mouse2_slice201,3719,0.13716406197031086,0.16842698078246524,0.18481657930079942,0.20048359439814864,7.814612035653883
Mouse,SPICE_adapted,789,section,mouse2_slice209,4357,0.17153932873872543,0.18938473836875996,0.15544652406529508,0.17126211721383988,9.234729434529456
Mouse,SPICE_adapted,789,section,mouse2_slice219,3526,0.1413607356056929,0.1742400484612346,0.16685170193486087,0.18262115805505602,8.63506522910178
Mouse,SPICE_adapted,789,section,mouse2_slice229,5016,0.14690157631362408,0.1782773012404381,0.15434059523563692,0.16851674715558368,8.412310443459114
Mouse,SPICE_adapted,789,section,mouse2_slice249,4068,0.17110320343493193,0.1899989185857946,0.15780679510961074,0.17433107266466788,9.478676005649417
Mouse,SPICE_adapted,789,section,mouse2_slice261,3527,0.13083172317001646,0.1578038226125726,0.16848969469095093,0.1923855640093087,12.420822446533226
Mouse,SPICE_adapted,789,section,mouse2_slice270,4070,0.1600585979322929,0.17305425583137066,0.16474812767577057,0.1797338949469304,8.337752473224173
Mouse,SPICE_adapted,789,section,mouse2_slice280,3835,0.14211280053371741,0.16524777076549782,0.17750413212152003,0.19195005106265853,7.5258739766747516
Mouse,SPICE_adapted,789,section,mouse2_slice289,4319,0.1427461092523971,0.164178301736527,0.16936216459608688,0.1817543692941949,6.81810552683303
Mouse,SPICE_adapted,789,section,mouse2_slice300,3755,0.12270093553044302,0.1530045911138931,0.16472985209140406,0.1758448619670136,6.320918195320713
Mouse,SPICE_adapted,789,section,mouse2_slice309,3240,0.13645106619417008,0.15444009021274727,0.16780319311880235,0.17955096182928468,6.542860361645947
Mouse,SPICE_adapted,789,section,mouse2_slice31,2019,0.1696891203697957,0.2003220381259193,0.13666793292255716,0.1589067030898424,13.994859710047553
Mouse,SPICE_adapted,789,section,mouse2_slice319,2764,0.11687481356754549,0.14259483888876112,0.18769952910337645,0.2041430766108532,8.0549131425222
Mouse,SPICE_adapted,789,section,mouse2_slice40,3153,0.13992417481392896,0.180464834569921,0.16102780230139127,0.18105929047335823,11.063496448923992
Mouse,SPICE_adapted,789,section,mouse2_slice50,2876,0.15550165792693982,0.18350520517350002,0.15939651465224575,0.17966330454244359,11.280428099556639
Mouse,SPICE_adapted,789,section,mouse2_slice61,3270,0.15474569390622547,0.1893617893151771,0.14769617708451233,0.16677540681185674,11.440073864648483
Mouse,SPICE_adapted,789,section,mouse2_slice70,3999,0.1608803241330486,0.20261193095618887,0.1588449498718757,0.1805745414718342,12.0335853674854
Mouse,SPICE_adapted,789,section,mouse2_slice79,3821,0.12608229897236864,0.16723936362863218,0.18218685486779784,0.1999545207069087,8.885853531240997
Mouse,SPICE_adapted,789,section,mouse2_slice90,4886,0.15344411164338106,0.1799585121203356,0.1515886133652815,0.16681148857584147,9.125795435629616
Mouse,SPICE_adapted,789,section,mouse2_slice99,5191,0.14393792693891577,0.17684624555233938,0.16637903497408582,0.18304147275622965,9.103094250303846
Mouse,GITIII_official,123,section,mouse2_slice1,1687,0.22606775388577216,0.24497303230798245,0.138316696309553,0.1672867090053043,17.317581813886193
Mouse,GITIII_official,123,section,mouse2_slice10,1151,0.22109935509920461,0.23697031723507186,0.14195902151211592,0.16795776365278867,15.47933336051004
Mouse,GITIII_official,123,section,mouse2_slice109,5137,0.21981008550401995,0.2392391907606375,0.15495914583737758,0.17527176224997032,11.589212176473211
Mouse,GITIII_official,123,section,mouse2_slice119,4970,0.233389221262815,0.24735145396648256,0.1397289077223642,0.15973881592727074,12.526641122729407
Mouse,GITIII_official,123,section,mouse2_slice129,5091,0.2462417652016679,0.25640002042376503,0.14225866062282275,0.1641399444684412,13.330870749639807
Mouse,GITIII_official,123,section,mouse2_slice139,4155,0.2071427017977921,0.21388799323734192,0.16950186890866972,0.18983309086167585,10.71005158306184
Mouse,GITIII_official,123,section,mouse2_slice151,5003,0.23350228428352157,0.24139301594466692,0.13979988444188537,0.1595228778858028,12.363739737717411
Mouse,GITIII_official,123,section,mouse2_slice160,4477,0.2245318527330544,0.23241270136863051,0.14477902461205233,0.16607574569220218,12.82349869415628
Mouse,GITIII_official,123,section,mouse2_slice169,5151,0.22324090561991816,0.24090137584248233,0.15316151878283016,0.1741706871229819,12.062401938689696
Mouse,GITIII_official,123,section,mouse2_slice189,4365,0.2313432653790908,0.24333963974584236,0.142096226586787,0.16211667036009975,12.34940473971157
Mouse,GITIII_official,123,section,mouse2_slice20,659,0.21390396965294686,0.22535862397146494,0.17349437027657844,0.21023067897206416,17.47428533033816
Mouse,GITIII_official,123,section,mouse2_slice201,3719,0.23033687482899015,0.23038886220341,0.1777231610845811,0.20048359439814864,11.352765986610681
Mouse,GITIII_official,123,section,mouse2_slice209,4357,0.24334525666195242,0.25156953843398755,0.14927859998446583,0.17126211721383988,12.83618209736668
Mouse,GITIII_official,123,section,mouse2_slice219,3526,0.22590269831908083,0.2379993604152961,0.1604459412643828,0.18262115805505602,12.142742400082646
Mouse,GITIII_official,123,section,mouse2_slice229,5016,0.23367835382734373,0.2389966049955357,0.1480029405394602,0.16851674715558368,12.173156058598762
Mouse,GITIII_official,123,section,mouse2_slice249,4068,0.24892307015572723,0.2544239790604988,0.15098858639964838,0.17433107266466788,13.38974510293963
Mouse,GITIII_official,123,section,mouse2_slice261,3527,0.23549345790618567,0.24377992751976918,0.15875957198132223,0.1923855640093087,17.478438260762353
Mouse,GITIII_official,123,section,mouse2_slice270,4070,0.23236814135596426,0.24608817519032355,0.15676882756703947,0.1797338949469304,12.777260174922372
Mouse,GITIII_official,123,section,mouse2_slice280,3835,0.22861506873503873,0.23601361580598232,0.16969379403751406,0.19195005106265853,11.594816933848756
Mouse,GITIII_official,123,section,mouse2_slice289,4319,0.21429741958961815,0.22713501742406564,0.1619938567645313,0.1817543692941949,10.872097659274663
Mouse,GITIII_official,123,section,mouse2_slice300,3755,0.21273310393391254,0.22198212120510216,0.15703698543780634,0.1758448619670136,10.695721398294486
Mouse,GITIII_official,123,section,mouse2_slice309,3240,0.2063419551485692,0.21938948314159157,0.16072018316958187,0.17955096182928468,10.48770692612994
Mouse,GITIII_official,123,section,mouse2_slice31,2019,0.25229244602560685,0.26385484251284197,0.13017220172718932,0.1589067030898424,18.082623831423412
Mouse,GITIII_official,123,section,mouse2_slice319,2764,0.19430537859575842,0.20233999499370692,0.18102378927684282,0.2041430766108532,11.32504110246239
Mouse,GITIII_official,123,section,mouse2_slice40,3153,0.24217251038551646,0.25313355341160204,0.15366587878047244,0.18105929047335823,15.129525594223265
Mouse,GITIII_official,123,section,mouse2_slice50,2876,0.2327546333892745,0.24919627756433121,0.15304809432464334,0.17966330454244359,14.813937818622655
Mouse,GITIII_official,123,section,mouse2_slice61,3270,0.24434196774094796,0.2569962482256145,0.1415325456008151,0.16677540681185674,15.13584148502105
Mouse,GITIII_official,123,section,mouse2_slice70,3999,0.2610228734628888,0.27102460143852075,0.1518306733713682,0.1805745414718342,15.918006971624749
Mouse,GITIII_official,123,section,mouse2_slice79,3821,0.2259195612286056,0.2351297472815996,0.17324281728609472,0.1999545207069087,13.35888947465594
Mouse,GITIII_official,123,section,mouse2_slice90,4886,0.25074341931848665,0.2581448350285874,0.14447428674052237,0.16681148857584147,13.390685513344245
Mouse,GITIII_official,123,section,mouse2_slice99,5191,0.23785966994902427,0.24712068276765473,0.15918090685858552,0.18304147275622965,13.035606378353977
Mouse,GITIII_official,456,section,mouse2_slice1,1687,0.21489949365014485,0.24079430437022178,0.1399548218987894,0.1672867090053043,16.33834945348124
Mouse,GITIII_official,456,section,mouse2_slice10,1151,0.22340312433322715,0.23126700350544244,0.14360214814109956,0.16795776365278867,14.501035844962987
Mouse,GITIII_official,456,section,mouse2_slice109,5137,0.23202914982824152,0.24038035528517795,0.15476791323211467,0.17527176224997032,11.698318516711966
Mouse,GITIII_official,456,section,mouse2_slice119,4970,0.23019537914058757,0.24594155779763804,0.13990901452477258,0.15973881592727074,12.41389031675724
Mouse,GITIII_official,456,section,mouse2_slice129,5091,0.24255935528852945,0.2560191860984788,0.14257901987997665,0.1641399444684412,13.135696285440146
Mouse,GITIII_official,456,section,mouse2_slice139,4155,0.20581656083157157,0.21469841011720953,0.16919547031321863,0.18983309086167585,10.871455790336922
Mouse,GITIII_official,456,section,mouse2_slice151,5003,0.22430933361626093,0.2387126055481761,0.14012310551011348,0.1595228778858028,12.161122362384278
Mouse,GITIII_official,456,section,mouse2_slice160,4477,0.21083181946640495,0.22808038313802242,0.1451290414960743,0.16607574569220218,12.612741318018594
Mouse,GITIII_official,456,section,mouse2_slice169,5151,0.22728534177497697,0.24139998443760868,0.15309002840617833,0.1741706871229819,12.103448097393398
Mouse,GITIII_official,456,section,mouse2_slice189,4365,0.2306445943240822,0.23975483043258017,0.1426115508007816,0.16211667036009975,12.031532300776115
Mouse,GITIII_official,456,section,mouse2_slice20,659,0.2205429536864242,0.2272549192672408,0.1740960442359684,0.21023067897206416,17.188088300327188
Mouse,GITIII_official,456,section,mouse2_slice201,3719,0.22933626112458042,0.22937032722671521,0.17757926281608707,0.20048359439814864,11.424541569508628
Mouse,GITIII_official,456,section,mouse2_slice209,4357,0.23641487929608063,0.24837852194311896,0.14964633874865663,0.17126211721383988,12.621459326112118
Mouse,GITIII_official,456,section,mouse2_slice219,3526,0.2217272357855667,0.2337842346436848,0.16071426947939352,0.18262115805505602,11.995810786096367
Mouse,GITIII_official,456,section,mouse2_slice229,5016,0.2311208307018535,0.2403983056421321,0.14760838065148757,0.16851674715558368,12.407292958718457
Mouse,GITIII_official,456,section,mouse2_slice249,4068,0.2446973593988718,0.24983631112433619,0.15162223879125833,0.17433107266466788,13.026268654407243
Mouse,GITIII_official,456,section,mouse2_slice261,3527,0.23100097544805082,0.24147945981155985,0.15939239620955128,0.1923855640093087,17.149502858832495
Mouse,GITIII_official,456,section,mouse2_slice270,4070,0.2403813245265216,0.24808285782832223,0.15669997094785082,0.1797338949469304,12.81557048873879
Mouse,GITIII_official,456,section,mouse2_slice280,3835,0.22060980110358544,0.23072661147223103,0.17040542219776056,0.19195005106265853,11.224080819788444
Mouse,GITIII_official,456,section,mouse2_slice289,4319,0.21767330085736178,0.22682151818530014,0.16211923498378705,0.1817543692941949,10.803115428067438
Mouse,GITIII_official,456,section,mouse2_slice300,3755,0.20645488748488766,0.21838749709602412,0.15754364648992608,0.1758448619670136,10.40759182404807
Mouse,GITIII_official,456,section,mouse2_slice309,3240,0.20176557505596157,0.2132423493130983,0.16198806908307065,0.17955096182928468,9.78156427973505
Mouse,GITIII_official,456,section,mouse2_slice31,2019,0.235659949933979,0.2532027788731813,0.13275318942074707,0.1589067030898424,16.45840808509424
Mouse,GITIII_official,456,section,mouse2_slice319,2764,0.18821432283885975,0.20245887795913142,0.18106762580917182,0.2041430766108532,11.303567666744273
Mouse,GITIII_official,456,section,mouse2_slice40,3153,0.23472504496604935,0.24686431940969658,0.15467518639960315,0.18105929047335823,14.572079678859303
Mouse,GITIII_official,456,section,mouse2_slice50,2876,0.24468842973056024,0.25015034598567,0.153168185746036,0.17966330454244359,14.747095331394387
Mouse,GITIII_official,456,section,mouse2_slice61,3270,0.2545917161771787,0.2564176921852349,0.14166509775501385,0.16677540681185674,15.056362048134847
Mouse,GITIII_official,456,section,mouse2_slice70,3999,0.25281169344300275,0.2658071434784718,0.1526504774411339,0.1805745414718342,15.46400937978062
Mouse,GITIII_official,456,section,mouse2_slice79,3821,0.21382636952913212,0.23160332287367946,0.17445882216538297,0.1999545207069087,12.75074874595962
Mouse,GITIII_official,456,section,mouse2_slice90,4886,0.24259154125048393,0.252742693388667,0.14567390058652396,0.16681148857584147,12.671542092082717
Mouse,GITIII_official,456,section,mouse2_slice99,5191,0.22436196611178746,0.24340925815853637,0.15975843641102783,0.18304147275622965,12.72008796400454
Mouse,GITIII_official,789,section,mouse2_slice1,1687,0.21827896360763885,0.24251837877860974,0.13916353204204218,0.1672867090053043,16.811363634615095
Mouse,GITIII_official,789,section,mouse2_slice10,1151,0.21825311820832186,0.23484006764736898,0.1429129070886139,0.16795776365278867,14.911401544943663
Mouse,GITIII_official,789,section,mouse2_slice109,5137,0.22191332449142515,0.23913419395020502,0.15472842733138656,0.17527176224997032,11.720846903613106
Mouse,GITIII_official,789,section,mouse2_slice119,4970,0.23256691473546215,0.24855172268653164,0.13940907188613436,0.15973881592727074,12.726865366519636
Mouse,GITIII_official,789,section,mouse2_slice129,5091,0.24292682495426773,0.25785696286973825,0.14218327828732272,0.1641399444684412,13.376796399087395
Mouse,GITIII_official,789,section,mouse2_slice139,4155,0.20788299312249905,0.21463434290031355,0.16910584118083588,0.18983309086167585,10.918670494567845
Mouse,GITIII_official,789,section,mouse2_slice151,5003,0.22584692092733377,0.24160819042301931,0.13984991442843472,0.1595228778858028,12.332377473437571
Mouse,GITIII_official,789,section,mouse2_slice160,4477,0.20883508012693053,0.2287787966672962,0.1451830590544267,0.16607574569220218,12.580215461743046
Mouse,GITIII_official,789,section,mouse2_slice169,5151,0.22147047971505213,0.2427599809843927,0.1527825858392496,0.1741706871229819,12.279966070656958
Mouse,GITIII_official,789,section,mouse2_slice189,4365,0.22797275226901953,0.24294561285629906,0.1423839392495584,0.16211667036009975,12.171932144122053
Mouse,GITIII_official,789,section,mouse2_slice20,659,0.2111244827945703,0.22308249863908036,0.17372922647357925,0.21023067897206416,17.36257176020218
Mouse,GITIII_official,789,section,mouse2_slice201,3719,0.2253539103749515,0.2281205050199326,0.17797789276618162,0.20048359439814864,11.225707369986608
Mouse,GITIII_official,789,section,mouse2_slice209,4357,0.24946145774990278,0.2529013516305715,0.14904844316920113,0.17126211721383988,12.970570728669962
Mouse,GITIII_official,789,section,mouse2_slice219,3526,0.2216217924898501,0.23636776644983476,0.16059152746656155,0.18262115805505602,12.063022063332356
Mouse,GITIII_official,789,section,mouse2_slice229,5016,0.23399789630801443,0.23970930375092714,0.1482005025991404,0.16851674715558368,12.055920197466342
Mouse,GITIII_official,789,section,mouse2_slice249,4068,0.24141473205377362,0.25083482304377636,0.15174817357487036,0.17433107266466788,12.954029792059242
Mouse,GITIII_official,789,section,mouse2_slice261,3527,0.23195254400243215,0.24066937021470639,0.1602864537373814,0.1923855640093087,16.68478112545605
Mouse,GITIII_official,789,section,mouse2_slice270,4070,0.23558254749095817,0.24551964008435923,0.15707771858945613,0.1797338949469304,12.605399979877987
Mouse,GITIII_official,789,section,mouse2_slice280,3835,0.22404682302035905,0.2303876673516391,0.17035611824991193,0.19195005106265853,11.249766641477816
Mouse,GITIII_official,789,section,mouse2_slice289,4319,0.21718492617860116,0.22578231396634058,0.16253519592921892,0.1817543692941949,10.574256585747902
Mouse,GITIII_official,789,section,mouse2_slice300,3755,0.20590837312065438,0.21434935680497466,0.15819104240311627,0.1758448619670136,10.039428713708446
Mouse,GITIII_official,789,section,mouse2_slice309,3240,0.20757680878103701,0.21928856467386654,0.1611181019988131,0.17955096182928468,10.266088046911905
Mouse,GITIII_official,789,section,mouse2_slice31,2019,0.2389038570338429,0.2579111712793729,0.13098219420534735,0.1589067030898424,17.57289550504811
Mouse,GITIII_official,789,section,mouse2_slice319,2764,0.18871769915137848,0.20109954918298656,0.181592553681725,0.2041430766108532,11.046430426888806
Mouse,GITIII_official,789,section,mouse2_slice40,3153,0.23526693362253498,0.25048103281566564,0.1535862604016355,0.18105929047335823,15.173499244307044
Mouse,GITIII_official,789,section,mouse2_slice50,2876,0.23693560626979962,0.24891297280489155,0.1532124858325973,0.17966330454244359,14.722438050001205
Mouse,GITIII_official,789,section,mouse2_slice61,3270,0.249469672308752,0.2551535051655146,0.14145427308767458,0.16677540681185674,15.182774371971714
Mouse,GITIII_official,789,section,mouse2_slice70,3999,0.25217080418683185,0.2671155712802926,0.15219474387240522,0.1805745414718342,15.716389125570949
Mouse,GITIII_official,789,section,mouse2_slice79,3821,0.2218713160643935,0.23630435697882823,0.17338164336498235,0.1999545207069087,13.2894606473422
Mouse,GITIII_official,789,section,mouse2_slice90,4886,0.2432885449521185,0.25758181464916985,0.14464135719988078,0.16681148857584147,13.290530265774208
Mouse,GITIII_official,789,section,mouse2_slice99,5191,0.22881189361034826,0.24464890076318038,0.15930350830211912,0.18304147275622965,12.96862623353353
