dataset,model,seed,median_gene_pcc,mean_gene_pcc,mse,mse_zero,ev_zero_percent
SEA_AD,SpaGAT,123,0.3237167631689732,0.3306180320590398,0.2928351588134761,0.3452577022394037,15.183598536949514
SEA_AD,SpaGAT,456,0.32882370384258497,0.3318783444058791,0.29277612358702065,0.3452577022394037,15.20069742455508
SEA_AD,SpaGAT,789,0.3217454885992327,0.3294764030767559,0.2931513615335881,0.3452577022394037,15.09201398487115
SEA_AD,GAT,123,0.22866557609690522,0.25087676467816145,0.3079232965807034,0.3452577022394037,10.81348958083851
SEA_AD,GAT,456,0.237196067192246,0.2512003383553796,0.3085863094218318,0.3452577022394037,10.62145538816793
SEA_AD,GAT,789,0.22759861297679246,0.2452039847066548,0.3094242229643342,0.3452577022394037,10.378763179690745
SEA_AD,LightGBM,123,0.2083312102068413,0.224373302171191,0.3151985017884711,0.3452577022394037,8.706308434529696
SEA_AD,LightGBM,456,0.20821210338277843,0.22464134034376554,0.3151829666508997,0.3452577022394037,8.710808011938296
SEA_AD,LightGBM,789,0.2075647567753024,0.22432558425285154,0.31521303294763686,0.3452577022394037,8.702099648144477
SEA_AD,SPICE_adapted,123,0.21622046187009403,0.24131893237365187,0.310436863673547,0.3452577022394037,10.085463217765316
SEA_AD,SPICE_adapted,456,0.2123829249825848,0.23546398184764072,0.3118679604255604,0.3452577022394037,9.670962181950296
SEA_AD,SPICE_adapted,789,0.20605200805076124,0.23101197005496163,0.31290426615577777,0.3452577022394037,9.370807913560144
SEA_AD,GITIII_official,123,0.3114328946149621,0.3173695575843506,0.29601200593462373,0.3452577022394037,14.263460593453393
SEA_AD,GITIII_official,456,0.3146798797209115,0.32007344317641256,0.29607532661993347,0.3452577022394037,14.245120471017588
SEA_AD,GITIII_official,789,0.31410563801169705,0.317654636028751,0.29592511562815477,0.3452577022394037,14.288627390864544
Mouse,SpaGAT,123,0.2493492914990608,0.2532562978111055,0.1539543447224083,0.17663703124852626,12.841410640673459
Mouse,SpaGAT,456,0.25154439080051766,0.2584996630001875,0.15328863833826747,0.17663703124852626,13.218288795517541
Mouse,SpaGAT,789,0.2482075263435159,0.25698457138525943,0.1533697015784885,0.17663703124852626,13.172396244194612
Mouse,GAT,123,0.15868885875406735,0.18640673934005816,0.16077890818082893,0.17663703124852626,8.977802081255037
Mouse,GAT,456,0.17031308879009976,0.18801162072977848,0.1607290208653488,0.17663703124852626,9.006044922027176
Mouse,GAT,789,0.15701555518604376,0.18430991037000408,0.16094095078309703,0.17663703124852626,8.88606446478656
Mouse,LightGBM,123,0.14524563680514782,0.16787774494947652,0.16415406595795695,0.17663703124852626,7.067014884894603
Mouse,LightGBM,456,0.14601503322833245,0.16789860789746477,0.16413238623599175,0.17663703124852626,7.079288484497114
Mouse,LightGBM,789,0.14408014114314638,0.16808423546126577,0.16412428414361957,0.17663703124852626,7.083875343953995
Mouse,SPICE_adapted,123,0.17529252084924915,0.19167158217543487,0.16041105164604041,0.17663703124852626,9.186057695713908
Mouse,SPICE_adapted,456,0.17640399562014622,0.19094514676401364,0.16046288275232118,0.17663703124852626,9.15671441140122
Mouse,SPICE_adapted,789,0.17249874126575276,0.1910416673603444,0.16055794990580258,0.17663703124852626,9.102893786807696
Mouse,GITIII_official,123,0.24680538656557718,0.2535316439014824,0.15377643740071448,0.17663703124852626,12.942129793637205
Mouse,GITIII_official,456,0.2428175399436299,0.2511162743452633,0.15420548718064275,0.17663703124852626,12.69923068188492
Mouse,GITIII_official,789,0.2417022977626564,0.2523841597656627,0.15401126262073678,0.17663703124852626,12.809187557027771
