dataset,model,metric,estimate,lower_95,upper_95,bootstrap_draws,n_donors
SEA_AD,SpaGAT,median_gene_pcc,0.32476198520359695,0.2451080157490039,0.3709961763466712,2000,4
SEA_AD,SpaGAT,mean_gene_pcc,0.33065759318055826,0.24423728795840352,0.3820230645418785,2000,4
SEA_AD,SpaGAT,mse,0.2929208813113616,0.2205854377403054,0.34180970506720904,2000,4
SEA_AD,SpaGAT,ev_zero_percent,15.158769982125248,9.168932956525259,21.28807606127614,2000,4
SEA_AD,GAT,median_gene_pcc,0.23115341875531456,0.129975484147316,0.2810947674982836,2000,4
SEA_AD,GAT,mean_gene_pcc,0.2490936959133986,0.1475953609535071,0.30576433110221113,2000,4
SEA_AD,GAT,mse,0.3086446096556231,0.2334416185920154,0.36079505539550505,2000,4
SEA_AD,GAT,ev_zero_percent,10.604569382899063,5.14374798076744,16.70058044185261,2000,4
SEA_AD,LightGBM,median_gene_pcc,0.20803602345497405,0.09852844957126887,0.2636074139631202,2000,4
SEA_AD,LightGBM,mean_gene_pcc,0.22444674225593605,0.12024996799320047,0.2810665655296651,2000,4
SEA_AD,LightGBM,mse,0.31519816712900256,0.24226590381181937,0.36895635279612365,2000,4
SEA_AD,LightGBM,ev_zero_percent,8.706405364870824,4.489675881629843,13.551793857615161,2000,4
SEA_AD,SPICE_adapted,median_gene_pcc,0.21155179830114668,0.11741165222198612,0.2696171563761252,2000,4
SEA_AD,SPICE_adapted,mean_gene_pcc,0.23593162809208476,0.137325593050184,0.29245344653884603,2000,4
SEA_AD,SPICE_adapted,mse,0.3117363634182951,0.23787143586917683,0.3646390000259088,2000,4
SEA_AD,SPICE_adapted,ev_zero_percent,9.709077771091918,4.5941876808193305,15.119880264387232,2000,4
SEA_AD,GITIII_official,median_gene_pcc,0.3134061374491902,0.23044747730363394,0.3603048990959534,2000,4
SEA_AD,GITIII_official,mean_gene_pcc,0.31836587892983803,0.23178335267319392,0.3714762656054565,2000,4
SEA_AD,GITIII_official,mse,0.2960041493942373,0.22333477401045818,0.34561746270033195,2000,4
SEA_AD,GITIII_official,ev_zero_percent,14.265736151778507,8.249884405999097,20.307025137900997,2000,4
