dataset,contrast,metric,estimate,lower_95,upper_95,n_donors,favorable_sign
SEA_AD,SpaGAT minus GAT,median_gene_pcc,0.09360856644828239,0.07561107621584684,0.12205106678974553,4,positive
SEA_AD,SpaGAT minus GAT,mean_gene_pcc,0.08156389726715965,0.06901100596586307,0.1058770314162393,4,positive
SEA_AD,SpaGAT minus GAT,mse,-0.0157237283442615,-0.02070959925270388,-0.012122484613637602,4,negative
SEA_AD,SpaGAT minus GAT,ev_zero_percent,4.554200599226185,4.025184975757819,5.009106633870719,4,positive
SEA_AD,SpaGAT minus LightGBM,median_gene_pcc,0.1167259617486229,0.09946199157302921,0.15586726318875319,4,positive
SEA_AD,SpaGAT minus LightGBM,mean_gene_pcc,0.10621085092462221,0.09539499018765185,0.14575922431071522,4,positive
SEA_AD,SpaGAT minus LightGBM,mse,-0.022277285817640935,-0.03061003666438128,-0.014589124099307682,4,negative
SEA_AD,SpaGAT minus LightGBM,ev_zero_percent,6.452364617254425,4.679257074895416,7.977078227420758,4,positive
SEA_AD,SpaGAT minus SPICE_adapted,median_gene_pcc,0.11321018690245027,0.0895193061801895,0.1388834595375673,4,positive
SEA_AD,SpaGAT minus SPICE_adapted,mean_gene_pcc,0.0947259650884735,0.08239213631925746,0.1257622867770399,4,positive
SEA_AD,SpaGAT minus SPICE_adapted,mse,-0.018815482106933457,-0.02481881114179041,-0.013505948818485047,4,negative
SEA_AD,SpaGAT minus SPICE_adapted,ev_zero_percent,5.44969221103333,4.574745275705928,6.2020681772943185,4,positive
SEA_AD,SpaGAT minus GITIII_official,median_gene_pcc,0.011355847754406734,0.008242876161836277,0.017014596346913602,4,positive
SEA_AD,SpaGAT minus GITIII_official,mean_gene_pcc,0.012291714250720231,0.01054679893642202,0.013906437100322522,4,positive
SEA_AD,SpaGAT minus GITIII_official,mse,-0.0030832680828756787,-0.00380775763312291,-0.002283339868171058,4,negative
SEA_AD,SpaGAT minus GITIII_official,ev_zero_percent,0.8930338303467416,0.8134920621473949,1.0305996665398958,4,positive
