,,median_gene_pcc,median_gene_pcc,mean_gene_pcc,mean_gene_pcc,mse,mse,ev_zero_percent,ev_zero_percent
,,mean,std,mean,std,mean,std,mean,std
dataset,model,,,,,,,,
Mouse,GAT,0.16200583424340362,0.007242778802738133,0.18624275681328026,0.0018562953964096403,0.1608162932764249,0.00011080075152602638,8.956637156022923,0.06272792898683573
Mouse,GITIII_official,0.24377507475728785,0.0026829151164636353,0.25234402600413613,0.0012081848212869787,0.15399772906736467,0.00021484481891422298,12.816849344183298,0.12163067811750808
Mouse,LightGBM,0.14511360372554222,0.0009741798580916838,0.167953529436069,0.00011367437889313285,0.16413691211252276,1.5398109789422884e-05,7.076726237781904,0.00871737352047945
Mouse,SPICE_adapted,0.1747317525783827,0.002012112989703903,0.1912194654332643,0.0003945075636692099,0.16047729476805472,7.450204244459282e-05,9.148555297974275,0.04217804268900442
Mouse,SpaGAT,0.24970040288103146,0.0016959143560370058,0.25624684406551745,0.002698407090347866,0.1535375615463881,0.0003632134002055793,13.077365226795203,0.20562698412573424
SEA_AD,GAT,0.23115341875531456,0.005260209375508041,0.2490936959133986,0.0033724716359145833,0.3086446096556231,0.0007521596839866094,10.604569382899063,0.2178545704000194
SEA_AD,GITIII_official,0.3134061374491902,0.0017328311652537835,0.31836587892983803,0.0014856477280971161,0.2960041493942373,7.541305876915467e-05,14.265736151778507,0.02184254204323819
SEA_AD,LightGBM,0.20803602345497405,0.0004124509927386996,0.22444674225593605,0.00017020740810211427,0.31519816712900256,1.5035941859173411e-05,8.706405364870824,0.004354990999950242
SEA_AD,SPICE_adapted,0.21155179830114668,0.005134923752055602,0.23593162809208476,0.005169370156719487,0.3117363634182951,0.0012389540272223986,9.709077771091918,0.35884906236307196
SEA_AD,SpaGAT,0.32476198520359695,0.0036530329295057546,0.33065759318055826,0.0012014592581063128,0.2929208813113616,0.00020177249346440052,15.158769982125248,0.05844112735376396
