,,,,median_gene_pcc,median_gene_pcc,mean_gene_pcc,mean_gene_pcc,mse,mse,ev_zero_percent,ev_zero_percent
,,,,mean,std,mean,std,mean,std,mean,std
dataset,model,unit_type,unit,,,,,,,,
Mouse,GAT,section,mouse2_slice1,0.14733911764768026,0.005947186925664939,0.18598095862768296,0.003236979261538798,0.14371093102320534,0.00028586536782356246,14.093037111126046,0.1708834906988898
Mouse,GAT,section,mouse2_slice10,0.11825178977765623,0.0010073105054888975,0.17562403427874615,0.0030699080001413853,0.1467450956550148,0.000994212962352806,12.629763302651375,0.5919422482952988
Mouse,GAT,section,mouse2_slice109,0.14504932828708186,0.005179797164525149,0.17340057840770318,0.0019885618906484302,0.16087266148256252,5.276706232870974e-05,8.215299819301194,0.03010585484583252
Mouse,GAT,section,mouse2_slice119,0.13862778028407938,0.0016140281039832545,0.17531439070176214,0.0027453590457781046,0.14602291451849927,0.000422427252377521,8.586454913385802,0.26444871894496547
Mouse,GAT,section,mouse2_slice129,0.16290135707597767,0.002796838151276314,0.1896523496459184,0.0032661013668198215,0.14856669174953716,0.00032379360178493797,9.487789684185168,0.19726679135509914
Mouse,GAT,section,mouse2_slice139,0.11970044729873563,0.000788673715373905,0.15412663322550021,0.0014795495787769221,0.1748802359170382,0.00027607275024168305,7.876843218832282,0.1454292025634505
Mouse,GAT,section,mouse2_slice151,0.1396785283906252,0.006965409732617796,0.17309491623624126,0.0027108140884062734,0.14544451557188484,0.00020445802241359935,8.825293588294086,0.1281684640619177
Mouse,GAT,section,mouse2_slice160,0.12297587406799683,0.0026892072399295024,0.15699712364679144,0.0013411938220334243,0.1513382661067263,0.00016168610897300057,8.873950572403091,0.09735684659977913
Mouse,GAT,section,mouse2_slice169,0.14793840537822414,0.005203103085349322,0.177328180518144,0.0007384802609959564,0.15942153428381017,1.183015434505173e-05,8.46821763340541,0.006792276324132271
Mouse,GAT,section,mouse2_slice189,0.14082008750979552,0.0037229575016318865,0.16873003225302316,0.0030514605554425723,0.14903018212197747,0.0003886633760977248,8.072265615284413,0.23974300436494175
Mouse,GAT,section,mouse2_slice20,0.11922956873696268,0.0029027078728590863,0.1576620597983649,0.005638563992438146,0.18171889703060254,0.0012173679420594487,13.56214139671323,0.5790629360147812
Mouse,GAT,section,mouse2_slice201,0.13668241627168332,0.0050307271637058506,0.16433292245540274,0.0016489626265361124,0.18473448944222215,0.0003296222589898006,7.8555579588471,0.16441358205858972
Mouse,GAT,section,mouse2_slice209,0.163550166932196,0.0013437847139421456,0.17936009360380134,0.001613721414315603,0.1562624119289858,0.00020071174652069545,8.75833227387074,0.11719564710862278
Mouse,GAT,section,mouse2_slice219,0.13711283631987872,0.002084990681594687,0.16557340243430643,0.003985590574291788,0.1679505671258399,0.0004044117557003427,8.0333467849291,0.22144846742151167
Mouse,GAT,section,mouse2_slice229,0.13894556749145262,0.005279953492542971,0.17398423652696934,0.0011176592869837944,0.154153104566961,0.00026170254202395685,8.523569811943615,0.15529764634154783
Mouse,GAT,section,mouse2_slice249,0.15375977860115753,0.007895245351771127,0.17443610234376564,0.004712513673615081,0.15954388222040888,0.0004282776680413192,8.482246003672957,0.24566915208806914
Mouse,GAT,section,mouse2_slice261,0.12266260710413361,0.0034367635813927007,0.15025793784739452,0.0013640416279044009,0.16899895545136065,0.0004963410297503367,12.156114040249134,0.2579928656842079
Mouse,GAT,section,mouse2_slice270,0.14335281376629863,0.0045962537307881616,0.1654200756622837,0.00531495482422839,0.16505835443808484,0.00031468483288433287,8.165149101775576,0.17508374420820458
Mouse,GAT,section,mouse2_slice280,0.13157595558097443,0.004385599216618988,0.15583157849432497,0.003357934986913419,0.17818423198466118,0.0003257080137202713,7.171563123733549,0.16968373382404525
Mouse,GAT,section,mouse2_slice289,0.13975111968300025,0.004844318434907242,0.16106818007952006,0.0033583921635998606,0.1687793747228624,0.00039214048538707273,7.138752494214131,0.21575298954841035
Mouse,GAT,section,mouse2_slice300,0.12052604650560596,0.0021437213048389765,0.15375763614995452,0.0029296761413637818,0.16366445294749152,0.0005333876619947942,6.926792675811588,0.30332854541684356
Mouse,GAT,section,mouse2_slice309,0.13418283220802676,0.0006436753812873558,0.15008421836101182,0.001868195249489039,0.16787065107553886,0.00022656319810866228,6.505289993852199,0.1261832272021372
Mouse,GAT,section,mouse2_slice31,0.16121575226038223,0.0026151690071215122,0.1930324689591705,0.00047071979630055786,0.13814396595522693,0.0002863071408390523,13.065992013487735,0.18017310489235117
Mouse,GAT,section,mouse2_slice319,0.11280126535181319,0.008348310264245084,0.13854508958698886,0.002859901482098714,0.1880339944662572,0.00017798204876036757,7.891074442511649,0.08718495464808038
Mouse,GAT,section,mouse2_slice40,0.14328871324091702,0.0017105156270565017,0.17766855141657856,0.0010075711367078161,0.16191932850843246,0.0003787617264098584,10.57110182796286,0.20919209692008728
Mouse,GAT,section,mouse2_slice50,0.15992890821100506,0.0011690841404631753,0.18137941089390086,0.0023084176563814168,0.16003519681935122,0.00015161030601085467,10.924939721597648,0.08438579396998955
Mouse,GAT,section,mouse2_slice61,0.15692223138275851,0.0025170010049961923,0.18543623578480217,0.001320445429046676,0.14842564040970538,0.00011279852321839526,11.002681242356182,0.06763498610177984
Mouse,GAT,section,mouse2_slice70,0.15603939335723316,0.0026220316783849723,0.19340145519650367,0.003567003060185036,0.16049385865468505,0.0005123216883102313,11.120439599887504,0.28371756291577976
Mouse,GAT,section,mouse2_slice79,0.13291238560346796,0.001297695972787076,0.17196107079977097,0.00022736284443525867,0.18054568718700134,0.0002861879464810498,9.70662401194552,0.14312651970521895
Mouse,GAT,section,mouse2_slice90,0.1552311538257777,0.00655134808611105,0.17874979833368645,0.0040301173162065,0.15198738768114178,0.0005233025424748638,8.886738570143416,0.31370893392449956
Mouse,GAT,section,mouse2_slice99,0.1423947525773479,0.0027074106410856073,0.1758289513075447,0.0016256816978565672,0.1663909927410344,0.00013930373948965066,9.096561431938436,0.07610501455873328
Mouse,GITIII_official,section,mouse2_slice1,0.21974873704785194,0.0057273628003506405,0.24276190515227133,0.002099981098833269,0.13914501675012822,0.0008192197345973681,16.822431633994174,0.4897099951744467
Mouse,GITIII_official,section,mouse2_slice10,0.22091853254691787,0.00257976033154286,0.23435912946262774,0.0028819130847063186,0.14282469224727645,0.0008251076738177423,14.96392358347223,0.49125902600337135
Mouse,GITIII_official,section,mouse2_slice109,0.22458418660789556,0.00653272619767304,0.23958457999867347,0.0006911583121895416,0.1548184954669596,0.00012339643071464985,11.669459198932762,0.07040291552421409
Mouse,GITIII_official,section,mouse2_slice119,0.23205050504628824,0.0016583624756768486,0.24728157815021742,0.001306484657038597,0.13968233137775707,0.0002532048131253836,12.555798935335426,0.15851176287714241
Mouse,GITIII_official,section,mouse2_slice129,0.24390931514815503,0.0020283000093449218,0.25675872313066067,0.0009699776230387639,0.14234031959670737,0.0002101285155588949,13.281121144722448,0.1280179034051645
Mouse,GITIII_official,section,mouse2_slice139,0.20694741858395424,0.0010469657365224914,0.21440691541828835,0.00045054003648825185,0.16926772680090807,0.00020766617517839958,10.833392622655536,0.10939408626586454
Mouse,GITIII_official,section,mouse2_slice151,0.22788617960903876,0.004924075290940819,0.2405712706386208,0.0016132426825688176,0.13992430146014453,0.00017397711804020613,12.285746524513087,0.10906091987930586
Mouse,GITIII_official,section,mouse2_slice160,0.21473291744212997,0.008544652808876714,0.2297572937246497,0.0023260132590447354,0.14503037505418445,0.00021934506541655512,12.672151824639307,0.13207531569545908
Mouse,GITIII_official,section,mouse2_slice169,0.2239989090366491,0.0029806177344336112,0.2416871137548279,0.0009619956870947951,0.15301137767608605,0.00020133801663046915,12.148605368913351,0.11559810663679661
Mouse,GITIII_official,section,mouse2_slice189,0.22998687065739754,0.001778915392192233,0.24201336101157386,0.0019658419518384495,0.142363905545709,0.00025824556791886785,12.184289728203247,0.15929612133362364
Mouse,GITIII_official,section,mouse2_slice20,0.21519046871131378,0.004839236340122175,0.22523201395926204,0.002089089764937645,0.17377321366204201,0.00030323925028538824,17.34164846362251,0.14424119817720452
Mouse,GITIII_official,section,mouse2_slice201,0.22834234877617401,0.0026359779977816918,0.2292932314833526,0.0011361421095936288,0.1777601055556166,0.000201866613715993,11.334338308701973,0.10068984164115564
Mouse,GITIII_official,section,mouse2_slice209,0.24307386456931193,0.0065275219332373725,0.25094980400255934,0.0023242310921138373,0.14932446063410787,0.00030157450219190523,12.809404050716253,0.1760894394499156
Mouse,GITIII_official,section,mouse2_slice219,0.22308390886483254,0.002441712526627355,0.23605045383627188,0.0021254027356409455,0.1605839127367793,0.00013432608021137152,12.067191749837123,0.0735545002791417
Mouse,GITIII_official,section,mouse2_slice229,0.23293236027907058,0.0015769452768208086,0.2397014047961983,0.0007008837070310186,0.14793727459669606,0.0003014732363782379,12.21212307159452,0.1788980866690381
Mouse,GITIII_official,section,mouse2_slice249,0.24501172053612422,0.003764027425082492,0.2516983710762038,0.0024126667147278324,0.15145299958859235,0.00040709286407365373,13.123347849802038,0.23351709930489956
Mouse,GITIII_official,section,mouse2_slice261,0.23281565911888955,0.002367345652277094,0.24197625251534513,0.001613689539508937,0.15947947397608497,0.0007671563578012916,17.104240748350296,0.3987598351008165
Mouse,GITIII_official,section,mouse2_slice270,0.23611067112448136,0.004032612312191707,0.2465635577010017,0.0013461102106943803,0.15684883903478214,0.0002011832408833927,12.732743547846383,0.11193394598319646
Mouse,GITIII_official,section,mouse2_slice280,0.22442389761966108,0.004015932818521443,0.2323759648766175,0.0031548532441545703,0.17015177816172886,0.00039739125977172077,11.356221465038338,0.207028473069798
Mouse,GITIII_official,section,mouse2_slice289,0.21638521554186038,0.0018244989477560326,0.22657961652523548,0.0007080529436361899,0.16221609589251243,0.0002833699870054995,10.749823224363334,0.15590821178380304
Mouse,GITIII_official,section,mouse2_slice300,0.20836545484648486,0.0037923526208356725,0.2182396583687003,0.0038185292082077954,0.15759055811028289,0.0005784569084110341,10.380913978683667,0.3289586638701783
Mouse,GITIII_official,section,mouse2_slice309,0.20522811299518925,0.003061550686963735,0.21730679904285213,0.0035202783751507494,0.16127545141715519,0.0006484233200581716,10.178453084258965,0.3611360883015997
Mouse,GITIII_official,section,mouse2_slice31,0.24228541766447628,0.008816813244222134,0.2583229308884654,0.005337956015892704,0.13130252845109458,0.0013199753370131465,17.37130914052192,0.8306605771481335
Mouse,GITIII_official,section,mouse2_slice319,0.19041246686199886,0.00338074226363579,0.20196614071194163,0.0007528405863192756,0.18122798958924655,0.000316481663821365,11.225013065365156,0.15502933975304917
Mouse,GITIII_official,section,mouse2_slice40,0.23738816299136692,0.004152215772323976,0.25015963521232143,0.0031469502787998416,0.1539757751939037,0.0006070146600829562,14.958368172463205,0.33525739468876864
Mouse,GITIII_official,section,mouse2_slice50,0.2381262231298781,0.006055332373986468,0.24941986545163095,0.0006482798428439629,0.1531429219677589,8.505783821300508e-05,14.76115706667275,0.04734291091307944
Mouse,GITIII_official,section,mouse2_slice61,0.24946778540895953,0.00512487447863815,0.25618914852545466,0.0009423903913484502,0.14155063881450117,0.00010657055585759397,15.124992635042537,0.06390064212393691
Mouse,GITIII_official,section,mouse2_slice70,0.2553351236975745,0.004936148073578623,0.2679824387324284,0.0027146014948605125,0.15222529822830244,0.0004107552247985619,15.699468492325439,0.22747128219214569
Mouse,GITIII_official,section,mouse2_slice79,0.22053908227404373,0.006155684894807877,0.23434580904470245,0.002446599637025855,0.17369442760548667,0.0006656143421262093,13.13303295598592,0.3328828674505714
Mouse,GITIII_official,section,mouse2_slice90,0.24554116850702967,0.004518740274567849,0.2561564476888081,0.0029697704967233955,0.14492984817564236,0.0006497604383167595,13.117585957067057,0.3895177987224457
Mouse,GITIII_official,section,mouse2_slice99,0.23034450989038668,0.006878131048171325,0.24505961389645714,0.0018894925550731404,0.15941428385724415,0.0003042836073402489,12.908106858630683,0.1662375213433159
Mouse,LightGBM,section,mouse2_slice1,0.12039962190647079,0.002598946366586956,0.15561865791599658,0.00026285986878870276,0.14868105916095292,4.378196876696322e-05,11.12201319219056,0.026171815458199632
Mouse,LightGBM,section,mouse2_slice10,0.09384760669794928,0.005779953270312718,0.13705153384675922,0.002179206064792238,0.15219821261739755,0.00014245485411263771,9.383044101474281,0.08481587931066188
Mouse,LightGBM,section,mouse2_slice109,0.12022798804707062,0.0010303409561976784,0.14863042645679753,0.000829139235887478,0.16396827435666392,5.6864533571414756e-05,6.44912092410273,0.03244363657981222
Mouse,LightGBM,section,mouse2_slice119,0.11166189221105886,0.002862234440166132,0.14663903667568434,0.0006622433221168996,0.14950106926733778,2.3869004942027098e-05,6.4090538048023475,0.01494252026564961
Mouse,LightGBM,section,mouse2_slice129,0.13169820021084686,0.002081110789357677,0.1581337481511288,0.0004062198876572882,0.15265059734973654,1.9323268275707487e-05,6.999726456538248,0.011772435002504328
Mouse,LightGBM,section,mouse2_slice139,0.09413436224183215,0.002007875835573222,0.12630596468995392,0.0005400377112830372,0.1788280555055527,2.7369819099087478e-05,5.7972165475312805,0.014417833568879997
Mouse,LightGBM,section,mouse2_slice151,0.11528885209679597,0.0035166665709951404,0.15034288807797577,0.00048501040648305855,0.14815232504306033,2.0555338343379452e-05,7.127850872200458,0.012885511229365166
Mouse,LightGBM,section,mouse2_slice160,0.09434894868431076,0.001347504949936399,0.12390263028662696,0.0009595079023500016,0.15455024747185483,1.1677744608695171e-05,6.9399045431403446,0.007031577404645596
Mouse,LightGBM,section,mouse2_slice169,0.1303918752534358,0.0031155497106642146,0.15636400006006984,0.0004497468622015117,0.16238524800817555,6.820275687237731e-05,6.766603100373974,0.03915857369513755
Mouse,LightGBM,section,mouse2_slice189,0.12375219867523214,0.0012187723656427582,0.14366200281815558,0.0009735118826358535,0.15226609287729384,2.5972535278383e-05,6.076227362013696,0.01602089114012669
Mouse,LightGBM,section,mouse2_slice20,0.08386156617548939,0.005405627308461197,0.11934078238813949,0.0018000529779254309,0.18885475034462887,9.8245634606411e-05,10.1678445467399,0.046732301435167274
Mouse,LightGBM,section,mouse2_slice201,0.12433919133592715,0.004162689630059775,0.1435693908086915,0.0004022727154729911,0.18850433707013878,7.721895660798368e-05,5.975180844084314,0.03851634685610892
Mouse,LightGBM,section,mouse2_slice209,0.12961935219264417,0.0014090944019964963,0.15451328797344174,0.000291639017067147,0.1592683483803106,5.447018146498708e-06,7.003165106591401,0.003180515478331776
Mouse,LightGBM,section,mouse2_slice219,0.11351860572300582,0.0011346409569423217,0.14289728211164685,0.00046914743052949335,0.17129907471038983,6.373935755043355e-05,6.199765386030939,0.034902504304141116
Mouse,LightGBM,section,mouse2_slice229,0.12476235069369997,0.0011549717265961746,0.14917963960087524,0.000400292206589302,0.15715595105635471,3.6558507802959267e-05,6.741642175623092,0.021694287612386176
Mouse,LightGBM,section,mouse2_slice249,0.13948252739835068,0.0037264040956452634,0.15670261297749136,0.00039667104749445344,0.16176273704817137,4.2862412594048205e-05,7.20946382328074,0.024586788768573526
Mouse,LightGBM,section,mouse2_slice261,0.10257183686225718,0.0018087252045449745,0.12289058861821289,0.0003365771607261562,0.17194869192750883,6.464226881334803e-05,10.62287193274596,0.03360037388784022
Mouse,LightGBM,section,mouse2_slice270,0.13151677436846507,0.005278538480459272,0.1527739479474537,0.0009494859236750849,0.16656818572420673,9.219750274678886e-06,7.325112064483489,0.005129666987640736
Mouse,LightGBM,section,mouse2_slice280,0.10763158935074396,0.0013061784028979729,0.1300388958051076,0.0002768624254892291,0.18062851267313265,2.348076138974184e-05,5.898168990760094,0.012232745581340148
Mouse,LightGBM,section,mouse2_slice289,0.12081057708276129,0.004042580886835093,0.13985974115128305,0.000582402660460033,0.1711729884470297,3.5685397913601233e-05,5.821802737538466,0.019633859726280033
Mouse,LightGBM,section,mouse2_slice300,0.10082912049510119,0.001698029956233784,0.13374769339594808,0.00010972511932555216,0.16557997406111735,2.506885434719475e-05,5.8374682041161,0.014256233629328971
Mouse,LightGBM,section,mouse2_slice309,0.1159951074173785,0.0027906503689904705,0.12967388189325565,0.0008575730945339348,0.17028741557694568,2.335944613096222e-05,5.1592852290853655,0.013009925367686961
Mouse,LightGBM,section,mouse2_slice31,0.13646889541374163,0.0035128691813724037,0.16470410030250285,0.0005450155914832034,0.14242634627060505,5.403962991929292e-05,10.37108976448887,0.03400714310253998
Mouse,LightGBM,section,mouse2_slice319,0.07595187870508759,0.0019197063149936108,0.11057515251096128,0.00033277070045194067,0.1910026552826789,3.13111746989305e-05,6.4368684681005215,0.015337857750924883
Mouse,LightGBM,section,mouse2_slice40,0.10966740044914554,0.002798800938584198,0.1415056240901061,0.0006749699056707505,0.1661538503701188,3.529861476900779e-05,8.232353095094387,0.01949561090001061
Mouse,LightGBM,section,mouse2_slice50,0.11807321500333577,0.0034240773772352927,0.15330951270628415,0.0009321413398200131,0.1637997798674675,2.6071376346679964e-05,8.82958527083558,0.014511241687934297
Mouse,LightGBM,section,mouse2_slice61,0.11982652384269199,0.002107976741634607,0.15430563593729973,0.000706959353941912,0.1528392826974331,4.3951666388108486e-05,8.356222527548853,0.02635380553303026
Mouse,LightGBM,section,mouse2_slice70,0.12754818507654783,0.0031149067769491,0.16154339002983267,0.0007292870234513476,0.1652474162479479,2.669233543142537e-05,8.487976820518192,0.014781892958918904
Mouse,LightGBM,section,mouse2_slice79,0.10963112031210331,0.0032974029090442115,0.14520178310545118,0.00043234550692989053,0.18518913381402982,1.8164360929303074e-05,7.384372626674342,0.009084246190126684
Mouse,LightGBM,section,mouse2_slice90,0.12233529040389002,0.0016551725042539412,0.15402923088791345,0.0007337702877535108,0.154865332028703,3.240336586381087e-05,7.161471100779185,0.019425140402767674
Mouse,LightGBM,section,mouse2_slice99,0.10920551332207322,0.0018321658182575509,0.14350852777354203,0.00011340005973372657,0.17057687148256714,1.6482590869815623e-05,6.8097142609110115,0.009004839516214766
Mouse,SPICE_adapted,section,mouse2_slice1,0.14516272464981933,0.003678911903707369,0.18901271354638857,0.001556068732527662,0.14276740853750405,0.00036207487007469544,14.657052322682015,0.21643971133607645
Mouse,SPICE_adapted,section,mouse2_slice10,0.12128585154177345,0.0004113561014339684,0.17592550081891656,0.0027661367741782694,0.1465326796713917,0.00041802272225163035,12.756233183533006,0.2488856205038511
Mouse,SPICE_adapted,section,mouse2_slice109,0.14532968550141817,0.0028588216755957526,0.17412895104497486,0.0009988485488631065,0.1611654508899338,0.00018552198266382893,8.04825100116143,0.10584818699959063
Mouse,SPICE_adapted,section,mouse2_slice119,0.14045058006483543,0.0011331305052111897,0.17654909843383426,0.0006279635981767054,0.14607413697059668,0.0001587996059509524,8.554388535655354,0.09941203396879716
Mouse,SPICE_adapted,section,mouse2_slice129,0.16529206271037097,0.005609181207297353,0.19164391612407083,0.0015064875482102987,0.148186162002249,0.0002102738247230496,9.719622190599447,0.12810643101166844
Mouse,SPICE_adapted,section,mouse2_slice139,0.11912669804712966,0.0027502550135358843,0.15435680535574553,0.003046843035291792,0.175484053077355,0.00042844701264544257,7.558765291756455,0.22569669529199002
Mouse,SPICE_adapted,section,mouse2_slice151,0.144042017335289,0.001863032269134003,0.17557077735993987,0.0015979487430173983,0.1454212702813712,0.00020421222687684023,8.839865348045242,0.12801438237782478
Mouse,SPICE_adapted,section,mouse2_slice160,0.12451946855561348,0.0008018251315469122,0.15988629080445008,0.0007662667700883402,0.15094769807646638,0.00013085998021070773,9.109125208309143,0.07879535910875647
Mouse,SPICE_adapted,section,mouse2_slice169,0.15960552336476677,0.0020056396252498584,0.18335287900193709,0.0003800166254984259,0.1590952624861836,0.00014629101239864222,8.655546398662095,0.08399290076598113
Mouse,SPICE_adapted,section,mouse2_slice189,0.15339747460443653,0.002242142438492621,0.17730134291509736,0.001605602966995034,0.1482121764375048,0.00011692744501570887,8.576844004820572,0.07212549132422642
Mouse,SPICE_adapted,section,mouse2_slice20,0.11388000354375839,0.007978548903938112,0.15184575527954294,0.0018267634108745702,0.18229510933930357,0.0006727811060175951,13.28805565836218,0.32002042199892156
Mouse,SPICE_adapted,section,mouse2_slice201,0.14515494227801373,0.007144792550724908,0.17096997730932126,0.0026274908959900193,0.1843505201588188,0.00047692736826134593,8.047079506810167,0.23788847645767047
Mouse,SPICE_adapted,section,mouse2_slice209,0.17210462569562823,0.002198228375887872,0.1894163713595295,0.0008784447332228412,0.15555794058982608,0.0002755337369301732,9.169673293484614,0.1608842290476554
Mouse,SPICE_adapted,section,mouse2_slice219,0.14498479710862094,0.004861455020551955,0.17575482895727265,0.0019159108334328035,0.16659561665848036,0.00022721320093315456,8.775292834220421,0.12441778562408934
Mouse,SPICE_adapted,section,mouse2_slice229,0.15060953497863697,0.00498745683711152,0.17965630630948226,0.0012640078275793756,0.15399432193737775,0.00031963983192269895,8.617793461677765,0.1896783775606539
Mouse,SPICE_adapted,section,mouse2_slice249,0.17012666209508512,0.00392413778230434,0.188828351802354,0.001115121079014088,0.15784768315110473,7.102811457331715e-05,9.455221758010707,0.040743232682303406
Mouse,SPICE_adapted,section,mouse2_slice261,0.12834956082108603,0.0030866159849718493,0.15901853683484915,0.0014200920640131357,0.16835511522776714,0.00011772539319312739,12.490775441123452,0.061192425637208454
Mouse,SPICE_adapted,section,mouse2_slice270,0.15662353820289854,0.005010754193913147,0.17369072091683088,0.0013605331876955773,0.16460968934481926,0.0002919767691763897,8.414776526473675,0.1624494752437246
Mouse,SPICE_adapted,section,mouse2_slice280,0.13831397720972238,0.0040701249654849295,0.16425038339472742,0.000876584446539518,0.17756203562989933,8.170288169504048e-05,7.495708051706905,0.042564657442253365
Mouse,SPICE_adapted,section,mouse2_slice289,0.1418808786152452,0.002826223940885222,0.16509875453918776,0.0008242944978775291,0.16906277010017087,0.00028024553848846794,6.982830312860817,0.15418916176636804
Mouse,SPICE_adapted,section,mouse2_slice300,0.11940321171402712,0.005773738310280502,0.15242386990781245,0.0016119793255650868,0.16479583748254945,7.53643324134827e-05,6.283393418988166,0.04285842166239237
Mouse,SPICE_adapted,section,mouse2_slice309,0.1364456728409257,0.00020626935231455416,0.15512132263284897,0.002108448556989406,0.167788851265545,5.609504507952847e-05,6.550847984274784,0.031241851621416624
Mouse,SPICE_adapted,section,mouse2_slice31,0.16357187318862818,0.005405944200022519,0.19792202062763298,0.002085521584051482,0.13702149815745865,0.0003062089759059667,13.772361081590333,0.19269733117100815
Mouse,SPICE_adapted,section,mouse2_slice319,0.11380637440894519,0.0035758552423344257,0.14382075047521112,0.0013614428568465222,0.18732356242382242,0.0003327311502700397,8.239081366983084,0.1629891915973681
Mouse,SPICE_adapted,section,mouse2_slice40,0.13982956410473688,0.0019147078974823771,0.18143628665357311,0.0010974229087531804,0.16076064425341643,0.0002986821220676906,11.21104924628466,0.16496370955989828
Mouse,SPICE_adapted,section,mouse2_slice50,0.1579655619192536,0.003750437111743076,0.1834636248451779,0.0004965140990101184,0.15941962037803262,0.00012788477081287258,11.26756752914371,0.07118023969254747
Mouse,SPICE_adapted,section,mouse2_slice61,0.15867965033439937,0.0037548793206350004,0.19059146409713004,0.00115082955600699,0.14761752292408936,8.191063374512507e-05,11.487235590664659,0.049114336046882846
Mouse,SPICE_adapted,section,mouse2_slice70,0.16051569431054666,0.004088613207990524,0.20079958198996908,0.0018966154179535755,0.15905361662775994,0.00034014759739403274,11.918028238455227,0.1883696309687663
Mouse,SPICE_adapted,section,mouse2_slice79,0.1293788234094391,0.004679553200241739,0.16836415218737824,0.0009950688336878054,0.181769229891079,0.000366565944924222,9.094713513622187,0.1833246598417864
Mouse,SPICE_adapted,section,mouse2_slice90,0.15336531459029293,0.001184232606936011,0.18047791810997335,0.0006910140371906674,0.1517207865252815,0.00012487275771457445,9.046560389453589,0.07485860762988772
Mouse,SPICE_adapted,section,mouse2_slice99,0.14343024478834296,0.0025778953816001397,0.1775025141222496,0.0015597343089384218,0.16627979840952437,0.0001404826874289313,9.157309594546405,0.07674910243758032
Mouse,SpaGAT,section,mouse2_slice1,0.22048304963975054,0.005311273733937691,0.24261448124888918,0.003681252607784166,0.13882009476519228,0.000590364428712175,17.01666223776894,0.3529057581576696
Mouse,SpaGAT,section,mouse2_slice10,0.21086924267900053,0.014053533554521576,0.2295313184967319,0.007308799592591486,0.14272316242561378,0.001273715654114734,15.024373198574622,0.7583547353892026
Mouse,SpaGAT,section,mouse2_slice109,0.22892508913626822,0.00539600699026323,0.24008419591168687,0.004040534875514926,0.1543730927067092,0.0006496102033351351,11.92358043017546,0.37063026867309207
Mouse,SpaGAT,section,mouse2_slice119,0.22809533750175534,0.002420736839961669,0.2461495756950838,0.0028659472212608445,0.1397588817452672,0.0004390678898769975,12.507876727407561,0.27486612275685257
Mouse,SpaGAT,section,mouse2_slice129,0.2403599372176893,0.0014506971867881621,0.25750173928724457,0.003039416451737729,0.14217764603997698,0.0003331726241018702,13.380227768193775,0.20298083149769028
Mouse,SpaGAT,section,mouse2_slice139,0.20195811811965855,0.0012207797613156776,0.21645440883843414,0.0025528195752124463,0.1683971837419208,0.0008252026228349595,11.291976031394121,0.4346990396085746
Mouse,SpaGAT,section,mouse2_slice151,0.22476833911248936,0.00384674447333103,0.2409001948582072,0.0008465336261929584,0.13967725718164298,0.000156333952098762,12.440611006508206,0.09800096022006653
Mouse,SpaGAT,section,mouse2_slice160,0.22096521803334238,0.0040244532115849985,0.2305876531429127,0.0016646438549099364,0.14463208296044736,0.0001291078910909901,12.911977388617366,0.07774036512848496
Mouse,SpaGAT,section,mouse2_slice169,0.2228032629542449,0.00526921781791478,0.24147155737741743,0.002287193000610095,0.15290164155954858,0.00019039910474333044,12.211610297211044,0.10931753665809843
Mouse,SpaGAT,section,mouse2_slice189,0.23462996588866322,0.005553336648535895,0.24418804181811615,0.0031495696865355997,0.14215703100814295,0.00018565674714423407,12.311898158049809,0.11452045414691064
Mouse,SpaGAT,section,mouse2_slice20,0.22060819593960215,0.01605647744679415,0.23129737940844786,0.008836340157926292,0.1737320722591086,0.0013104384372134854,17.36121811118041,0.6233335893795074
Mouse,SpaGAT,section,mouse2_slice201,0.230186773018388,0.0021909769106318007,0.2327029729946112,0.0017833299168458522,0.17682063310412044,0.00038726162344014203,11.802941465143016,0.19316374718974208
Mouse,SpaGAT,section,mouse2_slice209,0.2399085983119997,0.002398713028528104,0.2517010946711007,0.0034381360079175556,0.148998462166794,0.0004639192911020314,12.999754650497067,0.27088260886251825
Mouse,SpaGAT,section,mouse2_slice219,0.2204316301849736,0.0037479092960897775,0.23638227046663207,0.0019249921481905383,0.16030049293002738,0.0002988800612996572,12.222387242939009,0.16366124521538136
Mouse,SpaGAT,section,mouse2_slice229,0.23261095602393592,0.0053806455160708665,0.24183381868602405,0.0016943003801725778,0.14755193751672815,0.0003627119551077719,12.44078703910639,0.21523792811695586
Mouse,SpaGAT,section,mouse2_slice249,0.24686449011476222,0.009156597860984182,0.25402143855779263,0.0023985587990290264,0.15084294150664979,0.0001859282058676113,13.473290101987937,0.10665236152435521
Mouse,SpaGAT,section,mouse2_slice261,0.24639705474690707,0.0032519544993821784,0.25374890927463867,0.002103832987962041,0.15749375558341935,0.0006230012295347026,18.13639635882508,0.32382951015210676
Mouse,SpaGAT,section,mouse2_slice270,0.2408725376085931,0.0035796415980726996,0.2496447632722624,0.002423742235402261,0.1560103318414619,0.0005186240380616077,13.199270573017573,0.28855104832326295
Mouse,SpaGAT,section,mouse2_slice280,0.2342105395483368,0.0013587121194716218,0.23311616371925067,0.0027198429059116774,0.1696861860408541,0.000359471008323314,11.598780463224157,0.18727320275939296
Mouse,SpaGAT,section,mouse2_slice289,0.21616688751180438,0.0006608204456800998,0.22994067633907048,0.001629236136461437,0.1614033137392672,0.00028395273515130547,11.197010357416312,0.15622883579303873
Mouse,SpaGAT,section,mouse2_slice300,0.2080478898160224,0.0038473394364331986,0.2209089952430657,0.001899850402791899,0.15707015147614703,0.0002609170111647547,10.676860433026738,0.14837909293802015
Mouse,SpaGAT,section,mouse2_slice309,0.2079986823667077,0.0007622346742465902,0.21955830520338715,0.002860270749123497,0.16063222239978636,0.00013620360775478668,10.53669623195117,0.07585791040445132
Mouse,SpaGAT,section,mouse2_slice31,0.24098295821181784,0.003431194967246583,0.2562110595707922,0.004213166991633628,0.13161784253030753,0.0008092795855951325,17.172881967166827,0.5092797030327857
Mouse,SpaGAT,section,mouse2_slice319,0.20450021501998583,0.005018708945091427,0.20903383912047832,0.0022767747855029063,0.17919242225745527,0.00041757769444673295,12.222140847303884,0.20455148486016483
Mouse,SpaGAT,section,mouse2_slice40,0.24348899406953006,0.008370065825911564,0.2524031151970954,0.004213842330684182,0.15350714168770743,0.0009004372076504844,15.217196926829288,0.49731621354330424
Mouse,SpaGAT,section,mouse2_slice50,0.23585140765592408,0.00609121389457941,0.24621522671702026,0.004098282181960038,0.15319054241116273,0.0009280345648518091,14.734651685662909,0.5165409637851629
Mouse,SpaGAT,section,mouse2_slice61,0.25125549737497416,0.0018380944081810477,0.255866768428468,0.0033866550773773937,0.14137802286340398,0.0007220243449928495,15.2284946767386,0.43293214437028843
Mouse,SpaGAT,section,mouse2_slice70,0.2546527852224016,0.004684082602490908,0.2651017072506289,0.00453078363872962,0.15269091629172982,0.0007751171665306402,15.441614832760697,0.4292505245826903
Mouse,SpaGAT,section,mouse2_slice79,0.229982632457605,0.004199093364078019,0.2413921010047483,0.00433556498767694,0.17248083470165076,0.0008005836594940158,13.73996742265637,0.4003828753976957
Mouse,SpaGAT,section,mouse2_slice90,0.2426580850684453,0.008810007749971337,0.2548098845469844,0.004229340744823638,0.14465788770827995,0.0009138858668806339,13.280620571579698,0.5478554712765644
Mouse,SpaGAT,section,mouse2_slice99,0.22842116465967935,0.004946162391708939,0.2434850080342248,0.0027932568743624857,0.15915457961762314,0.000602473324676431,13.049989589200097,0.32914580264484766
SEA_AD,GAT,donor,H20.33.035,0.12997548414731597,0.009340036576551318,0.1475953609535071,0.006674697068014615,0.3257444659256312,0.0016726763800926309,7.105243263872418,0.47700845810362236
SEA_AD,GAT,donor,H20.33.040,0.11815218913424554,0.0007299350937931892,0.13147466770088959,0.0027999414351890326,0.2778743147210531,0.0005941882680579224,3.7240598919551746,0.20587017611135344
SEA_AD,GAT,donor,H21.33.011,0.1597529717498446,0.0033416607252322477,0.17855569433812546,0.003831477061608017,0.3808768617330807,0.0009076326939149968,13.470682536673264,0.20620007514896718
SEA_AD,GAT,donor,H21.33.021,0.20739323842910737,0.007139429870101693,0.21712860012817692,0.005102540343566394,0.19535686997009183,0.001214913792082503,22.227456126815213,0.483663237496279
SEA_AD,GITIII_official,donor,H20.33.035,0.2225708491317063,0.004175601302836066,0.22519576730468027,0.0015587887241035612,0.3159870658508583,0.0006022110724310526,9.887827163640159,0.1717366123728993
SEA_AD,GITIII_official,donor,H20.33.040,0.22239322072053083,0.0011153578142781972,0.22605342478672322,0.0009011645968804629,0.2682333988713266,0.0004955680419364751,7.064376674622686,0.17170093311011686
SEA_AD,GITIII_official,donor,H21.33.011,0.27458954813637354,0.00446524858024864,0.2802172162783818,0.002343477184543894,0.36259383600064615,0.0011410837769938,17.62430250348733,0.25923654154907116
SEA_AD,GITIII_official,donor,H21.33.021,0.31650451380126726,0.004795352582557634,0.3234826269601681,0.007400323069188506,0.18510584233695337,0.0011995467282516254,26.308441333353084,0.47754553277377887
SEA_AD,LightGBM,donor,H20.33.035,0.09852844957126887,0.00058515292053101,0.11437530197101849,5.832835663779149e-05,0.3284829762295718,1.895505955954232e-05,6.324283723144514,0.005405542782438125
SEA_AD,LightGBM,donor,H20.33.040,0.09385812338818152,0.001637065769226222,0.10531502292755206,0.00015211422417453512,0.2794970493683451,5.534655112837216e-06,3.1618261933466196,0.0019176084147786631
SEA_AD,LightGBM,donor,H21.33.011,0.12051366977659578,0.0014008493120900925,0.13576692431315082,0.0002827144280921663,0.3921450786443965,3.3931846306041554e-05,10.910718368915084,0.007708789365080661
SEA_AD,LightGBM,donor,H21.33.021,0.10919712955224187,0.0005119291122510317,0.1239205645722674,0.00043624442372886,0.20669218507180778,4.5876338150297496e-05,17.714810673396837,0.01826359893093151
SEA_AD,SPICE_adapted,donor,H20.33.035,0.11017244697937861,0.005187375688461917,0.13145157699734092,0.00631016284594565,0.3287612845866426,0.0016766176088562415,6.244916643018489,0.4781324050176402
SEA_AD,SPICE_adapted,donor,H20.33.040,0.11370848384109287,0.0017809462827617477,0.12608790415496646,0.0014791636889750505,0.27881128339406014,0.00030485126772918455,3.3994255696497966,0.1056227252354017
SEA_AD,SPICE_adapted,donor,H21.33.011,0.14424432821982433,0.006481437484733686,0.16270529799122016,0.007572353526660407,0.3851946980664584,0.003305571064060528,12.489737070084763,0.7509744926435892
SEA_AD,SPICE_adapted,donor,H21.33.021,0.15278307572609676,0.008514592038391694,0.16826052528300453,0.0032600920102206325,0.20036969956652337,0.0019277064195530138,20.23182367336243,0.7674295360703651
SEA_AD,SpaGAT,donor,H20.33.035,0.24002008657299242,0.002789318370118817,0.23835382839694222,0.0016066023495288626,0.3121354710139683,0.00021494721465096332,10.986212563380775,0.06129795377909444
SEA_AD,SpaGAT,donor,H20.33.040,0.2360504494163256,0.002259907450948805,0.23715724259713342,0.002425709642422713,0.2659554480433269,0.0002377831874145942,7.853625071710877,0.08238544801526908
SEA_AD,SpaGAT,donor,H21.33.011,0.2884615624766924,0.003099156747367208,0.292338687548445,0.0012760604606918602,0.3588111943570044,0.0008910268689105798,18.483660034799005,0.2024274891824476
SEA_AD,SpaGAT,donor,H21.33.021,0.32961776037713125,0.002718000270900793,0.33473992410750814,0.004168343202732398,0.1828113050425985,0.0007793471608186868,27.221908069491906,0.3102619901029978
