cell_type,n_cells_reported,median_gene_PCC,mean_gene_PCC,MSE,EV_percent,n_cells_audited,audited_MSE,MSE0,audited_EV_percent,count_matches,MSE_matches,EV_matches_zero_reference,included_n_ge_100
Antibody.secreting.B.cells,1413,0.0691685029668463,0.0904244819746146,0.0640503,6.654972,1413,0.06405028945789208,0.06861674342273777,6.655014122008717,True,True,True,True
CD3+.alpha.beta.T.cells,13645,0.0572840251953474,0.072823794461444,0.053917665,7.1682873,13645,0.053917608034947224,0.05808106728403113,7.168358716143308,True,True,True,True
Central.venous.LSECs,4414,0.0540312426906175,0.0703715743013736,0.057833873,4.370528,4414,0.05783386398254888,0.06047702803919902,4.370525705953899,True,True,True,True
Cholangiocytes,4783,0.0629853509451465,0.0860149898786107,0.06421177,5.4231167,4783,0.06421182049061394,0.06789370615855575,5.423014703812612,True,True,True,True
Erthyroid.cells,1044,0.073829949608522,0.085449535665806,0.0574002,3.1154335,1044,0.05740020207659847,0.05924596552978517,3.1154247157281434,True,True,True,True
Hep.1,17363,0.098213977879362,0.1408347917010112,0.060627334,14.534843,17363,0.060627336247944204,0.07093809197578935,14.534864754135379,True,True,True,True
Hep.3,21274,0.0718563699938247,0.0963316634210813,0.06353459,5.3697467,21274,0.06353461929214102,0.06713987242636897,5.369764647947106,True,True,True,True
Hep.4,125995,0.0805363279508092,0.12951718631113,0.07642533,11.9080305,125995,0.0764251869652645,0.08675613935217208,11.908036092951068,True,True,True,True
Hep.5,89334,0.0890154306355735,0.134127709169564,0.075910844,11.283999,89334,0.07591089879357521,0.08556615977760808,11.283971384397184,True,True,True,True
Hep.6,6183,0.042796470740352,0.0626857402527443,0.035820264,6.367743,6183,0.035820269612436804,0.038256338876343124,6.367753254644892,True,True,True,True
Inflammatory.macrophages,5881,0.0631127063738621,0.0845282775601566,0.059399873,12.378555,5881,0.05939985744309211,0.06779153363813537,12.378649286557241,True,True,True,True
Mature.B.cells,2925,0.0550874890599961,0.068554382179283,0.0499558,6.418782,2925,0.04995580070636944,0.05338229529165812,6.418784667402877,True,True,True,True
NK.like.cells,2747,0.053812853508817,0.0675363718076025,0.052525323,3.2647073,2747,0.052525308786515464,0.054297980270940634,3.2647098024268018,True,True,True,True
Non.inflammatory.macrophages,9553,0.0580961890178604,0.076631645644579,0.06221901,7.172644,9553,0.06221905027625242,0.06702661395876354,7.172619051693186,True,True,True,True
Periportal.LSECs,6081,0.0594802950603422,0.0840502008397372,0.06121372,9.749031,6081,0.06121365570699864,0.06782602495476443,9.74901485407086,True,True,True,True
Portal.endothelial.cells,536,0.0482626370339045,0.0600258025088762,0.04470411,5.252993,536,0.04470411370996944,0.04718260850880055,5.2529838369763215,True,True,True,True
Stellate.cells,16479,0.063626308182607,0.1012770428729835,0.06559202,12.067604,16479,0.06559201703787726,0.07459366065658056,12.067571881403815,True,True,True,True
gamma.delta.T.cells.1,3178,0.0618366539915278,0.0762585139063452,0.05930407,3.9193392,3178,0.05930404611978808,0.06172320740274126,3.919370662590904,True,True,True,True
