dataset,sample,input_sections,input_csv_cells,processed_sections,processed_cells,baseline_compatible_cells,eligible_sections,eligible_receivers,excluded_flag_cells,all_input_metadata_identical,flag80_reconstruction_matches_all_sections,train_receivers,validation_receivers,test_receivers
Liver,CancerousLiver,1,460436,1,460436,460436,1,460429,7,True,True,,,
Liver,NormalLiver,1,332873,1,332873,332873,1,332828,45,True,True,,,
Mouse,mouse1,33,159107,33,159107,159107,33,159079,28,True,True,122886.0,36193.0,0.0
Mouse,mouse2,31,117278,31,117278,117278,31,117257,21,True,True,0.0,0.0,117257.0
SEA_AD,H20.33.001,3,29843,3,29843,29843,3,29839,4,False,True,29839.0,0.0,0.0
SEA_AD,H20.33.004,5,23924,5,23924,23924,5,23903,21,False,True,23903.0,0.0,0.0
SEA_AD,H20.33.012,3,10510,3,10510,10510,3,10493,17,False,True,10493.0,0.0,0.0
SEA_AD,H20.33.015,3,15443,3,15443,15443,3,15431,12,False,True,0.0,15431.0,0.0
SEA_AD,H20.33.025,3,13903,3,13903,13903,3,13898,5,False,True,13898.0,0.0,0.0
SEA_AD,H20.33.035,2,10471,2,10471,10471,2,10467,4,False,True,0.0,0.0,10467.0
SEA_AD,H20.33.040,2,17576,2,17576,17576,2,17570,6,True,True,0.0,0.0,17570.0
SEA_AD,H20.33.044,3,14675,3,14675,14675,3,14655,20,False,True,14655.0,0.0,0.0
SEA_AD,H21.33.001,2,17163,2,17163,17163,2,17146,17,False,True,17146.0,0.0,0.0
SEA_AD,H21.33.005,2,5827,2,5827,5827,2,5819,8,False,True,5819.0,0.0,0.0
SEA_AD,H21.33.006,3,5639,3,5639,5639,3,5625,14,False,True,0.0,5625.0,0.0
SEA_AD,H21.33.011,3,18276,3,18276,18276,3,18269,7,False,True,0.0,0.0,18269.0
SEA_AD,H21.33.012,3,20082,3,20082,20082,3,20029,53,False,True,0.0,20029.0,0.0
SEA_AD,H21.33.013,1,2223,1,2223,2223,1,2220,3,True,True,0.0,2220.0,0.0
SEA_AD,H21.33.014,1,4114,1,4114,4114,1,4112,2,False,True,4112.0,0.0,0.0
SEA_AD,H21.33.015,3,26726,3,26726,26726,3,26721,5,False,True,26721.0,0.0,0.0
SEA_AD,H21.33.016,3,16532,3,16532,16532,3,16525,7,False,True,16525.0,0.0,0.0
SEA_AD,H21.33.019,2,9308,2,9308,9308,2,9296,12,False,True,9296.0,0.0,0.0
SEA_AD,H21.33.021,2,8476,2,8476,8476,2,8456,20,True,True,0.0,0.0,8456.0
SEA_AD,H21.33.022,3,6282,3,6282,6282,3,6281,1,False,True,6281.0,0.0,0.0
SEA_AD,H21.33.023,3,22230,3,22230,22230,3,22223,7,False,True,22223.0,0.0,0.0
SEA_AD,H21.33.025,3,7647,3,7647,7647,3,7623,24,True,True,7623.0,0.0,0.0
SEA_AD,H21.33.028,3,10737,3,10737,10737,3,10721,16,True,True,0.0,10721.0,0.0
SEA_AD,H21.33.031,2,17585,2,17585,17585,2,17577,8,False,True,17577.0,0.0,0.0
SEA_AD,H21.33.032,1,4951,1,4951,4951,1,4940,11,True,True,4940.0,0.0,0.0
SEA_AD,H21.33.038,2,6549,2,6549,6549,2,6538,11,False,True,6538.0,0.0,0.0
SEA_AD,H21.33.040,3,19580,3,19580,19580,3,19563,17,True,True,19563.0,0.0,0.0
