dataset,sample,section,partition,input_csv_cells,stored_processed_cells,input_processed_metadata_identical,baseline_compatible_cells,eligible_receivers,excluded_by_stored_flag_after_baseline_check,baseline_incompatible_cells,stored_flag_equals_annotation_and_nearest_distance_lt80,diagnostic_unlabeled_cells,diagnostic_labeled_without_neighbor_lt80,diagnostic_after_label_check,diagnostic_after_label_and_distance_check,processed_path,type_exp_path,metadata_sha256,eligibility_flag_sha256
SEA_AD,H20.33.001,H20.33.001.CX28.MTG.02.007.1.02.02,train,7938,7938,False,7938,7937,1,0,True,0,1,7938,7937,/content/drive/MyDrive/SpaGAT_revision/inductive_data/SEA_AD/data/processed/H20.33.001.CX28.MTG.02.007.1.02.02.csv,/content/drive/MyDrive/SpaGAT_revision/inductive_data/SEA_AD/data/processed/H20.33.001.CX28.MTG.02.007.1.02.02_TypeExp.npz,bf9b9055229eac919f9e4054eb26b0b6e0ce001814ba2abd3f061d14b2ca0e14,45465662c2c4e9ae79ca711da64b2b5d7d068369481bb96b96df396a59d329a2
SEA_AD,H20.33.001,H20.33.001.CX28.MTG.02.007.1.02.03,train,15225,15225,False,15225,15222,3,0,True,0,3,15225,15222,/content/drive/MyDrive/SpaGAT_revision/inductive_data/SEA_AD/data/processed/H20.33.001.CX28.MTG.02.007.1.02.03.csv,/content/drive/MyDrive/SpaGAT_revision/inductive_data/SEA_AD/data/processed/H20.33.001.CX28.MTG.02.007.1.02.03_TypeExp.npz,beaeef97ca6a4693f3e25a1888c1609fd44587092cb6818b57bd54177308ef09,f6d93c02df7adb6fe69dae82b40ef227d0d66e27d4600db5acde92327adb3912
SEA_AD,H20.33.001,H20.33.001.Cx28.MTG.02.007.1.01.03,train,6680,6680,True,6680,6680,0,0,True,0,0,6680,6680,/content/drive/MyDrive/SpaGAT_revision/inductive_data/SEA_AD/data/processed/H20.33.001.Cx28.MTG.02.007.1.01.03.csv,/content/drive/MyDrive/SpaGAT_revision/inductive_data/SEA_AD/data/processed/H20.33.001.Cx28.MTG.02.007.1.01.03_TypeExp.npz,03e5edb6ba09cf7bf7bbb1f4c62cff7874f9be8fa28a4ce6b6a130fe59c105be,807c93bc75298ec5ffd50f5a2d43f34ae037a8003cd5ffe30426ab94c4521e6a
SEA_AD,H20.33.004,H20.33.004.Cx26.MTG.02.007.1.01.04,train,5333,5333,True,5333,5323,10,0,True,0,10,5333,5323,/content/drive/MyDrive/SpaGAT_revision/inductive_data/SEA_AD/data/processed/H20.33.004.Cx26.MTG.02.007.1.01.04.csv,/content/drive/MyDrive/SpaGAT_revision/inductive_data/SEA_AD/data/processed/H20.33.004.Cx26.MTG.02.007.1.01.04_TypeExp.npz,6822c30062db952418fed40dcb82297e55727a12e2e628d3813a6396c733ea70,38083e92d29463cb954572b601efa4bab93babc20fbace92119c85adbd702429
SEA_AD,H20.33.004,H20.33.004.Cx26.MTG.02.007.1.01.05,train,3158,3158,False,3158,3157,1,0,True,0,1,3158,3157,/content/drive/MyDrive/SpaGAT_revision/inductive_data/SEA_AD/data/processed/H20.33.004.Cx26.MTG.02.007.1.01.05.csv,/content/drive/MyDrive/SpaGAT_revision/inductive_data/SEA_AD/data/processed/H20.33.004.Cx26.MTG.02.007.1.01.05_TypeExp.npz,658385950478d3d56ec4e8856ac2418716d7ee443f0eff551d0b0575a996c6d2,b822a8ab551be2a969cf33847f56a3a0f0dd8c45ab9f8591610c58c7ba197955
SEA_AD,H20.33.004,H20.33.004.Cx26.MTG.02.007.1.02.02,train,4125,4125,False,4125,4120,5,0,True,0,5,4125,4120,/content/drive/MyDrive/SpaGAT_revision/inductive_data/SEA_AD/data/processed/H20.33.004.Cx26.MTG.02.007.1.02.02.csv,/content/drive/MyDrive/SpaGAT_revision/inductive_data/SEA_AD/data/processed/H20.33.004.Cx26.MTG.02.007.1.02.02_TypeExp.npz,96654459f3f6fcf25b31cc9a28bddf1b2d7a8cb16a7ec913bd2f3d7d2c9fc8db,b9d52a7e434b08f760d206e604b3ac43e81b335e535ab7799a85026835a80704
SEA_AD,H20.33.004,H20.33.004.Cx26.MTG.02.007.1.02.03,train,4709,4709,False,4709,4709,0,0,True,0,0,4709,4709,/content/drive/MyDrive/SpaGAT_revision/inductive_data/SEA_AD/data/processed/H20.33.004.Cx26.MTG.02.007.1.02.03.csv,/content/drive/MyDrive/SpaGAT_revision/inductive_data/SEA_AD/data/processed/H20.33.004.Cx26.MTG.02.007.1.02.03_TypeExp.npz,0c199e1eace312bde5deb6f439c6a2cf18f1fc881e980bead351c4ea03e066a0,24c73526891297ba85ef3241b028ad0490d523be92688c4adb8916fcc5d3ce46
SEA_AD,H20.33.004,H20.33.004.Cx26.MTG.02.007.1.02.04,train,6599,6599,True,6599,6594,5,0,True,0,5,6599,6594,/content/drive/MyDrive/SpaGAT_revision/inductive_data/SEA_AD/data/processed/H20.33.004.Cx26.MTG.02.007.1.02.04.csv,/content/drive/MyDrive/SpaGAT_revision/inductive_data/SEA_AD/data/processed/H20.33.004.Cx26.MTG.02.007.1.02.04_TypeExp.npz,c415c8c2f9f187bc62febe36feb7b88aa27efd70205b78bcd6558f9e483cdc3c,58b1dca677cba3fb7d63842e380092c93d563785698c663990ad94a4cb4607ee
SEA_AD,H20.33.012,H20.33.012.Cx24.MTG.02.007.1.01.01,train,3528,3528,False,3528,3525,3,0,True,0,3,3528,3525,/content/drive/MyDrive/SpaGAT_revision/inductive_data/SEA_AD/data/processed/H20.33.012.Cx24.MTG.02.007.1.01.01.csv,/content/drive/MyDrive/SpaGAT_revision/inductive_data/SEA_AD/data/processed/H20.33.012.Cx24.MTG.02.007.1.01.01_TypeExp.npz,340321af68d8fa704bb092d244ad8ee6dae96f474524d900cc63ece4999bc3e8,245d6c90c5bb6832b2c4f2edd4d2aa03ad0221cecfadb027ac2caeb676058a7e
SEA_AD,H20.33.012,H20.33.012.Cx24.MTG.02.007.1.03.02,train,3202,3202,False,3202,3192,10,0,True,0,10,3202,3192,/content/drive/MyDrive/SpaGAT_revision/inductive_data/SEA_AD/data/processed/H20.33.012.Cx24.MTG.02.007.1.03.02.csv,/content/drive/MyDrive/SpaGAT_revision/inductive_data/SEA_AD/data/processed/H20.33.012.Cx24.MTG.02.007.1.03.02_TypeExp.npz,f040d334a2b0d2877872dd5f39b28845618e6f3046774b0c5f8bb879f3e990ad,4e2fa5b9d72b171d8b89a05935121c8c850c725c68b4886075d75d8dbbcff40c
SEA_AD,H20.33.012,H20.33.012.Cx24.MTG.02.007.1.03.03,train,3780,3780,False,3780,3776,4,0,True,0,4,3780,3776,/content/drive/MyDrive/SpaGAT_revision/inductive_data/SEA_AD/data/processed/H20.33.012.Cx24.MTG.02.007.1.03.03.csv,/content/drive/MyDrive/SpaGAT_revision/inductive_data/SEA_AD/data/processed/H20.33.012.Cx24.MTG.02.007.1.03.03_TypeExp.npz,e9d3593048e0021dad0885c02c2e90db7edffcc324716db476ebe9ac65b7fd3b,04aa71c26f41e6b807a81163265a68347fc7b6e72f5edb924370a92a8f3bb21f
SEA_AD,H20.33.015,H20.33.015.CX24.MTG.02.007.1.03.01,validation,6505,6505,False,6505,6500,5,0,True,0,5,6505,6500,/content/drive/MyDrive/SpaGAT_revision/inductive_data/SEA_AD/data/processed/H20.33.015.CX24.MTG.02.007.1.03.01.csv,/content/drive/MyDrive/SpaGAT_revision/inductive_data/SEA_AD/data/processed/H20.33.015.CX24.MTG.02.007.1.03.01_TypeExp.npz,e85a3a2b99645c3b29e59a9118c038cbd213e763aaefab6344329bc7814324ed,8b4a39c74dbc9b2a0debc8662c94e110f7bfa5466c1d663dd3b472237cf31981
SEA_AD,H20.33.015,H20.33.015.CX24.MTG.02.007.1.03.02,validation,3009,3009,False,3009,3007,2,0,True,0,2,3009,3007,/content/drive/MyDrive/SpaGAT_revision/inductive_data/SEA_AD/data/processed/H20.33.015.CX24.MTG.02.007.1.03.02.csv,/content/drive/MyDrive/SpaGAT_revision/inductive_data/SEA_AD/data/processed/H20.33.015.CX24.MTG.02.007.1.03.02_TypeExp.npz,cf47ca035eea58483e11cbc8ee041e6de3cb3c5c46390849e393e1e82cf542cf,a3907ff72066a1ceb134c3ff3cbeadba85947c43142b95ee28f8358160ad3519
SEA_AD,H20.33.015,H20.33.015.Cx24.MTG.02.007.1.03.03,validation,5929,5929,False,5929,5924,5,0,True,0,5,5929,5924,/content/drive/MyDrive/SpaGAT_revision/inductive_data/SEA_AD/data/processed/H20.33.015.Cx24.MTG.02.007.1.03.03.csv,/content/drive/MyDrive/SpaGAT_revision/inductive_data/SEA_AD/data/processed/H20.33.015.Cx24.MTG.02.007.1.03.03_TypeExp.npz,a2c7bf3636142f0776db0fa9ab9a24f9a20322901b59d2c0a265ac7848419d81,b29f923b41982853dfced1c7101ad732db92870b7e0caabcf5142b65c2fba397
SEA_AD,H20.33.025,H20.33.025.Cx28.MTG.02.007.1.01.02,train,5396,5396,False,5396,5394,2,0,True,0,2,5396,5394,/content/drive/MyDrive/SpaGAT_revision/inductive_data/SEA_AD/data/processed/H20.33.025.Cx28.MTG.02.007.1.01.02.csv,/content/drive/MyDrive/SpaGAT_revision/inductive_data/SEA_AD/data/processed/H20.33.025.Cx28.MTG.02.007.1.01.02_TypeExp.npz,a519e8282cbe8665b5181dcba54703cb6d0713287f58d768c248d116fc33ea6c,349fdd2ac4977860237e44f8bf47b88575cc6c8931d2c0fe03be771a95222ee1
SEA_AD,H20.33.025,H20.33.025.Cx28.MTG.02.007.1.01.04,train,5066,5066,True,5066,5063,3,0,True,0,3,5066,5063,/content/drive/MyDrive/SpaGAT_revision/inductive_data/SEA_AD/data/processed/H20.33.025.Cx28.MTG.02.007.1.01.04.csv,/content/drive/MyDrive/SpaGAT_revision/inductive_data/SEA_AD/data/processed/H20.33.025.Cx28.MTG.02.007.1.01.04_TypeExp.npz,ab2409f64b83e4de5003c5051279ada2cd40baa98386f986b6bbe36a38274d4c,8d17f7d12e9220005afb249d2d33810a94dc30fa38c9658fb2d729aa589a4026
SEA_AD,H20.33.025,H20.33.025.Cx28.MTG.02.007.1.01.06,train,3441,3441,True,3441,3441,0,0,True,0,0,3441,3441,/content/drive/MyDrive/SpaGAT_revision/inductive_data/SEA_AD/data/processed/H20.33.025.Cx28.MTG.02.007.1.01.06.csv,/content/drive/MyDrive/SpaGAT_revision/inductive_data/SEA_AD/data/processed/H20.33.025.Cx28.MTG.02.007.1.01.06_TypeExp.npz,d67822084dffd6117de784314d583eeb5d4979fd314ac003d6786a013bb12238,d19c22827d36c370af4e6351bcd8e0fe80a7230e2583bb4d469a4da9e0459b48
SEA_AD,H20.33.035,H20.33.035.Cx26.MTG.02.007.1.01.03,test,6061,6061,False,6061,6060,1,0,True,0,1,6061,6060,/content/drive/MyDrive/SpaGAT_revision/inductive_data/SEA_AD/data/processed/H20.33.035.Cx26.MTG.02.007.1.01.03.csv,/content/drive/MyDrive/SpaGAT_revision/inductive_data/SEA_AD/data/processed/H20.33.035.Cx26.MTG.02.007.1.01.03_TypeExp.npz,e4d17c3fd42816e5e286d1c1f2ffbfdff9d4be9a5552e3e660e5e052d75a1608,2a1ed034521651ecbcdca9083588a9b5bf761f64902e9fcd773ea5b5a08ebfa8
SEA_AD,H20.33.035,H20.33.035.Cx26.MTG.02.007.1.01.04,test,4410,4410,False,4410,4407,3,0,True,0,3,4410,4407,/content/drive/MyDrive/SpaGAT_revision/inductive_data/SEA_AD/data/processed/H20.33.035.Cx26.MTG.02.007.1.01.04.csv,/content/drive/MyDrive/SpaGAT_revision/inductive_data/SEA_AD/data/processed/H20.33.035.Cx26.MTG.02.007.1.01.04_TypeExp.npz,792600dd3f3a30a3e3ecbc5ffb2222569f04d49bab9a36b3f1b53a60ef73377c,ef24d5261e587cee54560b51acf59bb45ba6ef177ec408772b921985dc24498c
SEA_AD,H20.33.040,H20.33.040.Cx25.MTG.02.007.1.01.03,test,8659,8659,True,8659,8654,5,0,True,0,5,8659,8654,/content/drive/MyDrive/SpaGAT_revision/inductive_data/SEA_AD/data/processed/H20.33.040.Cx25.MTG.02.007.1.01.03.csv,/content/drive/MyDrive/SpaGAT_revision/inductive_data/SEA_AD/data/processed/H20.33.040.Cx25.MTG.02.007.1.01.03_TypeExp.npz,494ae576fd0379896bd564edee8bb90aaaf5b5bf06d0a11363335d1c3a11352d,20a1d3e05a614cbd2098b8caf64ba92929653a580b9bb800766e77d8f6681a42
SEA_AD,H20.33.040,H20.33.040.Cx25.MTG.02.007.1.01.04,test,8917,8917,True,8917,8916,1,0,True,0,1,8917,8916,/content/drive/MyDrive/SpaGAT_revision/inductive_data/SEA_AD/data/processed/H20.33.040.Cx25.MTG.02.007.1.01.04.csv,/content/drive/MyDrive/SpaGAT_revision/inductive_data/SEA_AD/data/processed/H20.33.040.Cx25.MTG.02.007.1.01.04_TypeExp.npz,9ab9e3eb1d35bb2145787a81b5962849a42999d21da68e4dba48972cdaeb2f3d,154c3f76b35b78f6ea0ff275623d697eee979921d31e58e1090a507ccab33814
SEA_AD,H20.33.044,H20.33.044.Cx26.MTG.02.007.1.01.02,train,3053,3053,True,3053,3040,13,0,True,0,13,3053,3040,/content/drive/MyDrive/SpaGAT_revision/inductive_data/SEA_AD/data/processed/H20.33.044.Cx26.MTG.02.007.1.01.02.csv,/content/drive/MyDrive/SpaGAT_revision/inductive_data/SEA_AD/data/processed/H20.33.044.Cx26.MTG.02.007.1.01.02_TypeExp.npz,41cfc64aea1518bebc3b416003f5cb6fb565a1124e3e651082b602d400888488,827178fb22394d28907be8f4cd6350e1493b0bbe49be30346c9a7f687531975b
SEA_AD,H20.33.044,H20.33.044.Cx26.MTG.02.007.1.01.03,train,5126,5126,True,5126,5124,2,0,True,0,2,5126,5124,/content/drive/MyDrive/SpaGAT_revision/inductive_data/SEA_AD/data/processed/H20.33.044.Cx26.MTG.02.007.1.01.03.csv,/content/drive/MyDrive/SpaGAT_revision/inductive_data/SEA_AD/data/processed/H20.33.044.Cx26.MTG.02.007.1.01.03_TypeExp.npz,f9f9619d61593949d6336baa603336d4ad69780337b2298a1ad734ee731ae522,461e18c3dd5c9be0df817817a46acb856dae0ce176ea8c13d0ad2af6de83073e
SEA_AD,H20.33.044,H20.33.044.Cx26.MTG.02.007.1.01.04,train,6496,6496,False,6496,6491,5,0,True,0,5,6496,6491,/content/drive/MyDrive/SpaGAT_revision/inductive_data/SEA_AD/data/processed/H20.33.044.Cx26.MTG.02.007.1.01.04.csv,/content/drive/MyDrive/SpaGAT_revision/inductive_data/SEA_AD/data/processed/H20.33.044.Cx26.MTG.02.007.1.01.04_TypeExp.npz,96bcdfb8db183e7cc10d8b51826716fec7743333e23f0d2b668fec8304b68ae4,a3cd069cab53ce2d5ad6a9f8aa86ee891cb45e524337c7f2ec0d8dcf832c7773
SEA_AD,H21.33.001,H21.33.001.Cx22.MTG.02.007.1.01.03,train,10480,10480,False,10480,10469,11,0,True,0,11,10480,10469,/content/drive/MyDrive/SpaGAT_revision/inductive_data/SEA_AD/data/processed/H21.33.001.Cx22.MTG.02.007.1.01.03.csv,/content/drive/MyDrive/SpaGAT_revision/inductive_data/SEA_AD/data/processed/H21.33.001.Cx22.MTG.02.007.1.01.03_TypeExp.npz,e4ab60b413556d56e23d39417a29843e26260c7d2445e8fa9aa1d1bd27f66075,586cd4f1c04f861472f010ff89ce42fc057979b6f626e1ef5d90a120568f5758
SEA_AD,H21.33.001,H21.33.001.Cx22.MTG.02.007.1.01.04,train,6683,6683,False,6683,6677,6,0,True,0,6,6683,6677,/content/drive/MyDrive/SpaGAT_revision/inductive_data/SEA_AD/data/processed/H21.33.001.Cx22.MTG.02.007.1.01.04.csv,/content/drive/MyDrive/SpaGAT_revision/inductive_data/SEA_AD/data/processed/H21.33.001.Cx22.MTG.02.007.1.01.04_TypeExp.npz,9dd669d34d2e07fb0d1e58372d20e6fb0d26f36afde7c2049f1d6c527a300fc8,98656230dd2d2106ab0066c9eb5acd70c60b819d3cb40dd719e2ce572dbe2423
SEA_AD,H21.33.005,H21.33.005.Cx18.MTG.02.007.02.03,train,2122,2122,False,2122,2117,5,0,True,0,5,2122,2117,/content/drive/MyDrive/SpaGAT_revision/inductive_data/SEA_AD/data/processed/H21.33.005.Cx18.MTG.02.007.02.03.csv,/content/drive/MyDrive/SpaGAT_revision/inductive_data/SEA_AD/data/processed/H21.33.005.Cx18.MTG.02.007.02.03_TypeExp.npz,c9dfb369410047b2189e864d79c9bbe5f9563a3126dd4063e111c29647309f83,2353ed3b6f94e45856a9e3574de854537ebbdee561d78c676996899993ec34ff
SEA_AD,H21.33.005,H21.33.005.Cx18.MTG.02.007.02.04,train,3705,3705,True,3705,3702,3,0,True,0,3,3705,3702,/content/drive/MyDrive/SpaGAT_revision/inductive_data/SEA_AD/data/processed/H21.33.005.Cx18.MTG.02.007.02.04.csv,/content/drive/MyDrive/SpaGAT_revision/inductive_data/SEA_AD/data/processed/H21.33.005.Cx18.MTG.02.007.02.04_TypeExp.npz,ebc62ce33a8c934585e5e3bac1a239b00ed38fa6e00bc1e44bb4fafba170b01b,951fa8b1d4eeead6fffeb6b3bff7013d3d83b3e68078f31e427492feddcab5d4
SEA_AD,H21.33.006,H21.33.006.Cx28.MTG.02.007.1.01.09.02,validation,1955,1955,False,1955,1952,3,0,True,0,3,1955,1952,/content/drive/MyDrive/SpaGAT_revision/inductive_data/SEA_AD/data/processed/H21.33.006.Cx28.MTG.02.007.1.01.09.02.csv,/content/drive/MyDrive/SpaGAT_revision/inductive_data/SEA_AD/data/processed/H21.33.006.Cx28.MTG.02.007.1.01.09.02_TypeExp.npz,abe87ee143b4572cb1202f75ba09097939f2b74f95d8492bade29ac0e77a2517,e127d5d0f6f93aa3e11b3d04e86067546a536cc6c732cb49fa252dfd6b6d191f
SEA_AD,H21.33.006,H21.33.006.Cx28.MTG.02.007.1.01.09.03,validation,774,774,True,774,765,9,0,True,0,9,774,765,/content/drive/MyDrive/SpaGAT_revision/inductive_data/SEA_AD/data/processed/H21.33.006.Cx28.MTG.02.007.1.01.09.03.csv,/content/drive/MyDrive/SpaGAT_revision/inductive_data/SEA_AD/data/processed/H21.33.006.Cx28.MTG.02.007.1.01.09.03_TypeExp.npz,559a9b2260a9b92be69e4885c11e5ed1380f41a04f0b31ca4b57443fe0045340,febe1619003f3e9fe1badb02fadefd6c2c5f7b254c3b245c5a4c139314a5d44e
SEA_AD,H21.33.006,H21.33.006.Cx28.MTG.02.007.1.01.09.04,validation,2910,2910,True,2910,2908,2,0,True,0,2,2910,2908,/content/drive/MyDrive/SpaGAT_revision/inductive_data/SEA_AD/data/processed/H21.33.006.Cx28.MTG.02.007.1.01.09.04.csv,/content/drive/MyDrive/SpaGAT_revision/inductive_data/SEA_AD/data/processed/H21.33.006.Cx28.MTG.02.007.1.01.09.04_TypeExp.npz,32599db4eabd0d57948974ec2f32499eb7a6d2ea5671d621f3ce5e53a3ca6f86,4306a6a1ce8dc88e307d1b4e98fa3d944520f3b2fcbcde3e122fe68f5f4c00c2
SEA_AD,H21.33.011,H21.33.011.Cx26.MTG.02.007.3.01.04,test,6527,6527,False,6527,6523,4,0,True,0,4,6527,6523,/content/drive/MyDrive/SpaGAT_revision/inductive_data/SEA_AD/data/processed/H21.33.011.Cx26.MTG.02.007.3.01.04.csv,/content/drive/MyDrive/SpaGAT_revision/inductive_data/SEA_AD/data/processed/H21.33.011.Cx26.MTG.02.007.3.01.04_TypeExp.npz,a2fa3d2c2fbeb648cb9f56f24f9fc77b286c5a563eb9c1615c7a6a2f3fb64f07,af0938431819f1d51d68af9d813e91bfb77f641086b163a28723dd879b322b3e
SEA_AD,H21.33.011,H21.33.011.Cx26.MTG.02.007.3.01.05,test,6342,6342,False,6342,6340,2,0,True,0,2,6342,6340,/content/drive/MyDrive/SpaGAT_revision/inductive_data/SEA_AD/data/processed/H21.33.011.Cx26.MTG.02.007.3.01.05.csv,/content/drive/MyDrive/SpaGAT_revision/inductive_data/SEA_AD/data/processed/H21.33.011.Cx26.MTG.02.007.3.01.05_TypeExp.npz,9d472a412ab78873cf54f8e38c42567957ae74897071f590f65762926a8a05d1,104ff412d00b05b08f4203fd6b947d5f1e6bcb1854180127882e357324a584ad
SEA_AD,H21.33.011,H21.33.011.Cx26.MTG.02.007.3.01.06,test,5407,5407,False,5407,5406,1,0,True,0,1,5407,5406,/content/drive/MyDrive/SpaGAT_revision/inductive_data/SEA_AD/data/processed/H21.33.011.Cx26.MTG.02.007.3.01.06.csv,/content/drive/MyDrive/SpaGAT_revision/inductive_data/SEA_AD/data/processed/H21.33.011.Cx26.MTG.02.007.3.01.06_TypeExp.npz,d82c5bf79c5cf952d9310c1f65404c5531b81c4b77607274d5bcea48e28488ae,8aabbe90475b43da6c0864d9af990d35262cf417a68bfe986a17f6b8e7b03083
SEA_AD,H21.33.012,H21.33.012.Cx26.MTG.02.007.1.01.04,validation,5747,5747,False,5747,5727,20,0,True,0,20,5747,5727,/content/drive/MyDrive/SpaGAT_revision/inductive_data/SEA_AD/data/processed/H21.33.012.Cx26.MTG.02.007.1.01.04.csv,/content/drive/MyDrive/SpaGAT_revision/inductive_data/SEA_AD/data/processed/H21.33.012.Cx26.MTG.02.007.1.01.04_TypeExp.npz,d03549313fd3896b522363ef0b19c19a101510d17ac463afc706dc4f548de9a8,70320d8035c58462bad6c6f9853bb30817211850eba2f7924793fcd12f165729
SEA_AD,H21.33.012,H21.33.012.Cx26.MTG.02.007.1.01.05,validation,7476,7476,False,7476,7458,18,0,True,0,18,7476,7458,/content/drive/MyDrive/SpaGAT_revision/inductive_data/SEA_AD/data/processed/H21.33.012.Cx26.MTG.02.007.1.01.05.csv,/content/drive/MyDrive/SpaGAT_revision/inductive_data/SEA_AD/data/processed/H21.33.012.Cx26.MTG.02.007.1.01.05_TypeExp.npz,1233e32a78b0121882f94ac9c571d68ca5f4e510044f47287c2444f494eb8c23,773d98c39618002deb4cf3019c695f73f9e0eee86f43d5a165eb840b2246e9ee
SEA_AD,H21.33.012,H21.33.012.Cx26.MTG.02.007.1.01.06,validation,6859,6859,False,6859,6844,15,0,True,0,15,6859,6844,/content/drive/MyDrive/SpaGAT_revision/inductive_data/SEA_AD/data/processed/H21.33.012.Cx26.MTG.02.007.1.01.06.csv,/content/drive/MyDrive/SpaGAT_revision/inductive_data/SEA_AD/data/processed/H21.33.012.Cx26.MTG.02.007.1.01.06_TypeExp.npz,0cc07b726a246a244e94a9d8701c3a775a3f7556896d8dcff1f9d644425365a1,1db23624b981461540840ba9cc92fc43b2bcd11b3b49189ae5cc5404aaf96a7c
SEA_AD,H21.33.013,H21.33.013.Cx24.MTG.02.007.1.06,validation,2223,2223,True,2223,2220,3,0,True,0,3,2223,2220,/content/drive/MyDrive/SpaGAT_revision/inductive_data/SEA_AD/data/processed/H21.33.013.Cx24.MTG.02.007.1.06.csv,/content/drive/MyDrive/SpaGAT_revision/inductive_data/SEA_AD/data/processed/H21.33.013.Cx24.MTG.02.007.1.06_TypeExp.npz,9057b8289577c52e3caddd0a2f7d71777d234049a4499b31aa53a3691d6d6687,1ba0164cdfce44b11abd18fafbff6fe4ff654d9a36d9d0dd526664da61b0b167
SEA_AD,H21.33.014,H21.33.014.CX26.MTG.02.007.1.02.02,train,4114,4114,False,4114,4112,2,0,True,0,2,4114,4112,/content/drive/MyDrive/SpaGAT_revision/inductive_data/SEA_AD/data/processed/H21.33.014.CX26.MTG.02.007.1.02.02.csv,/content/drive/MyDrive/SpaGAT_revision/inductive_data/SEA_AD/data/processed/H21.33.014.CX26.MTG.02.007.1.02.02_TypeExp.npz,774c2aba6ba46e6c272a78c19baa4078e3627df1c88aa07ad7fad7b3f273bd8f,dc578848eb150212c0557707cf83e44bbc11e0a486097d39c73e2f71eafb75f9
SEA_AD,H21.33.015,H21.33.015.Cx26.MTG.02.007.1.0,train,7574,7574,False,7574,7573,1,0,True,0,1,7574,7573,/content/drive/MyDrive/SpaGAT_revision/inductive_data/SEA_AD/data/processed/H21.33.015.Cx26.MTG.02.007.1.0.csv,/content/drive/MyDrive/SpaGAT_revision/inductive_data/SEA_AD/data/processed/H21.33.015.Cx26.MTG.02.007.1.0_TypeExp.npz,8132222b337c9e8db9bc9d10ca72b20ce7ee137eabac7c7fa0f868a906666cd6,06d277c13470638668da5f67fb7c3096a4e3c119bc9e28734695cc35cc8a8819
SEA_AD,H21.33.015,H21.33.015.Cx26.MTG.02.007.1.1,train,11093,11093,False,11093,11091,2,0,True,0,2,11093,11091,/content/drive/MyDrive/SpaGAT_revision/inductive_data/SEA_AD/data/processed/H21.33.015.Cx26.MTG.02.007.1.1.csv,/content/drive/MyDrive/SpaGAT_revision/inductive_data/SEA_AD/data/processed/H21.33.015.Cx26.MTG.02.007.1.1_TypeExp.npz,66cfda3f746d8d830d4c2da2c7650bececa94bc5163ab0e2bdcd649ec6f3eb3b,7bda36f967a13a287497d31f26bac3d89b72b9801a67ac377f82664b62eb09b4
SEA_AD,H21.33.015,H21.33.015.Cx26.MTG.02.007.1.2,train,8059,8059,False,8059,8057,2,0,True,0,2,8059,8057,/content/drive/MyDrive/SpaGAT_revision/inductive_data/SEA_AD/data/processed/H21.33.015.Cx26.MTG.02.007.1.2.csv,/content/drive/MyDrive/SpaGAT_revision/inductive_data/SEA_AD/data/processed/H21.33.015.Cx26.MTG.02.007.1.2_TypeExp.npz,1003e4b18a3bb9fb4fef3f313e8f85ba31a8481c17aea6662047789ccb596cfa,bb71ea1a1c0699ad792bf88187d2773cd6423bcc912e26803baa3a7a526afdee
SEA_AD,H21.33.016,H21.33.016.Cx26.MTG.02.007.3.01.01,train,4698,4698,False,4698,4696,2,0,True,0,2,4698,4696,/content/drive/MyDrive/SpaGAT_revision/inductive_data/SEA_AD/data/processed/H21.33.016.Cx26.MTG.02.007.3.01.01.csv,/content/drive/MyDrive/SpaGAT_revision/inductive_data/SEA_AD/data/processed/H21.33.016.Cx26.MTG.02.007.3.01.01_TypeExp.npz,6d530d2425a7a21adc76f1a176874ed7eeffa3c9cf821196abf35ef0792e845b,f7e3d93ea5ebc43ecb15110b47f62c413503adfd89c500d2b52260560cd81168
SEA_AD,H21.33.016,H21.33.016.Cx26.MTG.02.007.3.01.02,train,6231,6231,False,6231,6229,2,0,True,0,2,6231,6229,/content/drive/MyDrive/SpaGAT_revision/inductive_data/SEA_AD/data/processed/H21.33.016.Cx26.MTG.02.007.3.01.02.csv,/content/drive/MyDrive/SpaGAT_revision/inductive_data/SEA_AD/data/processed/H21.33.016.Cx26.MTG.02.007.3.01.02_TypeExp.npz,4a3a6bf3b4fdf5c6d329c92728e36f78ad99fe13436279990d730a370c7f4e49,4da0c0fe0d45fa93501dea2e4a794703c45050614bb1486b224c586feb839e5a
SEA_AD,H21.33.016,H21.33.016.Cx26.MTG.02.007.3.01.03,train,5603,5603,False,5603,5600,3,0,True,0,3,5603,5600,/content/drive/MyDrive/SpaGAT_revision/inductive_data/SEA_AD/data/processed/H21.33.016.Cx26.MTG.02.007.3.01.03.csv,/content/drive/MyDrive/SpaGAT_revision/inductive_data/SEA_AD/data/processed/H21.33.016.Cx26.MTG.02.007.3.01.03_TypeExp.npz,02aea6ab4d0f09b1b7fd665f543c247351e022a860f2b64848bc257ba1895de8,0010dbf03801b455d157b909286715721e661eeb691e483bbd432ec96d43753d
SEA_AD,H21.33.019,H21.33.019.Cx30.MTG.02.007.5.0,train,4033,4033,False,4033,4025,8,0,True,0,8,4033,4025,/content/drive/MyDrive/SpaGAT_revision/inductive_data/SEA_AD/data/processed/H21.33.019.Cx30.MTG.02.007.5.0.csv,/content/drive/MyDrive/SpaGAT_revision/inductive_data/SEA_AD/data/processed/H21.33.019.Cx30.MTG.02.007.5.0_TypeExp.npz,77cbffc29a2ace7802d0d6be42531e0e3e1c49edbb865ad671e1265b2e21080c,726f721d454428b448d2afcca43ad78db00f1f34884e87b45153a458e83dc2e9
SEA_AD,H21.33.019,H21.33.019.Cx30.MTG.02.007.5.01.02,train,5275,5275,True,5275,5271,4,0,True,0,4,5275,5271,/content/drive/MyDrive/SpaGAT_revision/inductive_data/SEA_AD/data/processed/H21.33.019.Cx30.MTG.02.007.5.01.02.csv,/content/drive/MyDrive/SpaGAT_revision/inductive_data/SEA_AD/data/processed/H21.33.019.Cx30.MTG.02.007.5.01.02_TypeExp.npz,752ef014668402ae1139cbb0a4c3a519c93f259a5b7598e542bcb7eac0f30539,73c01bb25c113401271b5ca9aa7edd9e0fe5dc3a64a982beaba60744d4715d6b
SEA_AD,H21.33.021,H21.33.021.Cx26.MTG.02.007.1.04,test,4834,4834,True,4834,4829,5,0,True,0,5,4834,4829,/content/drive/MyDrive/SpaGAT_revision/inductive_data/SEA_AD/data/processed/H21.33.021.Cx26.MTG.02.007.1.04.csv,/content/drive/MyDrive/SpaGAT_revision/inductive_data/SEA_AD/data/processed/H21.33.021.Cx26.MTG.02.007.1.04_TypeExp.npz,5525f6e9c19ef2570645fdaaefa2ef938ac8a3ba56a165a2401f9339e44bf3a8,3677a1465216bec3155b12e2637729419da818ff50e508fad55926a5fbabcd52
SEA_AD,H21.33.021,H21.33.021.Cx26.MTG.02.007.1.06,test,3642,3642,True,3642,3627,15,0,True,0,15,3642,3627,/content/drive/MyDrive/SpaGAT_revision/inductive_data/SEA_AD/data/processed/H21.33.021.Cx26.MTG.02.007.1.06.csv,/content/drive/MyDrive/SpaGAT_revision/inductive_data/SEA_AD/data/processed/H21.33.021.Cx26.MTG.02.007.1.06_TypeExp.npz,33f67280f86ae3e998ded6801c528fd8b226b80cb8932b08ba49716613b98b2d,797affabae8f6248edfed12b5aa65c2d0ae2a8e85e579b9d5baf389a2c74a922
SEA_AD,H21.33.022,H21.33.022.Cx26.MTG.02.007.2.M.02,train,1780,1780,True,1780,1780,0,0,True,0,0,1780,1780,/content/drive/MyDrive/SpaGAT_revision/inductive_data/SEA_AD/data/processed/H21.33.022.Cx26.MTG.02.007.2.M.02.csv,/content/drive/MyDrive/SpaGAT_revision/inductive_data/SEA_AD/data/processed/H21.33.022.Cx26.MTG.02.007.2.M.02_TypeExp.npz,538f281b3508f14aff86456a6619c29458612b7afc9e30e5048eed3d67dbd7a6,c91559ff0782723085752160ef32dcd71517439197f1502781df45641d30a3ae
SEA_AD,H21.33.022,H21.33.022.Cx26.MTG.02.007.2.M.03,train,2226,2226,False,2226,2225,1,0,True,0,1,2226,2225,/content/drive/MyDrive/SpaGAT_revision/inductive_data/SEA_AD/data/processed/H21.33.022.Cx26.MTG.02.007.2.M.03.csv,/content/drive/MyDrive/SpaGAT_revision/inductive_data/SEA_AD/data/processed/H21.33.022.Cx26.MTG.02.007.2.M.03_TypeExp.npz,7fcab0874959d517edd084c36ab2066e8c1dd4b5e4cbfb035724da54c6e62eaa,790b68561760b6c21255763dab482500f33229db10cc888a89636bf5fa30a2e8
SEA_AD,H21.33.022,H21.33.022.Cx26.MTG.02.007.2.M.04,train,2276,2276,False,2276,2276,0,0,True,0,0,2276,2276,/content/drive/MyDrive/SpaGAT_revision/inductive_data/SEA_AD/data/processed/H21.33.022.Cx26.MTG.02.007.2.M.04.csv,/content/drive/MyDrive/SpaGAT_revision/inductive_data/SEA_AD/data/processed/H21.33.022.Cx26.MTG.02.007.2.M.04_TypeExp.npz,e1e702dc57e9e5d3e11a93013e18806d8812026c0b2ee7577b2f04a46473e690,7457990b3510d2f47749f50c7006ca25e512ee0cf84d3ac89b1d4f9222f4ca23
SEA_AD,H21.33.023,H21.33.023.Cx26.MTG.02.007.1.03.01,train,6739,6739,False,6739,6738,1,0,True,0,1,6739,6738,/content/drive/MyDrive/SpaGAT_revision/inductive_data/SEA_AD/data/processed/H21.33.023.Cx26.MTG.02.007.1.03.01.csv,/content/drive/MyDrive/SpaGAT_revision/inductive_data/SEA_AD/data/processed/H21.33.023.Cx26.MTG.02.007.1.03.01_TypeExp.npz,d8c466c338afbaa7a35cbbf59fcc4a8f093b9ea757d05c1451662e7831704d86,ecfa3614ad7b9216ade890d52db74fa74162628bc73f84ac45cd43729434ee75
SEA_AD,H21.33.023,H21.33.023.Cx26.MTG.02.007.1.03.04,train,8306,8306,False,8306,8304,2,0,True,0,2,8306,8304,/content/drive/MyDrive/SpaGAT_revision/inductive_data/SEA_AD/data/processed/H21.33.023.Cx26.MTG.02.007.1.03.04.csv,/content/drive/MyDrive/SpaGAT_revision/inductive_data/SEA_AD/data/processed/H21.33.023.Cx26.MTG.02.007.1.03.04_TypeExp.npz,800980e6801e5df647f559a9fa93da1b4acbc85a2a515cf717c970909eb557d6,444a2ec1735091980adf4cb8ea3cc73787ae5e8af07f379ef37a32654404d599
SEA_AD,H21.33.023,H21.33.023.Cx26.MTG.02.007.1.03.05,train,7185,7185,True,7185,7181,4,0,True,0,4,7185,7181,/content/drive/MyDrive/SpaGAT_revision/inductive_data/SEA_AD/data/processed/H21.33.023.Cx26.MTG.02.007.1.03.05.csv,/content/drive/MyDrive/SpaGAT_revision/inductive_data/SEA_AD/data/processed/H21.33.023.Cx26.MTG.02.007.1.03.05_TypeExp.npz,7b4116333228340aa48b2c54dfa4339507881ba87072ad9e6e3c2141fecb3e7e,d8aefd87da3a080b6d4237f56acb50bb0047345eea2f6035bd64e405a63d74d6
SEA_AD,H21.33.025,H21.33.025.CX26.MTG.02.007.4.01.02,train,3015,3015,True,3015,3012,3,0,True,0,3,3015,3012,/content/drive/MyDrive/SpaGAT_revision/inductive_data/SEA_AD/data/processed/H21.33.025.CX26.MTG.02.007.4.01.02.csv,/content/drive/MyDrive/SpaGAT_revision/inductive_data/SEA_AD/data/processed/H21.33.025.CX26.MTG.02.007.4.01.02_TypeExp.npz,7d279a3edd66b97e35cfb1ad33b09f88e2d088002afcee40f8060c6f81fdadd0,a3d10f37e52039ccd924aabdcfb26d1b4cb642a78230482a5ccf2d5c5d24aad3
SEA_AD,H21.33.025,H21.33.025.CX26.MTG.02.007.4.01.04,train,2709,2709,True,2709,2693,16,0,True,0,16,2709,2693,/content/drive/MyDrive/SpaGAT_revision/inductive_data/SEA_AD/data/processed/H21.33.025.CX26.MTG.02.007.4.01.04.csv,/content/drive/MyDrive/SpaGAT_revision/inductive_data/SEA_AD/data/processed/H21.33.025.CX26.MTG.02.007.4.01.04_TypeExp.npz,88f69899bbecd756899ce694986520e73c5219b4032571788d8d05c63174f0a9,c3eea58ab60053e9cff750c10ccfc5816bb3979506400ea4f38aeeb28516a831
SEA_AD,H21.33.025,H21.33.025.CX26.MTG.02.007.4.01.06,train,1923,1923,True,1923,1918,5,0,True,0,5,1923,1918,/content/drive/MyDrive/SpaGAT_revision/inductive_data/SEA_AD/data/processed/H21.33.025.CX26.MTG.02.007.4.01.06.csv,/content/drive/MyDrive/SpaGAT_revision/inductive_data/SEA_AD/data/processed/H21.33.025.CX26.MTG.02.007.4.01.06_TypeExp.npz,48931d890a66955986d83d9118b2ec2c0b7f2a5c8a6e8b442ed4da00933526b3,0ccc1206f217d892c059c9dad274e97db38672d842d275a50d457bb635419192
SEA_AD,H21.33.028,H21.33.028.CX28.MTG.02.007.1.01.01,validation,4427,4427,True,4427,4421,6,0,True,0,6,4427,4421,/content/drive/MyDrive/SpaGAT_revision/inductive_data/SEA_AD/data/processed/H21.33.028.CX28.MTG.02.007.1.01.01.csv,/content/drive/MyDrive/SpaGAT_revision/inductive_data/SEA_AD/data/processed/H21.33.028.CX28.MTG.02.007.1.01.01_TypeExp.npz,0821e19b4eef75b87ff4f0fca389377755f422addfb368369338ccc966488518,cbb2f903c4d2021d9b50781658cda4a4a8e8c1ce8c7673056060fdd6a0aff1ae
SEA_AD,H21.33.028,H21.33.028.Cx28.MTG.02.007.1.02.02,validation,3310,3310,True,3310,3305,5,0,True,0,5,3310,3305,/content/drive/MyDrive/SpaGAT_revision/inductive_data/SEA_AD/data/processed/H21.33.028.Cx28.MTG.02.007.1.02.02.csv,/content/drive/MyDrive/SpaGAT_revision/inductive_data/SEA_AD/data/processed/H21.33.028.Cx28.MTG.02.007.1.02.02_TypeExp.npz,963b77582bb74254e6573cdb0e1a994643308d22188c394b9ddb4a5e74bbfa02,11e42ba98d8fb6c8ceddd07099eea36aa5644066a0f7df0ad2f9d16edab1d7a3
SEA_AD,H21.33.028,H21.33.028.Cx28.MTG.02.007.1.02.04,validation,3000,3000,True,3000,2995,5,0,True,0,5,3000,2995,/content/drive/MyDrive/SpaGAT_revision/inductive_data/SEA_AD/data/processed/H21.33.028.Cx28.MTG.02.007.1.02.04.csv,/content/drive/MyDrive/SpaGAT_revision/inductive_data/SEA_AD/data/processed/H21.33.028.Cx28.MTG.02.007.1.02.04_TypeExp.npz,8947609197c4f62487e72f9bbfe40d901fcba2cd7bd0f191f625ab37bd815e09,308c0761bd92bdba5ff948613c386c263f578cff2616ae3d0b80a2f7cb57c376
SEA_AD,H21.33.031,H21.33.031.CX24.MTG.02.007.1.01.01,train,9021,9021,False,9021,9014,7,0,True,0,7,9021,9014,/content/drive/MyDrive/SpaGAT_revision/inductive_data/SEA_AD/data/processed/H21.33.031.CX24.MTG.02.007.1.01.01.csv,/content/drive/MyDrive/SpaGAT_revision/inductive_data/SEA_AD/data/processed/H21.33.031.CX24.MTG.02.007.1.01.01_TypeExp.npz,ad65fd2e36e41bf7a4ac0a0b277261ef360680c8ca4cdde4e909d7ec631fd422,81a56f3ba270b56316120ff76b8866fbbdf07e387e2bc5e259f6f5d10b9320b1
SEA_AD,H21.33.031,H21.33.031.CX24.MTG.02.007.1.01.02,train,8564,8564,False,8564,8563,1,0,True,0,1,8564,8563,/content/drive/MyDrive/SpaGAT_revision/inductive_data/SEA_AD/data/processed/H21.33.031.CX24.MTG.02.007.1.01.02.csv,/content/drive/MyDrive/SpaGAT_revision/inductive_data/SEA_AD/data/processed/H21.33.031.CX24.MTG.02.007.1.01.02_TypeExp.npz,32995793a94e566b3d7b2cee24264e3d4903cf0fbec843ca23ac47bfc7b3e49d,09ecfca372ea141c00d3ba24cc859fffb85ca28f1ebc22fd5335bc3e83c0474e
SEA_AD,H21.33.032,H21.33.032.CX24.MTG.02.007.1.01.04,train,4951,4951,True,4951,4940,11,0,True,0,11,4951,4940,/content/drive/MyDrive/SpaGAT_revision/inductive_data/SEA_AD/data/processed/H21.33.032.CX24.MTG.02.007.1.01.04.csv,/content/drive/MyDrive/SpaGAT_revision/inductive_data/SEA_AD/data/processed/H21.33.032.CX24.MTG.02.007.1.01.04_TypeExp.npz,b95d15b733f00c763995bdc640e468d862e73aca06fbb59651bc6c74ecdc9688,0fa0f9097fa0375535e9de53ead3fdfb12ce9ecdd2aad1f35bb07fe6d546fb2c
SEA_AD,H21.33.038,H21.33.038.Cx20.MTG.02.007.3.01.02,train,2421,2421,False,2421,2413,8,0,True,0,8,2421,2413,/content/drive/MyDrive/SpaGAT_revision/inductive_data/SEA_AD/data/processed/H21.33.038.Cx20.MTG.02.007.3.01.02.csv,/content/drive/MyDrive/SpaGAT_revision/inductive_data/SEA_AD/data/processed/H21.33.038.Cx20.MTG.02.007.3.01.02_TypeExp.npz,6956b32d358c909b70b63141e4dc40810268be126d20ec1a3d86fd266f9636b7,0979cb9132d2c13e0e4ce42713d49c6522927252861dad5d2d749fbfdd140336
SEA_AD,H21.33.038,H21.33.038.Cx20.MTG.02.007.3.01.04,train,4128,4128,False,4128,4125,3,0,True,0,3,4128,4125,/content/drive/MyDrive/SpaGAT_revision/inductive_data/SEA_AD/data/processed/H21.33.038.Cx20.MTG.02.007.3.01.04.csv,/content/drive/MyDrive/SpaGAT_revision/inductive_data/SEA_AD/data/processed/H21.33.038.Cx20.MTG.02.007.3.01.04_TypeExp.npz,0096a8f5ceb76cf162c8639a937224dab901674bb82bff59994b93edfc9d004e,b6457ebe5337d3332c250e8222bb3b6743934ad92ec54c9d523ffbe533cf85e5
SEA_AD,H21.33.040,H21.33.040.Cx22.MTG.02.007.3.03.01,train,5802,5802,True,5802,5795,7,0,True,0,7,5802,5795,/content/drive/MyDrive/SpaGAT_revision/inductive_data/SEA_AD/data/processed/H21.33.040.Cx22.MTG.02.007.3.03.01.csv,/content/drive/MyDrive/SpaGAT_revision/inductive_data/SEA_AD/data/processed/H21.33.040.Cx22.MTG.02.007.3.03.01_TypeExp.npz,666293ad562380b3a96b9e19918be6c9f0131c0182879226cd62b0aa2b1bb77e,c440b737f0cc33943b77b7f693df5cdf25ec3dd7a281cd0abe7e6b1e63795e86
SEA_AD,H21.33.040,H21.33.040.Cx22.MTG.02.007.3.03.03,train,4878,4878,True,4878,4873,5,0,True,0,5,4878,4873,/content/drive/MyDrive/SpaGAT_revision/inductive_data/SEA_AD/data/processed/H21.33.040.Cx22.MTG.02.007.3.03.03.csv,/content/drive/MyDrive/SpaGAT_revision/inductive_data/SEA_AD/data/processed/H21.33.040.Cx22.MTG.02.007.3.03.03_TypeExp.npz,0e9d2b7d4eb8579df10fd93f29a492cf4a5eb9868e3aef7d2508954f1ffab6e6,173f61661713c2b6717f00bc94859baf394adcc2f486c56af0e643373915e5e6
SEA_AD,H21.33.040,H21.33.040.Cx22.MTG.02.007.3.03.04,train,8900,8900,True,8900,8895,5,0,True,0,5,8900,8895,/content/drive/MyDrive/SpaGAT_revision/inductive_data/SEA_AD/data/processed/H21.33.040.Cx22.MTG.02.007.3.03.04.csv,/content/drive/MyDrive/SpaGAT_revision/inductive_data/SEA_AD/data/processed/H21.33.040.Cx22.MTG.02.007.3.03.04_TypeExp.npz,cb598007e5994eb8e852ce55e46397fe0663ced62e9f2928c47a26be54ce08e0,9a3659cb76fe9efd92966b2ca2f95038678cc99100109eb63f6f8002f4445b6e
Mouse,mouse1,mouse1_slice1,train,2352,2352,True,2352,2351,1,0,True,0,1,2352,2351,/content/drive/MyDrive/SpaGAT_revision/inductive_data/Mouse/data/processed/mouse1_slice1.csv,/content/drive/MyDrive/SpaGAT_revision/inductive_data/Mouse/data/processed/mouse1_slice1_TypeExp.npz,51c8c184234b905e078fffa10ba9b49f2b5c5fae8883d0f5d0711671e3e13885,ae9e8a5328daa62e8d1ae2d5d67956cf188d587fbbf67d31b3528f37dfbabf5c
Mouse,mouse1,mouse1_slice10,train,2394,2394,True,2394,2393,1,0,True,0,1,2394,2393,/content/drive/MyDrive/SpaGAT_revision/inductive_data/Mouse/data/processed/mouse1_slice10.csv,/content/drive/MyDrive/SpaGAT_revision/inductive_data/Mouse/data/processed/mouse1_slice10_TypeExp.npz,e707136ab523a49d0e39c84457b7cbaaac505ecf6d83a41822391675d6f7aa36,61a8c05aa61349a3dd0789569e1bdf1e746e7e921f0cfcf22da1290627ae8eac
Mouse,mouse1,mouse1_slice102,train,6637,6637,True,6637,6636,1,0,True,0,1,6637,6636,/content/drive/MyDrive/SpaGAT_revision/inductive_data/Mouse/data/processed/mouse1_slice102.csv,/content/drive/MyDrive/SpaGAT_revision/inductive_data/Mouse/data/processed/mouse1_slice102_TypeExp.npz,18783cf923d6478501a3d5286be018bd5bbf583eab7f1f83b1ac321fe515db8d,64f8f59bf92f28fc8925ebe49d45a58902ac744ab0bca0d4e7bd744e21e7f4a7
Mouse,mouse1,mouse1_slice112,train,4921,4921,True,4921,4920,1,0,True,0,1,4921,4920,/content/drive/MyDrive/SpaGAT_revision/inductive_data/Mouse/data/processed/mouse1_slice112.csv,/content/drive/MyDrive/SpaGAT_revision/inductive_data/Mouse/data/processed/mouse1_slice112_TypeExp.npz,729882b1f740aa4dc8e2c7bcccb5f1fe633e23a9e1edc304e01aca0ac93cdb78,51854e1d0171ed38a51a30bfd98e5092e75e17b90353d997db06f252bf059d9a
Mouse,mouse1,mouse1_slice122,train,6085,6085,True,6085,6082,3,0,True,0,3,6085,6082,/content/drive/MyDrive/SpaGAT_revision/inductive_data/Mouse/data/processed/mouse1_slice122.csv,/content/drive/MyDrive/SpaGAT_revision/inductive_data/Mouse/data/processed/mouse1_slice122_TypeExp.npz,ca9f2c358da93dc2d840a20330aa2f673308d964272ec7c060208c1a11e8896b,4886d51da8cba7e7aa941034b6645de28cef88a861ad3b5c6ebf3191a0719b52
Mouse,mouse1,mouse1_slice131,train,4994,4994,True,4994,4994,0,0,True,0,0,4994,4994,/content/drive/MyDrive/SpaGAT_revision/inductive_data/Mouse/data/processed/mouse1_slice131.csv,/content/drive/MyDrive/SpaGAT_revision/inductive_data/Mouse/data/processed/mouse1_slice131_TypeExp.npz,b73e83665f4d0c55560e16fb8de85f94b32cf265f0579115d87d66381c315bc3,3535aefeb8a0e532cec959ea170f32491c06b7ecc9d2455a51e731ae3191aaf4
Mouse,mouse1,mouse1_slice153,validation,7519,7519,True,7519,7517,2,0,True,0,2,7519,7517,/content/drive/MyDrive/SpaGAT_revision/inductive_data/Mouse/data/processed/mouse1_slice153.csv,/content/drive/MyDrive/SpaGAT_revision/inductive_data/Mouse/data/processed/mouse1_slice153_TypeExp.npz,43be1944468071e9372cbe371b5d65b58496e5739586a143bf14c198107c57ee,285812ae9ed51d9e603b9ce96073c9a3cfbb2305804011ff473db04e6c9115b5
Mouse,mouse1,mouse1_slice162,train,6869,6869,True,6869,6868,1,0,True,0,1,6869,6868,/content/drive/MyDrive/SpaGAT_revision/inductive_data/Mouse/data/processed/mouse1_slice162.csv,/content/drive/MyDrive/SpaGAT_revision/inductive_data/Mouse/data/processed/mouse1_slice162_TypeExp.npz,b3088dfb65d067be336e8089a433ffdf433f20fcd6da4f57f919ce349c63f114,6dbe7e63b9e525a1f5843ee65429f4d55a1a2c4fbca8b62c7f7298c1d47841ff
Mouse,mouse1,mouse1_slice170,train,6354,6354,True,6354,6354,0,0,True,0,0,6354,6354,/content/drive/MyDrive/SpaGAT_revision/inductive_data/Mouse/data/processed/mouse1_slice170.csv,/content/drive/MyDrive/SpaGAT_revision/inductive_data/Mouse/data/processed/mouse1_slice170_TypeExp.npz,a033f84b0b804e09c2986e9cbb56e70f05e87fc63d74ba4323c546472ffe360c,58b615138d95c9d11fb06c463ccd43112fb326f54d512b3b862f1771f88475de
Mouse,mouse1,mouse1_slice180,train,6173,6173,True,6173,6173,0,0,True,0,0,6173,6173,/content/drive/MyDrive/SpaGAT_revision/inductive_data/Mouse/data/processed/mouse1_slice180.csv,/content/drive/MyDrive/SpaGAT_revision/inductive_data/Mouse/data/processed/mouse1_slice180_TypeExp.npz,587ef32b6f6a892c73f00def386db2b85986cdf7f48f7640245cda3e5d8ead17,1da5ee39d56910426f33ff1ec175ccf48d60e52f1e8ece89634c591f0940db86
Mouse,mouse1,mouse1_slice190,train,5636,5636,True,5636,5636,0,0,True,0,0,5636,5636,/content/drive/MyDrive/SpaGAT_revision/inductive_data/Mouse/data/processed/mouse1_slice190.csv,/content/drive/MyDrive/SpaGAT_revision/inductive_data/Mouse/data/processed/mouse1_slice190_TypeExp.npz,4cefcabdecbec18ed83e6c5f0a76071c0c184807a764af455e39f92c1015f82a,ba9e5503c0885751037fd764318e34db29d3c587c68cafbb13ee9b0fe3adf6dc
Mouse,mouse1,mouse1_slice200,train,2169,2169,True,2169,2169,0,0,True,0,0,2169,2169,/content/drive/MyDrive/SpaGAT_revision/inductive_data/Mouse/data/processed/mouse1_slice200.csv,/content/drive/MyDrive/SpaGAT_revision/inductive_data/Mouse/data/processed/mouse1_slice200_TypeExp.npz,cb3c4cbf4eaeaac6bf409d03ca9cf13b62d465129c2a5a6e2ce77ad0f84a6dd3,667537b8940aae1e259dce8ed98c34f10aa27fd413f132725df51bfba2e10186
Mouse,mouse1,mouse1_slice201,validation,6137,6137,True,6137,6137,0,0,True,0,0,6137,6137,/content/drive/MyDrive/SpaGAT_revision/inductive_data/Mouse/data/processed/mouse1_slice201.csv,/content/drive/MyDrive/SpaGAT_revision/inductive_data/Mouse/data/processed/mouse1_slice201_TypeExp.npz,06557481b827df2531274b65733e1f6424ee13b9c3a742590d04a4f41e809b46,a7cb0a9f4f4fe9b7b37497ef5684804e5f255311fd952e8f742ea6a3138432b1
Mouse,mouse1,mouse1_slice21,train,2010,2010,True,2010,2010,0,0,True,0,0,2010,2010,/content/drive/MyDrive/SpaGAT_revision/inductive_data/Mouse/data/processed/mouse1_slice21.csv,/content/drive/MyDrive/SpaGAT_revision/inductive_data/Mouse/data/processed/mouse1_slice21_TypeExp.npz,aa9d0cbd442047ed3b1e6de12278f883204754248ea4b016328a405ec60e5522,4bb1ba3013cf1e32fa3b8728ef411dd571b262fc756523e8523abcef343f8817
Mouse,mouse1,mouse1_slice212,train,6450,6450,True,6450,6447,3,0,True,0,3,6450,6447,/content/drive/MyDrive/SpaGAT_revision/inductive_data/Mouse/data/processed/mouse1_slice212.csv,/content/drive/MyDrive/SpaGAT_revision/inductive_data/Mouse/data/processed/mouse1_slice212_TypeExp.npz,eb3d9fa9e9c2b048f4d3175750a1095ca5bf982b9c095bad57ef235ed16104da,b30fe6989b3163e09b6b0852cd93d59f3551e6c15e6b5533819dff2f129cb158
Mouse,mouse1,mouse1_slice221,train,5697,5697,True,5697,5696,1,0,True,0,1,5697,5696,/content/drive/MyDrive/SpaGAT_revision/inductive_data/Mouse/data/processed/mouse1_slice221.csv,/content/drive/MyDrive/SpaGAT_revision/inductive_data/Mouse/data/processed/mouse1_slice221_TypeExp.npz,c04f49b3517792d090da52fc0cd6e883929a2f8b38c54e54f32d5370a7f0d489,d77af06b0bf8631d837b683b8610a2d5d99de5d2e2183479218d2fe4e9294c23
Mouse,mouse1,mouse1_slice232,train,5288,5288,True,5288,5288,0,0,True,0,0,5288,5288,/content/drive/MyDrive/SpaGAT_revision/inductive_data/Mouse/data/processed/mouse1_slice232.csv,/content/drive/MyDrive/SpaGAT_revision/inductive_data/Mouse/data/processed/mouse1_slice232_TypeExp.npz,2e61446c48329a5491ba7cdd5bb4fdcf70f23882a775e1093693f49541202f97,3a8611952fbf47dc80454a094c6fbec0e74291a830c1313a0554f227301225b7
Mouse,mouse1,mouse1_slice241,train,3991,3991,True,3991,3990,1,0,True,0,1,3991,3990,/content/drive/MyDrive/SpaGAT_revision/inductive_data/Mouse/data/processed/mouse1_slice241.csv,/content/drive/MyDrive/SpaGAT_revision/inductive_data/Mouse/data/processed/mouse1_slice241_TypeExp.npz,175e72ed9c40eb3f523c1a63d129b3757396b693f9f6ff5f0bcf64ac9953fdbd,3e3ef5fea86bcbdc1aafe121995071457c12b7e58687ee41e4919385ef581800
Mouse,mouse1,mouse1_slice251,validation,4370,4370,True,4370,4368,2,0,True,0,2,4370,4368,/content/drive/MyDrive/SpaGAT_revision/inductive_data/Mouse/data/processed/mouse1_slice251.csv,/content/drive/MyDrive/SpaGAT_revision/inductive_data/Mouse/data/processed/mouse1_slice251_TypeExp.npz,3d0fcfba58e99c2ebc8db556e2456657d2fe71ed7af27013017cf5bf0f47c846,01cc39c2c4577dd9810ceaaaa06fda2fbe9c29acb720fa9d33094c077a63946a
Mouse,mouse1,mouse1_slice260,train,5656,5656,True,5656,5656,0,0,True,0,0,5656,5656,/content/drive/MyDrive/SpaGAT_revision/inductive_data/Mouse/data/processed/mouse1_slice260.csv,/content/drive/MyDrive/SpaGAT_revision/inductive_data/Mouse/data/processed/mouse1_slice260_TypeExp.npz,b7ac3a8580861a4d99fc5a954dcd5a671efe8ecdcf935896f0f414c1c663f6c3,cffd5819894458631952cbf36fdb39f6b76b8f4b67d9363e336c865557cbad24
Mouse,mouse1,mouse1_slice271,train,3857,3857,True,3857,3855,2,0,True,0,2,3857,3855,/content/drive/MyDrive/SpaGAT_revision/inductive_data/Mouse/data/processed/mouse1_slice271.csv,/content/drive/MyDrive/SpaGAT_revision/inductive_data/Mouse/data/processed/mouse1_slice271_TypeExp.npz,135051b1785a3d495839147b0316dcc9f3d0e390c945c4f63f6edc7ac16549a3,51fd6697d1b8b450ac7978f1d46f96f781f17fb8785540193a10a88aeb4addf2
Mouse,mouse1,mouse1_slice283,train,4255,4255,True,4255,4255,0,0,True,0,0,4255,4255,/content/drive/MyDrive/SpaGAT_revision/inductive_data/Mouse/data/processed/mouse1_slice283.csv,/content/drive/MyDrive/SpaGAT_revision/inductive_data/Mouse/data/processed/mouse1_slice283_TypeExp.npz,662835cfcfe4bc38aef8d2884f1309117a482aac01819742e6a9f8e6d4b2c9d6,956b0729a9108c796814118ac97aac46e67e2dd46315e5bb0fe65fc11ae0660a
Mouse,mouse1,mouse1_slice291,validation,4394,4394,True,4394,4394,0,0,True,0,0,4394,4394,/content/drive/MyDrive/SpaGAT_revision/inductive_data/Mouse/data/processed/mouse1_slice291.csv,/content/drive/MyDrive/SpaGAT_revision/inductive_data/Mouse/data/processed/mouse1_slice291_TypeExp.npz,028cf1f54fd680710ae9b18fd3b61f50cf529978a2e6ccfbc821097349dab225,930b9a3aa4bd8298e6332e9d22011bbeef9b6bd55ae9cdc27bec33f99c686cc1
Mouse,mouse1,mouse1_slice301,train,4345,4345,True,4345,4345,0,0,True,0,0,4345,4345,/content/drive/MyDrive/SpaGAT_revision/inductive_data/Mouse/data/processed/mouse1_slice301.csv,/content/drive/MyDrive/SpaGAT_revision/inductive_data/Mouse/data/processed/mouse1_slice301_TypeExp.npz,18ffd3639b4d0f3943d4dc4b8218039d31ed4517a88a1945830bb65ccaa20ebc,0e8d0e985a9e09995dec90946d7a112d398189035010fa09d90ce9bab2a86953
Mouse,mouse1,mouse1_slice31,train,3067,3067,True,3067,3065,2,0,True,0,2,3067,3065,/content/drive/MyDrive/SpaGAT_revision/inductive_data/Mouse/data/processed/mouse1_slice31.csv,/content/drive/MyDrive/SpaGAT_revision/inductive_data/Mouse/data/processed/mouse1_slice31_TypeExp.npz,7de658e5e8f1138c34f19aa79166856853f92fea7dc54c4bd5e63343818ea051,c6d4fec090240520570373178f6802c9bd1511922034551f52d4fa144bf0b212
Mouse,mouse1,mouse1_slice313,train,3854,3854,True,3854,3853,1,0,True,0,1,3854,3853,/content/drive/MyDrive/SpaGAT_revision/inductive_data/Mouse/data/processed/mouse1_slice313.csv,/content/drive/MyDrive/SpaGAT_revision/inductive_data/Mouse/data/processed/mouse1_slice313_TypeExp.npz,29fd384226d80dcbb09ac70121d3c79c9756bb482e717b532ab1bfc53729db01,c6383b9a885716a488a30b5e4e395c490d8d05709c13d9f4645367caec499b26
Mouse,mouse1,mouse1_slice326,validation,4102,4102,True,4102,4102,0,0,True,0,0,4102,4102,/content/drive/MyDrive/SpaGAT_revision/inductive_data/Mouse/data/processed/mouse1_slice326.csv,/content/drive/MyDrive/SpaGAT_revision/inductive_data/Mouse/data/processed/mouse1_slice326_TypeExp.npz,c3ad3f836924162fc0f09e9a2c3ef4953ad1f6baa6805964f8c52b9983a0f697,8557bb0ae8f6cd21b27d38187d7df2513acfe2e3bc7e065c277ef9ec35c1c90c
Mouse,mouse1,mouse1_slice40,validation,4100,4100,True,4100,4100,0,0,True,0,0,4100,4100,/content/drive/MyDrive/SpaGAT_revision/inductive_data/Mouse/data/processed/mouse1_slice40.csv,/content/drive/MyDrive/SpaGAT_revision/inductive_data/Mouse/data/processed/mouse1_slice40_TypeExp.npz,8fa8c8c0a772bf8ff7a4e7d170ed648aab06f103f8f858de8c80e0507dea6cc5,53f30ba9f03b34aab6feca0084e11b25e11fb16a6363d1eb8d52e53b4349c576
Mouse,mouse1,mouse1_slice50,train,4285,4285,True,4285,4285,0,0,True,0,0,4285,4285,/content/drive/MyDrive/SpaGAT_revision/inductive_data/Mouse/data/processed/mouse1_slice50.csv,/content/drive/MyDrive/SpaGAT_revision/inductive_data/Mouse/data/processed/mouse1_slice50_TypeExp.npz,31320bb105dbf55f67971874daf826860fd08f0f7edf49267e6c6eba935cc7cc,2edf6369899a2e1834f6a7762a9ef8592e594b188df748a9e282d46cf678017d
Mouse,mouse1,mouse1_slice62,train,4720,4720,True,4720,4719,1,0,True,0,1,4720,4719,/content/drive/MyDrive/SpaGAT_revision/inductive_data/Mouse/data/processed/mouse1_slice62.csv,/content/drive/MyDrive/SpaGAT_revision/inductive_data/Mouse/data/processed/mouse1_slice62_TypeExp.npz,7d62b007b7c36978577c5fe91eab1ed8408452755f4303fd49f35607e44d447b,dce3a5519775addd7dc9a887e8c1f4603e29df7c78930c6e03748c8068859bb6
Mouse,mouse1,mouse1_slice71,train,5667,5667,True,5667,5665,2,0,True,0,2,5667,5665,/content/drive/MyDrive/SpaGAT_revision/inductive_data/Mouse/data/processed/mouse1_slice71.csv,/content/drive/MyDrive/SpaGAT_revision/inductive_data/Mouse/data/processed/mouse1_slice71_TypeExp.npz,a14902c224f7b56ac4df0c2adc1b3a51af0d88c812ee3a6717835f3e0012dbf9,6514c20c7f194c5a23ccfd798115bdc1038f04c64dd5a513d1021e7f4563d050
Mouse,mouse1,mouse1_slice81,train,5183,5183,True,5183,5181,2,0,True,0,2,5183,5181,/content/drive/MyDrive/SpaGAT_revision/inductive_data/Mouse/data/processed/mouse1_slice81.csv,/content/drive/MyDrive/SpaGAT_revision/inductive_data/Mouse/data/processed/mouse1_slice81_TypeExp.npz,778f5496aeb340076f72f00de5387cc956c8d8c5c8fbf20f17c65984d501137f,d11e8b8cf4c1dd7c876ef83974af2a2b1083d5d263f072252a13d09ecbd8be17
Mouse,mouse1,mouse1_slice91,validation,5576,5576,True,5576,5575,1,0,True,0,1,5576,5575,/content/drive/MyDrive/SpaGAT_revision/inductive_data/Mouse/data/processed/mouse1_slice91.csv,/content/drive/MyDrive/SpaGAT_revision/inductive_data/Mouse/data/processed/mouse1_slice91_TypeExp.npz,daad504c4af36ea3634d317d1a39a80a8ef408b3bdb00522a1791016ca8e2382,a3963e0761a23dacd0023f1fae923b273adec2cea02529674e2a573b70f3e485
Mouse,mouse2,mouse2_slice1,test,1688,1688,True,1688,1687,1,0,True,0,1,1688,1687,/content/drive/MyDrive/SpaGAT_revision/inductive_data/Mouse/data/processed/mouse2_slice1.csv,/content/drive/MyDrive/SpaGAT_revision/inductive_data/Mouse/data/processed/mouse2_slice1_TypeExp.npz,c99862e252783275065cd88f3c61e1479ed36258150981699e334218e90f293d,8233aee7579209df91a0de75454f537accd5483c1ff2fd78a94380e946900bac
Mouse,mouse2,mouse2_slice10,test,1151,1151,True,1151,1151,0,0,True,0,0,1151,1151,/content/drive/MyDrive/SpaGAT_revision/inductive_data/Mouse/data/processed/mouse2_slice10.csv,/content/drive/MyDrive/SpaGAT_revision/inductive_data/Mouse/data/processed/mouse2_slice10_TypeExp.npz,035ab28579fce971bfb24b97bb3678fadac9b5d221ebcfa1e3cccf4a5da1662c,58594ec39927af3b55091bde5af94e38cb589b5884a67afdac3ba21bfa2d8913
Mouse,mouse2,mouse2_slice109,test,5139,5139,True,5139,5137,2,0,True,0,2,5139,5137,/content/drive/MyDrive/SpaGAT_revision/inductive_data/Mouse/data/processed/mouse2_slice109.csv,/content/drive/MyDrive/SpaGAT_revision/inductive_data/Mouse/data/processed/mouse2_slice109_TypeExp.npz,ebf306cb96676fcb1b7518ae59643d9396e65f1325ad019816ddf48a4045c122,04080640951dea61b6df246f2f3e520b7545f5fd5d21db749ccbc36904367953
Mouse,mouse2,mouse2_slice119,test,4973,4973,True,4973,4970,3,0,True,0,3,4973,4970,/content/drive/MyDrive/SpaGAT_revision/inductive_data/Mouse/data/processed/mouse2_slice119.csv,/content/drive/MyDrive/SpaGAT_revision/inductive_data/Mouse/data/processed/mouse2_slice119_TypeExp.npz,8558492d090e61bb54b059c9270e7c9ae212476916ea8d54684f65854ac13f65,cf1f2d3d9dd544903c271cb5f61fa26975b3c5aa9a3e76f6f9b4773f9d8bead4
Mouse,mouse2,mouse2_slice129,test,5092,5092,True,5092,5091,1,0,True,0,1,5092,5091,/content/drive/MyDrive/SpaGAT_revision/inductive_data/Mouse/data/processed/mouse2_slice129.csv,/content/drive/MyDrive/SpaGAT_revision/inductive_data/Mouse/data/processed/mouse2_slice129_TypeExp.npz,78117dfa7209e240ad90c083f8304a87c323b119ebf9f46a8b578a6587cdea65,ee427f6541507c42935361419ff19abbbe0e61d41261c16a85dc874c71291d96
Mouse,mouse2,mouse2_slice139,test,4155,4155,True,4155,4155,0,0,True,0,0,4155,4155,/content/drive/MyDrive/SpaGAT_revision/inductive_data/Mouse/data/processed/mouse2_slice139.csv,/content/drive/MyDrive/SpaGAT_revision/inductive_data/Mouse/data/processed/mouse2_slice139_TypeExp.npz,52749c8c17edeb81980d26b75b9e2b2b86f5a4ba22ac8b8e608b9752d8076d50,ab9d923c497a3a0a743f312d8409da982f50ee492b95bcb45ed91bee571f63f4
Mouse,mouse2,mouse2_slice151,test,5003,5003,True,5003,5003,0,0,True,0,0,5003,5003,/content/drive/MyDrive/SpaGAT_revision/inductive_data/Mouse/data/processed/mouse2_slice151.csv,/content/drive/MyDrive/SpaGAT_revision/inductive_data/Mouse/data/processed/mouse2_slice151_TypeExp.npz,ebcd776bd7530567c005b10eefb87d9078b900cc584525eb1c3b371397bb9767,1403552adf9517c0d82341f636cf623a80d04458a709517532335776f8a254fa
Mouse,mouse2,mouse2_slice160,test,4477,4477,True,4477,4477,0,0,True,0,0,4477,4477,/content/drive/MyDrive/SpaGAT_revision/inductive_data/Mouse/data/processed/mouse2_slice160.csv,/content/drive/MyDrive/SpaGAT_revision/inductive_data/Mouse/data/processed/mouse2_slice160_TypeExp.npz,87ef47b2225d13015da70964056e95e970b878d545d14a8b05c5db530db91ad8,766f675310ea6b1ea3b2bb85f216a34b1616219284a17addef7598008d28b477
Mouse,mouse2,mouse2_slice169,test,5152,5152,True,5152,5151,1,0,True,0,1,5152,5151,/content/drive/MyDrive/SpaGAT_revision/inductive_data/Mouse/data/processed/mouse2_slice169.csv,/content/drive/MyDrive/SpaGAT_revision/inductive_data/Mouse/data/processed/mouse2_slice169_TypeExp.npz,3137683a91c71141d0e594a85c3e44f2a1390170441d1471aefc20642ce53603,7ed964bf8a3f14382ab7e284ed25166599ed562a9a65193b5cb5c2848a8dfc88
Mouse,mouse2,mouse2_slice189,test,4365,4365,True,4365,4365,0,0,True,0,0,4365,4365,/content/drive/MyDrive/SpaGAT_revision/inductive_data/Mouse/data/processed/mouse2_slice189.csv,/content/drive/MyDrive/SpaGAT_revision/inductive_data/Mouse/data/processed/mouse2_slice189_TypeExp.npz,ab454b109cf823dce7b0a14db63cdecb07f051170c2a5b4d572dabfb58ade01a,000039f4a75cb359ea90f655cbee03693aeca32011b9a55702aa1db4d2a7a002
Mouse,mouse2,mouse2_slice20,test,659,659,True,659,659,0,0,True,0,0,659,659,/content/drive/MyDrive/SpaGAT_revision/inductive_data/Mouse/data/processed/mouse2_slice20.csv,/content/drive/MyDrive/SpaGAT_revision/inductive_data/Mouse/data/processed/mouse2_slice20_TypeExp.npz,73f7dcce911a4d0548f76e8a144f1e44666ff5b25ad7c687789f2e61d850e251,1e06136cb94b8e15f1f5e899035a356e1ee5bfe16a8db44f116506b3494eed0a
Mouse,mouse2,mouse2_slice201,test,3719,3719,True,3719,3719,0,0,True,0,0,3719,3719,/content/drive/MyDrive/SpaGAT_revision/inductive_data/Mouse/data/processed/mouse2_slice201.csv,/content/drive/MyDrive/SpaGAT_revision/inductive_data/Mouse/data/processed/mouse2_slice201_TypeExp.npz,daa19f9f44b45fa0944359c5198b27e48247e59bff10bbbbf852ac9ce603a48a,1fa5bfc57248e48baaff8d1359484394b49f79db9352a9933399efc935728078
Mouse,mouse2,mouse2_slice209,test,4357,4357,True,4357,4357,0,0,True,0,0,4357,4357,/content/drive/MyDrive/SpaGAT_revision/inductive_data/Mouse/data/processed/mouse2_slice209.csv,/content/drive/MyDrive/SpaGAT_revision/inductive_data/Mouse/data/processed/mouse2_slice209_TypeExp.npz,a5d51e785eb7f465686f359ea27cb068048678c857dd18644048d871f55d3ae5,4406399a09c3583747bc7bedd4b2661d7649d30a684e0bd59425b1b13ab7d587
Mouse,mouse2,mouse2_slice219,test,3526,3526,True,3526,3526,0,0,True,0,0,3526,3526,/content/drive/MyDrive/SpaGAT_revision/inductive_data/Mouse/data/processed/mouse2_slice219.csv,/content/drive/MyDrive/SpaGAT_revision/inductive_data/Mouse/data/processed/mouse2_slice219_TypeExp.npz,d388d8fee1534d0e181c52ee75755dbfa5c46b2cbdc8ca5c1273861d6577b260,c85b1da6d1feb66f03f09334d1e90219e38bea78b33421b5be9f670ffb4174e6
Mouse,mouse2,mouse2_slice229,test,5017,5017,True,5017,5016,1,0,True,0,1,5017,5016,/content/drive/MyDrive/SpaGAT_revision/inductive_data/Mouse/data/processed/mouse2_slice229.csv,/content/drive/MyDrive/SpaGAT_revision/inductive_data/Mouse/data/processed/mouse2_slice229_TypeExp.npz,8cfd8cc8888c3f8978b3e7a1bb7b7d9ec9cd9122181769e49aa96c357bea2b6c,b39e9ab8adafb0a1fb2924282ab5c04d839bf4aac36177ff13c3af51241abcb4
Mouse,mouse2,mouse2_slice249,test,4069,4069,True,4069,4068,1,0,True,0,1,4069,4068,/content/drive/MyDrive/SpaGAT_revision/inductive_data/Mouse/data/processed/mouse2_slice249.csv,/content/drive/MyDrive/SpaGAT_revision/inductive_data/Mouse/data/processed/mouse2_slice249_TypeExp.npz,fc63a83735e4fd4ed5a03a487067c0da71cff79b69e253d3a0241062d97168c0,1a70d7132580869dec4147f7d01f70a142eb9cb8af99cdb7f06b5b3c55122d20
Mouse,mouse2,mouse2_slice261,test,3527,3527,True,3527,3527,0,0,True,0,0,3527,3527,/content/drive/MyDrive/SpaGAT_revision/inductive_data/Mouse/data/processed/mouse2_slice261.csv,/content/drive/MyDrive/SpaGAT_revision/inductive_data/Mouse/data/processed/mouse2_slice261_TypeExp.npz,37b85220491f7531a48421528cd13cf703d63cfc61814d9585ec5cab21f45cb2,5ff71cc3d181e99f560e48a306290a255228468452b8e33a5ea873208e9f0e67
Mouse,mouse2,mouse2_slice270,test,4070,4070,True,4070,4070,0,0,True,0,0,4070,4070,/content/drive/MyDrive/SpaGAT_revision/inductive_data/Mouse/data/processed/mouse2_slice270.csv,/content/drive/MyDrive/SpaGAT_revision/inductive_data/Mouse/data/processed/mouse2_slice270_TypeExp.npz,785ff0214c57af6b191a79ddffb045c20eba400829f4f8343c81796f4877ad31,7396e73b4f6b4a6af3f7fced379db95a505d89eca6841ff59f11373d4c7228f5
Mouse,mouse2,mouse2_slice280,test,3835,3835,True,3835,3835,0,0,True,0,0,3835,3835,/content/drive/MyDrive/SpaGAT_revision/inductive_data/Mouse/data/processed/mouse2_slice280.csv,/content/drive/MyDrive/SpaGAT_revision/inductive_data/Mouse/data/processed/mouse2_slice280_TypeExp.npz,6b9cf882242c0455e19ffa9ba20f19b0df1d4a12402d75e77edb88d72f6f215d,c3328bf4719d9d1311a02f9569d03c838cc5bcb6f5b9651b7c3fbf958c9ad664
Mouse,mouse2,mouse2_slice289,test,4319,4319,True,4319,4319,0,0,True,0,0,4319,4319,/content/drive/MyDrive/SpaGAT_revision/inductive_data/Mouse/data/processed/mouse2_slice289.csv,/content/drive/MyDrive/SpaGAT_revision/inductive_data/Mouse/data/processed/mouse2_slice289_TypeExp.npz,db26f8c6e9d4dba654280392140ccb98d9232867d9c10d37474310d3aa8b27f5,be6a8aaf45974cd4ead18a47cb667e8ea18d30068ad640ef72f72ad38d6ebf52
Mouse,mouse2,mouse2_slice300,test,3757,3757,True,3757,3755,2,0,True,0,2,3757,3755,/content/drive/MyDrive/SpaGAT_revision/inductive_data/Mouse/data/processed/mouse2_slice300.csv,/content/drive/MyDrive/SpaGAT_revision/inductive_data/Mouse/data/processed/mouse2_slice300_TypeExp.npz,c981fbfc2e3a15939910d546630a26aabed98a2c6b539c7d73056b5d277920a3,cdb898da7cf14330325125e39b67370bb12e5a2fc0881f9f87853a5a97cd6596
Mouse,mouse2,mouse2_slice309,test,3240,3240,True,3240,3240,0,0,True,0,0,3240,3240,/content/drive/MyDrive/SpaGAT_revision/inductive_data/Mouse/data/processed/mouse2_slice309.csv,/content/drive/MyDrive/SpaGAT_revision/inductive_data/Mouse/data/processed/mouse2_slice309_TypeExp.npz,baa81207b551999988609fd8c561fc56fb061de5fd002cf998cfef43dc5358cd,88eb9b666d7cd5f1330bc43e138073642c48d7768f0cd93d3998ad42bda4b7b9
Mouse,mouse2,mouse2_slice31,test,2019,2019,True,2019,2019,0,0,True,0,0,2019,2019,/content/drive/MyDrive/SpaGAT_revision/inductive_data/Mouse/data/processed/mouse2_slice31.csv,/content/drive/MyDrive/SpaGAT_revision/inductive_data/Mouse/data/processed/mouse2_slice31_TypeExp.npz,642e86638c2fa38bb1f391caf483cd795585f1d6b086b4533585153a7185ab57,20ee00ed83c6018a75ec94586471e05f9a68c4d07bf51da149e858e0a0b8bd8b
Mouse,mouse2,mouse2_slice319,test,2766,2766,True,2766,2764,2,0,True,0,2,2766,2764,/content/drive/MyDrive/SpaGAT_revision/inductive_data/Mouse/data/processed/mouse2_slice319.csv,/content/drive/MyDrive/SpaGAT_revision/inductive_data/Mouse/data/processed/mouse2_slice319_TypeExp.npz,94b411013b77e8f81e038a4fc5036c0115c4bf0436ebf4da0c709b77d755e804,f5b0f6a2b8be7746de27dd0786a934618a878618688de9af8159b04c9d091dd0
Mouse,mouse2,mouse2_slice40,test,3153,3153,True,3153,3153,0,0,True,0,0,3153,3153,/content/drive/MyDrive/SpaGAT_revision/inductive_data/Mouse/data/processed/mouse2_slice40.csv,/content/drive/MyDrive/SpaGAT_revision/inductive_data/Mouse/data/processed/mouse2_slice40_TypeExp.npz,0fb8d6243c707d1c01072201f1142c9c3d00b70ccf8f9f358f08c37e164e6132,c86738886c70ebd3ea1e4dff5bb6091171e95c78c0b18684506256f3e30690b3
Mouse,mouse2,mouse2_slice50,test,2877,2877,True,2877,2876,1,0,True,0,1,2877,2876,/content/drive/MyDrive/SpaGAT_revision/inductive_data/Mouse/data/processed/mouse2_slice50.csv,/content/drive/MyDrive/SpaGAT_revision/inductive_data/Mouse/data/processed/mouse2_slice50_TypeExp.npz,5d1743a234e9fe7de20a881f360831b89031272d9bff16c60bc4a07f886a980a,37f7097269734e1f59339ba6028811d6d30c831c94884e13d87c86b4d945cc12
Mouse,mouse2,mouse2_slice61,test,3271,3271,True,3271,3270,1,0,True,0,1,3271,3270,/content/drive/MyDrive/SpaGAT_revision/inductive_data/Mouse/data/processed/mouse2_slice61.csv,/content/drive/MyDrive/SpaGAT_revision/inductive_data/Mouse/data/processed/mouse2_slice61_TypeExp.npz,db3d5d381e8ee49b706deef71c61af2e21d8f8c6cb3c52b085353aa05c1319e0,38cc117975f0db2e6a8db7800efb9dec92f7271e0e860d0a6d4042e2dfd2c7b2
Mouse,mouse2,mouse2_slice70,test,3999,3999,True,3999,3999,0,0,True,0,0,3999,3999,/content/drive/MyDrive/SpaGAT_revision/inductive_data/Mouse/data/processed/mouse2_slice70.csv,/content/drive/MyDrive/SpaGAT_revision/inductive_data/Mouse/data/processed/mouse2_slice70_TypeExp.npz,5d3028d141a4483defef84e9eb305cdffcdfab2f8bdbdebab812e742045f40a6,2658aadcd16dac16b4c3b0cbb812ae9fb739ea8ace33684124371230f7756342
Mouse,mouse2,mouse2_slice79,test,3825,3825,True,3825,3821,4,0,True,0,4,3825,3821,/content/drive/MyDrive/SpaGAT_revision/inductive_data/Mouse/data/processed/mouse2_slice79.csv,/content/drive/MyDrive/SpaGAT_revision/inductive_data/Mouse/data/processed/mouse2_slice79_TypeExp.npz,0884379e990028468ea43c2ff9aab5a170f335ebb2e5ac4314744dbbe1fdf1ae,72c80ee4ca1a443a0fee6b4e3b3bb3306006d37bc4ba5a2f3cea666296e6db73
Mouse,mouse2,mouse2_slice90,test,4887,4887,True,4887,4886,1,0,True,0,1,4887,4886,/content/drive/MyDrive/SpaGAT_revision/inductive_data/Mouse/data/processed/mouse2_slice90.csv,/content/drive/MyDrive/SpaGAT_revision/inductive_data/Mouse/data/processed/mouse2_slice90_TypeExp.npz,50afb9767b058981a981b9b86972cfe4add88bcba2a67394b5475508d3bbec81,fd6c7c508581742644c77f2e4f3a877cd6c0c4a307bfc32ba9b2d9b206e7013c
Mouse,mouse2,mouse2_slice99,test,5191,5191,True,5191,5191,0,0,True,0,0,5191,5191,/content/drive/MyDrive/SpaGAT_revision/inductive_data/Mouse/data/processed/mouse2_slice99.csv,/content/drive/MyDrive/SpaGAT_revision/inductive_data/Mouse/data/processed/mouse2_slice99_TypeExp.npz,bc4c56e552d1702939c82afe291c6eec60e75e763a8d7a345db969c5ba249e64,943b8787aff7d31ecfddf597e51513c73ee62674e1e3d57f12d48db396f27ac2
Liver,CancerousLiver,CancerousLiver,within_specimen,460436,460436,True,460436,460429,7,0,True,0,7,460436,460429,/content/drive/MyDrive/GITIII-main/liver_workdir/gitiii/data/processed/CancerousLiver.csv,/content/drive/MyDrive/GITIII-main/liver_workdir/gitiii/data/processed/CancerousLiver_TypeExp.npz,bfea39d84cb0611fb911f62157aad8cc49239f4413dfdc82000be9532cd049f2,3f3dfa76c66854a52bb88859a776161f2e7a66b2fa82ad6d952213e6ff8eb400
Liver,NormalLiver,NormalLiver,within_specimen,332873,332873,True,332873,332828,45,0,True,0,45,332873,332828,/content/drive/MyDrive/GITIII-main/liver_workdir/gitiii/data/processed/NormalLiver.csv,/content/drive/MyDrive/GITIII-main/liver_workdir/gitiii/data/processed/NormalLiver_TypeExp.npz,5e9a1c6e4534a9a310b33dbbbd551553c667371161801eb4c14024456f5287e8,a61e51cc7d5136269e4f531c3f23ea9ef2a71a6f5b9d11042f7ae474d9fb5c33
