dataset,model,phase,seed,seconds,peak_rss_gib_sampled,peak_cuda_allocated_gib,peak_cuda_reserved_gib,scope,memory_scope
SEA_AD,SpaGAT,train,123,3.9099158550000084,2.126239776611328,0.676671028137207,0.7265625,Fixed-batch training profile from a saved checkpoint with a fresh optimizer; excludes validation and checkpoint serialization. No trained weights saved.,warmup plus 100 measured batches
SEA_AD,SpaGAT,inference,123,36.888786682000045,1.8540382385253906,0.1615595817565918,0.1953125,"Checkpoint-to-prediction wall time; includes local model loading, test input preparation, and CPU prediction collection; excludes processed dataset loading, initial Drive copy, accuracy scoring and reference comparison.",inference
SEA_AD,GITIII_official,train,123,1.9940373150000141,2.005962371826172,0.09591865539550781,0.126953125,Fixed-batch training profile from a saved checkpoint with a fresh optimizer; excludes validation and checkpoint serialization. No trained weights saved.,warmup plus 100 measured batches
SEA_AD,GITIII_official,inference,123,20.555783634000022,1.7519912719726562,0.034375667572021484,0.052734375,"Checkpoint-to-prediction wall time; includes local model loading, test input preparation, and CPU prediction collection; excludes processed dataset loading, initial Drive copy, accuracy scoring and reference comparison.",inference
SEA_AD,GAT,train,123,1.0141101810000919,2.0848846435546875,0.030311107635498047,0.046875,Fixed-batch training profile from a saved checkpoint with a fresh optimizer; excludes validation and checkpoint serialization. No trained weights saved.,warmup plus 100 measured batches
SEA_AD,GAT,inference,123,15.672042326999986,1.8040199279785156,0.017977237701416016,0.02734375,"Checkpoint-to-prediction wall time; includes local model loading, test input preparation, and CPU prediction collection; excludes processed dataset loading, initial Drive copy, accuracy scoring and reference comparison.",inference
SEA_AD,SPICE_adapted,train,123,1.0052408159999686,2.112804412841797,0.02719736099243164,0.048828125,Fixed-batch training profile from a saved checkpoint with a fresh optimizer; excludes validation and checkpoint serialization. No trained weights saved.,warmup plus 100 measured batches
SEA_AD,SPICE_adapted,inference,123,16.381546963999995,1.9379997253417969,0.01798248291015625,0.02734375,"Checkpoint-to-prediction wall time; includes local model loading, test input preparation, and CPU prediction collection; excludes processed dataset loading, initial Drive copy, accuracy scoring and reference comparison.",inference
SEA_AD,LightGBM,train,123,910.73862091,2.245697021484375,,,"All genes, full training and validation partitions, original 100-tree settings; includes feature construction, fitting and validation prediction; excludes checkpoint serialization. Fresh fitted models discarded.",train
SEA_AD,LightGBM,inference,123,25.260205850000034,1.5323104858398438,,,"Checkpoint-to-prediction wall time; includes local model loading, test input preparation, and CPU prediction collection; excludes processed dataset loading, initial Drive copy, accuracy scoring and reference comparison.",inference
