ligand_gene,replacement_gene,mean_feature_difference,variance_feature_difference
Cdh9,Pou3f1,0.21870282343239603,-0.06717742934387147
Ntng2,Cdh20,-0.0954051506401673,-0.11342766276219873
Prok2,Ndst4,0.08458755207877122,0.06691794410602259
Crhr2,Sp8,-4.308366349681236e-05,0.0665343320221563
Npnt,St6galnac5,0.07837752340078086,-0.20862567020018385
Dscaml1,Meis2,-0.0854147877177327,-0.0651247336561398
Rspo1,Inpp4b,-0.11096963734091103,-0.10292132869166287
Ptprk,Igfbp5,0.3031849945029754,-0.03823866613196847
Gad1,Pdgfra,-0.016701966521023293,0.15532019303933858
Col14a1,B4galnt3,-0.051910988124880264,-0.12744669965703082
Sst,Cacng5,-0.017302094393214396,0.14905449942169463
Col15a1,Pou6f2,-0.07743570663310861,-0.07796009809782434
Col24a1,Frem2,0.009888727885832727,-0.024112605077014182
Reln,Prox1,-0.14185786186670607,-0.16318791029918853
Cdcp1,Fbxl7,-0.039331960529639165,0.05444951888773075
Sema5a,Syt6,-0.17317125784133724,0.2953753948190223
Bdnf,Hs3st5,-0.09104100465031817,-0.15534707049785612
Corin,Rxfp2,-0.03157814458583519,0.04322192554936588
Pdgfc,Ikzf2,0.045090155369925,0.073246592584011
Wnt7b,Adra1b,0.13757221999203484,0.10328372599299906
Cdh13,Daam2,-0.08441982913981172,-0.03349591414035746
Fst,Tunar,-0.0371685911114048,0.04482078088122343
Timp3,Parm1,-0.02320906790587185,-0.1058433774055727
Vip,Rab3b,0.1073879047213091,0.16273139907114098
Bgn,Lhx6,0.04957393120146569,-0.022630713143068665
Igf2,Opalin,0.04015999888901722,-0.0011468951085498724
Cd24a,Tbc1d4,-0.10650044439248407,0.13665791111494996
Adam2,Clrn1,-0.09959287397041527,-0.059517142883509955
Penk,Syt10,-0.2560761289786492,0.28578058826337505
Spon1,Trp53i11,0.17754812153970345,-0.04426057292271457
Ceacam9,1810046K07Rik,0.04452974273815924,0.016170191659118593
Thbs2,Nhs,0.06743629057538747,0.027994741247671984
Vtn,Sox10,0.23570331989491305,0.20016939453169447
Gpc6,Plch1,-0.10035694006304798,-0.12055705145447398
Sema3e,Barx2,0.019078260472942588,-0.040363824711013074
Nxph1,Grik1,0.009221529575957815,-0.19030814703729548
Cd14,Egln3,0.22242836323574533,-0.15254227097826928
Tac2,Pvalb,0.20373870981197906,0.1854386886386754
Elfn1,Nr2f2,0.018774239063951204,0.1271188317003345
Igfbp4,Unc5d,0.1519825106926853,0.06115448267470369
Cxcl14,Ano4,-0.15853836762196982,-0.23762991211877427
Serpinf1,Slc44a5,0.05020514154904243,-0.14732921457917325
Lama3,Alk,0.1448857086347881,-0.10259808077340227
Ptprm,Cdh12,0.2234641581335064,-0.009262422139157067
Flrt3,Prr16,-0.3020750857620177,-0.015387639989526941
Ltf,Muc20,-0.026701872538205107,-0.01773590923872148
Nxph2,Ccdc162,0.0022832831240420237,-0.017006932622271487
