dataset,method,metric,mean,sample_SD,seed123,seed456,seed789
SEA_AD,SpaGAT,median_gene_pcc,0.32476198520359695,0.0036530329295057585,0.3237167631689732,0.32882370384258497,0.3217454885992327
SEA_AD,SpaGAT,mse,0.2929208813113616,0.00020177249346440052,0.2928351588134761,0.29277612358702065,0.2931513615335881
SEA_AD,SpaGAT,ev_zero_percent,15.158769982125248,0.05844112735376396,15.183598536949514,15.20069742455508,15.09201398487115
SEA_AD,GITIII_official,median_gene_pcc,0.3134061374491902,0.0017328311652537994,0.3114328946149621,0.3146798797209115,0.31410563801169705
SEA_AD,GITIII_official,mse,0.2960041493942373,7.541305876913868e-05,0.29601200593462373,0.29607532661993347,0.29592511562815477
SEA_AD,GITIII_official,ev_zero_percent,14.265736151778508,0.02184254204323819,14.263460593453393,14.245120471017588,14.288627390864544
SEA_AD,GAT,median_gene_pcc,0.23115341875531456,0.005260209375508045,0.22866557609690522,0.237196067192246,0.22759861297679246
SEA_AD,GAT,mse,0.3086446096556231,0.0007521596839866227,0.3079232965807034,0.3085863094218318,0.3094242229643342
SEA_AD,GAT,ev_zero_percent,10.604569382899061,0.21785457040001963,10.81348958083851,10.62145538816793,10.378763179690745
SEA_AD,SPICE_adapted,median_gene_pcc,0.21155179830114668,0.005134923752055588,0.21622046187009403,0.2123829249825848,0.20605200805076124
SEA_AD,SPICE_adapted,mse,0.3117363634182951,0.0012389540272223709,0.310436863673547,0.3118679604255604,0.31290426615577777
SEA_AD,SPICE_adapted,ev_zero_percent,9.709077771091918,0.3588490623630726,10.085463217765316,9.670962181950296,9.370807913560144
SEA_AD,LightGBM,median_gene_pcc,0.20803602345497405,0.0004124509927387045,0.2083312102068413,0.20821210338277843,0.2075647567753024
SEA_AD,LightGBM,mse,0.31519816712900256,1.503594185916e-05,0.3151985017884711,0.3151829666508997,0.31521303294763686
SEA_AD,LightGBM,ev_zero_percent,8.706405364870824,0.004354990999950033,8.706308434529696,8.710808011938296,8.702099648144477
Mouse,SpaGAT,median_gene_pcc,0.24970040288103146,0.0016959143560370106,0.2493492914990608,0.25154439080051766,0.2482075263435159
Mouse,SpaGAT,mse,0.1535375615463881,0.00036321340020557927,0.1539543447224083,0.15328863833826747,0.1533697015784885
Mouse,SpaGAT,ev_zero_percent,13.077365226795203,0.20562698412573413,12.841410640673459,13.218288795517541,13.172396244194612
Mouse,GITIII_official,median_gene_pcc,0.24377507475728782,0.0026829151164636353,0.24680538656557718,0.2428175399436299,0.2417022977626564
Mouse,GITIII_official,mse,0.15399772906736467,0.00021484481891421582,0.15377643740071448,0.15420548718064275,0.15401126262073678
Mouse,GITIII_official,ev_zero_percent,12.816849344183298,0.12163067811750758,12.942129793637205,12.69923068188492,12.809187557027771
Mouse,GAT,median_gene_pcc,0.16200583424340362,0.007242778802738135,0.15868885875406735,0.17031308879009976,0.15701555518604376
Mouse,GAT,mse,0.1608162932764249,0.00011080075152603652,0.16077890818082893,0.1607290208653488,0.16094095078309703
Mouse,GAT,ev_zero_percent,8.956637156022925,0.06272792898683532,8.977802081255037,9.006044922027176,8.88606446478656
Mouse,SPICE_adapted,median_gene_pcc,0.17473175257838272,0.0020121129897038995,0.17529252084924915,0.17640399562014622,0.17249874126575276
Mouse,SPICE_adapted,mse,0.16047729476805472,7.450204244459282e-05,0.16041105164604041,0.16046288275232118,0.16055794990580258
Mouse,SPICE_adapted,ev_zero_percent,9.148555297974275,0.04217804268900442,9.186057695713908,9.15671441140122,9.102893786807696
Mouse,LightGBM,median_gene_pcc,0.14511360372554222,0.0009741798580916838,0.14524563680514782,0.14601503322833245,0.14408014114314638
Mouse,LightGBM,mse,0.16413691211252276,1.539810978942004e-05,0.16415406595795695,0.16413238623599175,0.16412428414361957
Mouse,LightGBM,ev_zero_percent,7.076726237781904,0.00871737352047954,7.067014884894603,7.079288484497114,7.083875343953995
