receiver,selection,operator,condition,n_receivers,mean_delta_MSE,SD_delta_MSE,mean_relative_MSE_increase_percent,SD_relative_MSE_increase_percent,mean_absolute_prediction_change,SD_absolute_prediction_change,mean_signed_prediction_change
tumor_1,count_distance_bins,edge_exclusion,random,19275,0.001183607539624094,6.314611938791234e-05,0.7785995198091533,0.04153871666688918,0.01276102097056849,6.422351547702506e-05,-0.00445572466977504
tumor_1,count_distance_bins,edge_exclusion,tumor_1,19275,0.0008042593833915937,8.423560430987464e-06,0.5290570976842335,0.0055411780400898974,0.010390842967826056,1.2729630827160356e-05,-0.006165258110113117
tumor_1,count_distance_bins,edge_exclusion,tumor_2,19275,0.0031918837254662088,2.7192282505124467e-05,2.099681738022663,0.0178875998945783,0.022566058488259107,1.4844291294653804e-05,-0.0032419212934959086
tumor_1,count_distance_bins,fixed_weight_messages,random,19275,0.0018658584565470157,4.58405460352905e-05,1.227397130944896,0.03015478183097715,0.016888972469802182,5.561453533783282e-05,-0.007381764634386019
tumor_1,count_distance_bins,fixed_weight_messages,tumor_1,19275,0.000784700958082049,5.605657058376495e-06,0.5161911940426678,0.003687507681182967,0.011502991716255547,8.051590511654277e-06,-0.006386923260364797
tumor_1,count_distance_bins,fixed_weight_messages,tumor_2,19275,0.004923760556895733,1.3060278346677938e-05,3.2389432112537997,0.008591299150160495,0.02906549550420573,1.5049468309794187e-05,-0.010453464143595862
tumor_1,count_only_same_m,edge_exclusion,random,19275,0.0042137537945963555,0.00023689152379665842,2.771887277862979,0.1558317436314378,0.021466138097594158,0.00038214418428708283,0.0062625321593703
tumor_1,count_only_same_m,edge_exclusion,tumor_1,19275,0.004553307031930519,0.0002054248616724508,2.9952518465121325,0.1351323756401801,0.022763265841747923,0.000327017420368013,0.0059607473197735164
tumor_1,count_only_same_m,edge_exclusion,tumor_2,19275,0.005129915229921322,0.00014854001899460587,3.374555670663373,0.09771244571352856,0.02811986468933128,0.00011599503933564138,0.0025141301743210453
tumor_1,count_only_same_m,fixed_weight_messages,random,19275,0.0031739465483199233,0.00012827984283348773,2.0878823222152354,0.08438491703345284,0.02200930397647237,0.0003062155731708694,0.0016002214470959186
tumor_1,count_only_same_m,fixed_weight_messages,tumor_1,19275,0.002790507294055901,0.00013488216430642877,1.8356486981030007,0.08872804949616775,0.021521256063537796,0.00020660342425316952,0.002113623758955901
tumor_1,count_only_same_m,fixed_weight_messages,tumor_2,19275,0.00607212674780184,8.364573829082063e-05,3.9943603025377272,0.055023755330251556,0.03296180868781503,6.22920594077498e-05,-0.006884021140913563
tumor_2,count_distance_bins,edge_exclusion,random,6859,0.0017381673704806619,9.94052912250135e-05,1.1439630472373885,0.0654229171439578,0.019872537145803802,0.00013691581050089417,-0.009760182054605033
tumor_2,count_distance_bins,edge_exclusion,tumor_1,6859,0.004149811973020277,5.113136735197332e-05,2.731170559717575,0.033651762079275525,0.02615622930357726,6.608087466851142e-05,-0.0138220546653538
tumor_2,count_distance_bins,edge_exclusion,tumor_2,6859,0.0012737062409900368,1.4052144238536674e-05,0.8382811100206734,0.00924832327216652,0.020225034797758307,1.7484447154855705e-05,-0.009820993960926047
tumor_2,count_distance_bins,fixed_weight_messages,random,6859,0.0028117903087866063,0.00011971763641188918,1.8505606907938943,0.07879134914374421,0.02643554712631625,0.00011904352893132549,-0.015583390544603273
tumor_2,count_distance_bins,fixed_weight_messages,tumor_1,6859,0.005567451205665555,3.751966149553521e-05,3.664180190436686,0.0246933103363228,0.034403146804620616,4.18899568947759e-05,-0.02205541671312024
tumor_2,count_distance_bins,fixed_weight_messages,tumor_2,6859,0.0015178168807203482,1.213595597912229e-05,0.9989408692771938,0.007987196986199782,0.02236176944813147,2.1411454502843028e-05,-0.011053101627146362
tumor_2,count_only_same_m,edge_exclusion,random,6859,0.008145077804964804,0.0007409709595789699,5.3606276265424,0.4876650035145783,0.03526738906674094,0.0007651458688416424,0.0106771727854476
tumor_2,count_only_same_m,edge_exclusion,tumor_1,6859,0.00796818083483369,0.0001725388541049908,5.244204087339557,0.11355527474561829,0.03389929065897569,0.0002780663150468648,-0.003835990883567051
tumor_2,count_only_same_m,edge_exclusion,tumor_2,6859,0.012665144696680012,0.000800060306705209,8.335478945799117,0.5265542559224805,0.04957602725333809,0.0005805643647846121,0.02481063406562372
tumor_2,count_only_same_m,fixed_weight_messages,random,6859,0.005519114115342505,0.0002766150652575786,3.632367462802031,0.18205232610960878,0.03551941270158753,0.00037988395226798253,-0.002055203486924268
tumor_2,count_only_same_m,fixed_weight_messages,tumor_1,6859,0.007159817445902638,0.00012592315213023287,4.712185214254288,0.08287546715872636,0.03829314636431026,0.00018817805323088934,-0.015776345918881933
tumor_2,count_only_same_m,fixed_weight_messages,tumor_2,6859,0.006001013012221425,0.00038003725148841105,3.949525948167854,0.2501189354142471,0.0414306405111997,0.00040355407653380304,0.008911820302126209
