receiver,selection,operator,condition,repeat,n_receivers,full_MSE,masked_MSE,delta_MSE,relative_MSE_increase_percent,mean_absolute_prediction_change,mean_signed_prediction_change
tumor_1,count_only_same_m,edge_exclusion,tumor_1,0,19275,0.1520175018749321,0.15657078187633017,0.00455328000139805,2.9952340653144782,0.022350613254464233,0.005369031750939965
tumor_1,count_only_same_m,edge_exclusion,tumor_1,1,19275,0.1520175018749321,0.1567939938707897,0.004776491995857601,3.1420671547328194,0.023416929531997043,0.0065919681618112624
tumor_1,count_only_same_m,edge_exclusion,tumor_1,2,19275,0.1520175018749321,0.15645746695341284,0.00443996507848073,2.9206933568304283,0.022497481750893944,0.005579025905055103
tumor_1,count_only_same_m,edge_exclusion,tumor_1,3,19275,0.1520175018749321,0.15631060633833738,0.004293104463405279,2.8240856549118343,0.02257583464621181,0.005807348206793654
tumor_1,count_only_same_m,edge_exclusion,tumor_1,4,19275,0.1520175018749321,0.15670144212626913,0.004683940251337029,3.081184859352981,0.023033598518489677,0.0063724838312865335
tumor_1,count_only_same_m,edge_exclusion,tumor_1,5,19275,0.1520175018749321,0.15637268822569844,0.0043551863507663375,2.864924299538507,0.0224112294324169,0.0056589273748342715
tumor_1,count_only_same_m,edge_exclusion,tumor_1,6,19275,0.1520175018749321,0.15644801016239915,0.004430508287467048,2.914472500088916,0.022762686270872842,0.006109224550069029
tumor_1,count_only_same_m,edge_exclusion,tumor_1,7,19275,0.1520175018749321,0.15638332158088802,0.004365819705955916,2.871919122541411,0.022740912571527164,0.005928947413890901
tumor_1,count_only_same_m,edge_exclusion,tumor_1,8,19275,0.1520175018749321,0.15679361771662723,0.004776115841695123,3.141819713380456,0.02284608827595178,0.006126476012901239
tumor_1,count_only_same_m,edge_exclusion,tumor_1,9,19275,0.1520175018749321,0.1568761602178742,0.004858658342942084,3.1961177384294936,0.022997284164653842,0.006064039990153206
tumor_1,count_only_same_m,edge_exclusion,tumor_2,0,19275,0.1520175018749321,0.15724631117154506,0.005228809296612938,3.439610066026999,0.027920062056978518,0.002281986920967034
tumor_1,count_only_same_m,edge_exclusion,tumor_2,1,19275,0.1520175018749321,0.1572415214500745,0.005224019575142404,3.4364592962725427,0.028110980319458117,0.002552349764500638
tumor_1,count_only_same_m,edge_exclusion,tumor_2,2,19275,0.1520175018749321,0.15692898629942278,0.004911484424490675,3.2308677381973183,0.02814749672567045,0.002505654359380822
tumor_1,count_only_same_m,edge_exclusion,tumor_2,3,19275,0.1520175018749321,0.15720642508073326,0.0051889232058011615,3.413372237934942,0.028167354970749722,0.0025307593640134483
tumor_1,count_only_same_m,edge_exclusion,tumor_2,4,19275,0.1520175018749321,0.15730777813592053,0.005290276260988427,3.480044202634547,0.028311242762805118,0.002795362056883085
tumor_1,count_only_same_m,edge_exclusion,tumor_2,5,19275,0.1520175018749321,0.15718957390917515,0.00517207203424305,3.4022872172299046,0.028079722291855902,0.0024375906960834425
tumor_1,count_only_same_m,edge_exclusion,tumor_2,6,19275,0.1520175018749321,0.15732127614042635,0.005303774265494226,3.488923446365888,0.028255681885665938,0.0026341206008692612
tumor_1,count_only_same_m,edge_exclusion,tumor_2,7,19275,0.1520175018749321,0.156912642703666,0.004895140828733899,3.220116610494772,0.028068956809968237,0.002520829706963953
tumor_1,count_only_same_m,edge_exclusion,tumor_2,8,19275,0.1520175018749321,0.15707663727087706,0.005059135395944959,3.327995351553148,0.028150849987800146,0.0025364404737209688
tumor_1,count_only_same_m,edge_exclusion,tumor_2,9,19275,0.1520175018749321,0.15704301888669359,0.005025517011761482,3.305880539923667,0.027986299082360687,0.0023462077998278
tumor_1,count_only_same_m,edge_exclusion,random,0,19275,0.1520175018749321,0.15612522109835106,0.004107719223418946,2.7021357230290866,0.021232691971425258,0.005983426687830303
tumor_1,count_only_same_m,edge_exclusion,random,1,19275,0.1520175018749321,0.15598249186577123,0.003964989990839124,2.6082457229833933,0.02144119578083997,0.0063280588113918375
tumor_1,count_only_same_m,edge_exclusion,random,2,19275,0.1520175018749321,0.15634112213050214,0.004323620255570038,2.8441595225839,0.02123691498335295,0.00601929130732215
tumor_1,count_only_same_m,edge_exclusion,random,3,19275,0.1520175018749321,0.15619481630518048,0.0041773144302483835,2.7479167719024478,0.021819643076460647,0.006701671593061622
tumor_1,count_only_same_m,edge_exclusion,random,4,19275,0.1520175018749321,0.1563559155433512,0.0043384136684191076,2.853890910527146,0.021657385116077447,0.006604730619490171
tumor_1,count_only_same_m,edge_exclusion,random,5,19275,0.1520175018749321,0.15596854613045785,0.003951044255525753,2.599071953423082,0.021006460966362828,0.005768065429996562
tumor_1,count_only_same_m,edge_exclusion,random,6,19275,0.1520175018749321,0.15641073774555583,0.0043932358706237126,2.8899539963747944,0.021534139223132583,0.0060958820767995575
tumor_1,count_only_same_m,edge_exclusion,random,7,19275,0.1520175018749321,0.15588364643639438,0.003866144561462259,2.543223322169186,0.020901360874598617,0.005671806770869008
tumor_1,count_only_same_m,edge_exclusion,random,8,19275,0.1520175018749321,0.15658954465465366,0.0045720427797215565,3.0075765772569207,0.021685770926141514,0.006580546924158413
tumor_1,count_only_same_m,edge_exclusion,random,9,19275,0.1520175018749321,0.15646051478506678,0.004443012910134675,2.9226982783798316,0.022145818057549737,0.006871841372783379
tumor_1,count_only_same_m,fixed_weight_messages,tumor_1,0,19275,0.1520175018749321,0.15477215947542325,0.0027546576004911423,1.8120660887832818,0.021114503442468686,0.0014399265631753302
tumor_1,count_only_same_m,fixed_weight_messages,tumor_1,1,19275,0.1520175018749321,0.1548594306723383,0.0028419287974061746,1.8694747396548417,0.021951281340479092,0.002583747942936266
tumor_1,count_only_same_m,fixed_weight_messages,tumor_1,2,19275,0.1520175018749321,0.15496603157106745,0.002948529696135326,1.9395988355085159,0.02164254898990635,0.0021989836335531182
tumor_1,count_only_same_m,fixed_weight_messages,tumor_1,3,19275,0.1520175018749321,0.15457874846876024,0.0025612465938281187,1.6848366551473148,0.02148919254855729,0.002115240394778124
tumor_1,count_only_same_m,fixed_weight_messages,tumor_1,4,19275,0.1520175018749321,0.15470449720751267,0.0026869953325805622,1.7675565638430202,0.021595815085586806,0.0022889673240468326
tumor_1,count_only_same_m,fixed_weight_messages,tumor_1,5,19275,0.1520175018749321,0.15484609382045653,0.002828591945524413,1.86070150518034,0.02148220492805876,0.002261619682463999
tumor_1,count_only_same_m,fixed_weight_messages,tumor_1,6,19275,0.1520175018749321,0.15467797825574528,0.0026604763808131615,1.7501118936962934,0.021470592250961207,0.002119061626475777
tumor_1,count_only_same_m,fixed_weight_messages,tumor_1,7,19275,0.1520175018749321,0.15480491061185753,0.0027874087369254273,1.8336104083717109,0.021506099398184927,0.0021100442140932004
tumor_1,count_only_same_m,fixed_weight_messages,tumor_1,8,19275,0.1520175018749321,0.15503729791180934,0.0030197960368772408,1.986479188009338,0.021529136611948482,0.0021757782225690775
tumor_1,count_only_same_m,fixed_weight_messages,tumor_1,9,19275,0.1520175018749321,0.15483294369490955,0.0028154418199774402,1.8520511028353503,0.021431186039226374,0.0018428679854672868
tumor_1,count_only_same_m,fixed_weight_messages,tumor_2,0,19275,0.1520175018749321,0.15818687012074642,0.0061693682458143,4.058327606836976,0.0328929244252347,-0.0069672031335240294
tumor_1,count_only_same_m,fixed_weight_messages,tumor_2,1,19275,0.1520175018749321,0.15810418168834872,0.006086679813416624,4.003933585505348,0.03305725033751157,-0.006781734862938925
tumor_1,count_only_same_m,fixed_weight_messages,tumor_2,2,19275,0.1520175018749321,0.1579386644060187,0.005921162531086583,3.8950531735207905,0.03301120781636908,-0.006914676260040108
tumor_1,count_only_same_m,fixed_weight_messages,tumor_2,3,19275,0.1520175018749321,0.15817223405982617,0.006154732184894069,4.04869972798112,0.0329694612359369,-0.006866514321137944
tumor_1,count_only_same_m,fixed_weight_messages,tumor_2,4,19275,0.1520175018749321,0.1580487952798716,0.006031293404939477,3.967499354055648,0.03290323103249476,-0.006796799626080392
tumor_1,count_only_same_m,fixed_weight_messages,tumor_2,5,19275,0.1520175018749321,0.15811651795694645,0.006099016082014347,4.0120486172915415,0.032937525007297706,-0.006952403604459056
tumor_1,count_only_same_m,fixed_weight_messages,tumor_2,6,19275,0.1520175018749321,0.15820674471191207,0.006189242836979959,4.07140149038363,0.03304461109032167,-0.006822320525087648
tumor_1,count_only_same_m,fixed_weight_messages,tumor_2,7,19275,0.1520175018749321,0.15804113269376993,0.006023630818837816,3.96245875938257,0.032897687597293904,-0.006887950107417288
tumor_1,count_only_same_m,fixed_weight_messages,tumor_2,8,19275,0.1520175018749321,0.15802614135938867,0.0060086394844565605,3.952597174896333,0.03299327781578546,-0.006921221190056322
tumor_1,count_only_same_m,fixed_weight_messages,tumor_2,9,19275,0.1520175018749321,0.15805500395051078,0.00603750207557866,3.9715835355233153,0.032910910519904586,-0.006929387778393918
tumor_1,count_only_same_m,fixed_weight_messages,random,0,19275,0.1520175018749321,0.15525727253175797,0.0032397706568258514,2.1311826709869752,0.02173882718357392,0.0012587540818864325
tumor_1,count_only_same_m,fixed_weight_messages,random,1,19275,0.1520175018749321,0.1549936063409582,0.0029761044660261103,1.957738042869961,0.0219550159812266,0.001688966127418676
tumor_1,count_only_same_m,fixed_weight_messages,random,2,19275,0.1520175018749321,0.15525387878986607,0.0032363769149339615,2.128950203113189,0.021835161823508514,0.0014265026915608857
tumor_1,count_only_same_m,fixed_weight_messages,random,3,19275,0.1520175018749321,0.15515282823744952,0.003135326362517427,2.0624772304816075,0.022490685888874117,0.0021432176574156998
tumor_1,count_only_same_m,fixed_weight_messages,random,4,19275,0.1520175018749321,0.15534446394791784,0.0033269620729857226,2.188538840562515,0.022245893257081945,0.0018919196432985784
tumor_1,count_only_same_m,fixed_weight_messages,random,5,19275,0.1520175018749321,0.15507248482512564,0.0030549829501935297,2.0096258078934337,0.021746212653211198,0.001172843785627505
tumor_1,count_only_same_m,fixed_weight_messages,random,6,19275,0.1520175018749321,0.1552777348198579,0.0032602329449258,2.144643152739123,0.022299862000749838,0.0016349899173350728
tumor_1,count_only_same_m,fixed_weight_messages,random,7,19275,0.1520175018749321,0.15503039628613818,0.0030128944112060665,1.9819391675603537,0.021610901934122944,0.0011979258521721391
tumor_1,count_only_same_m,fixed_weight_messages,random,8,19275,0.1520175018749321,0.15517317291668656,0.0031556710417544524,2.0758603468899794,0.02183436028776693,0.0017441506327191777
tumor_1,count_only_same_m,fixed_weight_messages,random,9,19275,0.1520175018749321,0.15535864553676243,0.0033411436618303084,2.1978677590552165,0.02233611875460768,0.0018429440815250187
tumor_1,count_distance_bins,edge_exclusion,tumor_1,0,19275,0.1520175018749321,0.15282063725749234,0.0008031353825602279,0.5283177085892321,0.010384875210941074,-0.006149038005193105
tumor_1,count_distance_bins,edge_exclusion,tumor_1,1,19275,0.1520175018749321,0.15280740041868987,0.0007898985437577501,0.5196102646178202,0.010374555131977225,-0.006167280572209896
tumor_1,count_distance_bins,edge_exclusion,tumor_1,2,19275,0.1520175018749321,0.15281567699068313,0.0007981751157510325,0.5250547508718562,0.010408955377423555,-0.006169923064998658
tumor_1,count_distance_bins,edge_exclusion,tumor_1,3,19275,0.1520175018749321,0.15282462603358277,0.000807124158650656,0.5309416012602819,0.01037601310328432,-0.006163425458066457
tumor_1,count_distance_bins,edge_exclusion,tumor_1,4,19275,0.1520175018749321,0.1528130094010521,0.0007955075261199994,0.5232999597470478,0.010408858510186378,-0.006156930312188736
tumor_1,count_distance_bins,edge_exclusion,tumor_1,5,19275,0.1520175018749321,0.15283224227207934,0.0008147403971472304,0.5359517075984588,0.010383420554750932,-0.006172824384741859
tumor_1,count_distance_bins,edge_exclusion,tumor_1,6,19275,0.1520175018749321,0.15283442775449474,0.0008169258795626191,0.5373893594401435,0.010404074603995249,-0.006160954409242154
tumor_1,count_distance_bins,edge_exclusion,tumor_1,7,19275,0.1520175018749321,0.15282503584460264,0.000807533969670539,0.531211182732716,0.010392072393237327,-0.00617598243848684
tumor_1,count_distance_bins,edge_exclusion,tumor_1,8,19275,0.1520175018749321,0.15282600259175122,0.0008085007168190982,0.5318471273684455,0.01038363288126361,-0.0061657156490662855
tumor_1,count_distance_bins,edge_exclusion,tumor_1,9,19275,0.1520175018749321,0.1528185540188089,0.0008010521438767851,0.5269473146163328,0.010391971911200889,-0.0061705068069371795
tumor_1,count_distance_bins,edge_exclusion,tumor_2,0,19275,0.1520175018749321,0.15519939590105505,0.003181894026122958,2.093110324060432,0.022560577976525567,-0.003183563010122084
tumor_1,count_distance_bins,edge_exclusion,tumor_2,1,19275,0.1520175018749321,0.15520123177354817,0.003183729898616063,2.0943179958550884,0.022550162319125176,-0.0032125991528237615
tumor_1,count_distance_bins,edge_exclusion,tumor_2,2,19275,0.1520175018749321,0.15518032005513993,0.0031628181802078204,2.080561870310138,0.022577136507020697,-0.0032694170480616056
tumor_1,count_distance_bins,edge_exclusion,tumor_2,3,19275,0.1520175018749321,0.15522007218369918,0.0032025703087670853,2.1067115754881405,0.02256535964775994,-0.0032203184119551785
tumor_1,count_distance_bins,edge_exclusion,tumor_2,4,19275,0.1520175018749321,0.15521651763095753,0.003199015756025427,2.1043733231830952,0.022587008815544013,-0.0032568876225179924
tumor_1,count_distance_bins,edge_exclusion,tumor_2,5,19275,0.1520175018749321,0.15517892959942947,0.0031614277244973615,2.079647202134871,0.02254235749331069,-0.003271705105147263
tumor_1,count_distance_bins,edge_exclusion,tumor_2,6,19275,0.1520175018749321,0.15518108500359976,0.0031635831286676527,2.0810650679356613,0.022575115095078955,-0.0032433281795696983
tumor_1,count_distance_bins,edge_exclusion,tumor_2,7,19275,0.1520175018749321,0.15521150203099843,0.003194000156066307,2.1010739662687516,0.022563356464351682,-0.003253295380583862
tumor_1,count_distance_bins,edge_exclusion,tumor_2,8,19275,0.1520175018749321,0.1552571455397757,0.0032396436648436094,2.1310991332490925,0.022584919924604766,-0.0032636843630885824
tumor_1,count_distance_bins,edge_exclusion,tumor_2,9,19275,0.1520175018749321,0.1552476562857799,0.003230154410847807,2.124856921741358,0.02255459063926957,-0.0032444146610890604
tumor_1,count_distance_bins,edge_exclusion,random,0,19275,0.1520175018749321,0.15315323667843164,0.001135734803499521,0.7471079247400869,0.01274513762037194,-0.004461682005109386
tumor_1,count_distance_bins,edge_exclusion,random,1,19275,0.1520175018749321,0.1530499616178956,0.001032459742963488,0.6791716284174409,0.012642045957406247,-0.004437073215728198
tumor_1,count_distance_bins,edge_exclusion,random,2,19275,0.1520175018749321,0.15324035739725358,0.0012228555223214815,0.8044175882639726,0.01280017851934186,-0.004366681880598129
tumor_1,count_distance_bins,edge_exclusion,random,3,19275,0.1520175018749321,0.153210773434545,0.0011932715596128908,0.7849566957063958,0.012832849181156507,-0.004560885818788704
tumor_1,count_distance_bins,edge_exclusion,random,4,19275,0.1520175018749321,0.15322119956807365,0.001203697693141542,0.7918152043649762,0.012845878953558348,-0.004430887933840527
tumor_1,count_distance_bins,edge_exclusion,random,5,19275,0.1520175018749321,0.15324732468692337,0.0012298228119912613,0.8090008037384244,0.012746325019823349,-0.004468516525102209
tumor_1,count_distance_bins,edge_exclusion,random,6,19275,0.1520175018749321,0.15327610469905797,0.001258602824125864,0.8279328423389964,0.01282431064777075,-0.004444855714876032
tumor_1,count_distance_bins,edge_exclusion,random,7,19275,0.1520175018749321,0.15318999571990607,0.0011724938449739744,0.7712887203860319,0.012744251508873537,-0.004523139177040134
tumor_1,count_distance_bins,edge_exclusion,random,8,19275,0.1520175018749321,0.15319332287793894,0.0011758210030068364,0.773477388132715,0.012712214262852194,-0.004359978645664429
tumor_1,count_distance_bins,edge_exclusion,random,9,19275,0.1520175018749321,0.15322881746553618,0.0012113155906040816,0.7968264020024929,0.012717018034530172,-0.004503545781002658
tumor_1,count_distance_bins,fixed_weight_messages,tumor_1,0,19275,0.1520175018749321,0.15280072151771734,0.0007832196427852244,0.5152167567058052,0.011497719227516134,-0.006370342611998222
tumor_1,count_distance_bins,fixed_weight_messages,tumor_1,1,19275,0.1520175018749321,0.1527913627475774,0.0007738608726452983,0.5090603799567495,0.011490340217851953,-0.006389441216863981
tumor_1,count_distance_bins,fixed_weight_messages,tumor_1,2,19275,0.1520175018749321,0.1527955070218318,0.0007780051468997159,0.5117865622734641,0.011513119688283504,-0.006393913243052469
tumor_1,count_distance_bins,fixed_weight_messages,tumor_1,3,19275,0.1520175018749321,0.1528063685958713,0.0007888667209391831,0.5189315119703775,0.0115054424343041,-0.006378355034623546
tumor_1,count_distance_bins,fixed_weight_messages,tumor_1,4,19275,0.1520175018749321,0.1527992298083425,0.0007817279334103957,0.514235481947023,0.011516104672710869,-0.006375352693240123
tumor_1,count_distance_bins,fixed_weight_messages,tumor_1,5,19275,0.1520175018749321,0.15280729115917802,0.000789789284245895,0.5195383916357654,0.011492888080727012,-0.006389927399956882
tumor_1,count_distance_bins,fixed_weight_messages,tumor_1,6,19275,0.1520175018749321,0.15280862437081552,0.0007911224958834259,0.5204154035726161,0.01150524928742841,-0.0063891254720381775
tumor_1,count_distance_bins,fixed_weight_messages,tumor_1,7,19275,0.1520175018749321,0.1528044013744436,0.0007868994995114791,0.5176374363518255,0.011500781207674707,-0.006396049234731671
tumor_1,count_distance_bins,fixed_weight_messages,tumor_1,8,19275,0.1520175018749321,0.1528066744355338,0.0007891725606017114,0.5191326991091927,0.011503702591493347,-0.00639338268177848
tumor_1,count_distance_bins,fixed_weight_messages,tumor_1,9,19275,0.1520175018749321,0.15280184729883026,0.0007843454238981608,0.5159573169038589,0.01150456975456543,-0.006393343015364415
tumor_1,count_distance_bins,fixed_weight_messages,tumor_2,0,19275,0.1520175018749321,0.15693131715219844,0.004913815277266339,3.2324010174230144,0.029064489075009567,-0.01041137950807297
tumor_1,count_distance_bins,fixed_weight_messages,tumor_2,1,19275,0.1520175018749321,0.15693969856009002,0.0049221966851579,3.2379144667220583,0.02904872673472165,-0.010420131399671018
tumor_1,count_distance_bins,fixed_weight_messages,tumor_2,2,19275,0.1520175018749321,0.1569282235251436,0.004910721650211486,3.2303659707890953,0.02908830548405699,-0.01047151435913032
tumor_1,count_distance_bins,fixed_weight_messages,tumor_2,3,19275,0.1520175018749321,0.15694316550299797,0.00492566362806585,3.240195087614506,0.02906134478729862,-0.010450848474861201
tumor_1,count_distance_bins,fixed_weight_messages,tumor_2,4,19275,0.1520175018749321,0.15694853728517932,0.004931035410247226,3.2437287479596177,0.02906578650499688,-0.01045153010642927
tumor_1,count_distance_bins,fixed_weight_messages,tumor_2,5,19275,0.1520175018749321,0.15694534726076756,0.00492784538583545,3.2416302893134574,0.029066474611330984,-0.01045912530272186
tumor_1,count_distance_bins,fixed_weight_messages,tumor_2,6,19275,0.1520175018749321,0.15691777429826936,0.004900272423337261,3.2234922708891833,0.029060807151414295,-0.010453542707863675
tumor_1,count_distance_bins,fixed_weight_messages,tumor_2,7,19275,0.1520175018749321,0.15695266205860411,0.004935160183671997,3.2464421022602163,0.029077913609524553,-0.010457955478350767
tumor_1,count_distance_bins,fixed_weight_messages,tumor_2,8,19275,0.1520175018749321,0.15696380585695696,0.004946303982024846,3.2537727044707365,0.029082831008029924,-0.010474733329410376
tumor_1,count_distance_bins,fixed_weight_messages,tumor_2,9,19275,0.1520175018749321,0.1569420928180711,0.0049245909431389736,3.2394894550961117,0.02903827607567381,-0.010483880769447156
tumor_1,count_distance_bins,fixed_weight_messages,random,0,19275,0.1520175018749321,0.1538656846169848,0.001848182742052679,1.21576971023587,0.016902337269198115,-0.007369351419649374
tumor_1,count_distance_bins,fixed_weight_messages,random,1,19275,0.1520175018749321,0.15378269744741366,0.0017651955724815353,1.1611791739176258,0.016844589260134706,-0.007339402098068172
tumor_1,count_distance_bins,fixed_weight_messages,random,2,19275,0.1520175018749321,0.15389873185979797,0.0018812299848658585,1.2375088142242863,0.016815057624246624,-0.007360618823060775
tumor_1,count_distance_bins,fixed_weight_messages,random,3,19275,0.1520175018749321,0.1538993493599639,0.0018818474850318021,1.2379150175616305,0.016945025097673778,-0.0074054677661091655
tumor_1,count_distance_bins,fixed_weight_messages,random,4,19275,0.1520175018749321,0.15392018488893022,0.0019026830139981122,1.2516210242446313,0.01696513256495286,-0.007358503557620369
tumor_1,count_distance_bins,fixed_weight_messages,random,5,19275,0.1520175018749321,0.15385807299864568,0.0018405711237135575,1.2107626431250296,0.016915840164825783,-0.007353772309417395
tumor_1,count_distance_bins,fixed_weight_messages,random,6,19275,0.1520175018749321,0.1539391333795364,0.001921631504604291,1.2640857012538254,0.01695451045808374,-0.007445260799939125
tumor_1,count_distance_bins,fixed_weight_messages,random,7,19275,0.1520175018749321,0.15386448084466686,0.0018469789697347515,1.2149778459419114,0.01683272956621465,-0.007442420899465044
tumor_1,count_distance_bins,fixed_weight_messages,random,8,19275,0.1520175018749321,0.15387289080636793,0.001855388931435824,1.2205100784791867,0.01683390808573775,-0.007308285165537953
tumor_1,count_distance_bins,fixed_weight_messages,random,9,19275,0.1520175018749321,0.15393237711248386,0.001914875237551746,1.2596413004649643,0.01688059460695382,-0.007434563504992823
tumor_2,count_only_same_m,edge_exclusion,tumor_1,0,6859,0.1519426151638586,0.16006284462429873,0.008120229460440125,5.344273857392201,0.033865118834343455,-0.004071441731479641
tumor_2,count_only_same_m,edge_exclusion,tumor_1,1,6859,0.1519426151638586,0.15972468231313572,0.007782067149277124,5.121714629490048,0.03359358176584263,-0.0044345347043821095
tumor_2,count_only_same_m,edge_exclusion,tumor_1,2,6859,0.1519426151638586,0.15994222253907947,0.007999607375220874,5.264887251409944,0.03422675630125653,-0.0034060168878044315
tumor_2,count_only_same_m,edge_exclusion,tumor_1,3,6859,0.1519426151638586,0.15981973657286366,0.007877121409005055,5.184273944811446,0.03422648496165552,-0.0040691711990895486
tumor_2,count_only_same_m,edge_exclusion,tumor_1,4,6859,0.1519426151638586,0.1599762329549538,0.00803361779109521,5.287270975579528,0.03379319706732665,-0.004032746629735166
tumor_2,count_only_same_m,edge_exclusion,tumor_1,5,6859,0.1519426151638586,0.16005918433983116,0.008116569175972565,5.341864866034762,0.0338301232016412,-0.0038377346047809035
tumor_2,count_only_same_m,edge_exclusion,tumor_1,6,6859,0.1519426151638586,0.15958958810312543,0.007646972939266832,5.0328032928879995,0.033368347007907126,-0.0043383156292687635
tumor_2,count_only_same_m,edge_exclusion,tumor_1,7,6859,0.1519426151638586,0.160149276641516,0.008206661477657378,5.4011585023774344,0.03407500507876537,-0.0032829644756381562
tumor_2,count_only_same_m,edge_exclusion,tumor_1,8,6859,0.1519426151638586,0.1599752895867075,0.008032674422848897,5.286650104176682,0.034139225794213586,-0.0032500259784090015
tumor_2,count_only_same_m,edge_exclusion,tumor_1,9,6859,0.1519426151638586,0.15980890231141145,0.007866287147552857,5.177143449235522,0.0338750665768049,-0.003636956995082791
tumor_2,count_only_same_m,edge_exclusion,tumor_2,0,6859,0.1519426151638586,0.16516947864256226,0.013226863478703662,8.705170346343905,0.04985642419698652,0.024885659055551547
tumor_2,count_only_same_m,edge_exclusion,tumor_2,1,6859,0.1519426151638586,0.16419939223124902,0.012256777067390418,8.066714564687727,0.04844632244509334,0.02361398038930912
tumor_2,count_only_same_m,edge_exclusion,tumor_2,2,6859,0.1519426151638586,0.1639074299368219,0.011964814772963293,7.874561563956339,0.04986920396075977,0.024744582246152856
tumor_2,count_only_same_m,edge_exclusion,tumor_2,3,6859,0.1519426151638586,0.16425891949054544,0.012316304326686848,8.105892026015638,0.049229821005130014,0.0247869263903123
tumor_2,count_only_same_m,edge_exclusion,tumor_2,4,6859,0.1519426151638586,0.16342020233539564,0.011477587171537051,7.553896027891405,0.049810926539474956,0.025242183359957572
tumor_2,count_only_same_m,edge_exclusion,tumor_2,5,6859,0.1519426151638586,0.16441463803820866,0.012472022874350059,8.208377130339596,0.04921853767570345,0.024574346522900106
tumor_2,count_only_same_m,edge_exclusion,tumor_2,6,6859,0.1519426151638586,0.1650511973969951,0.013108582233136485,8.627324348076982,0.04962499778126093,0.024674678367083692
tumor_2,count_only_same_m,edge_exclusion,tumor_2,7,6859,0.1519426151638586,0.16424958699868045,0.012306971834821852,8.099749909891774,0.049112325379039604,0.024515558623909053
tumor_2,count_only_same_m,edge_exclusion,tumor_2,8,6859,0.1519426151638586,0.1661999441635908,0.014257328999732184,9.383364228894408,0.05016145998728942,0.02549202132777327
tumor_2,count_only_same_m,edge_exclusion,tumor_2,9,6859,0.1519426151638586,0.16520680937133686,0.013264194207478267,8.729739311893404,0.0504302535626429,0.02557640437328768
tumor_2,count_only_same_m,edge_exclusion,random,0,6859,0.1519426151638586,0.15976386277912608,0.007821247615267467,5.147500987022524,0.036134060136576274,0.011643488588419812
tumor_2,count_only_same_m,edge_exclusion,random,1,6859,0.1519426151638586,0.16008646236352064,0.008143847199662053,5.359817712022097,0.03578383261578545,0.011437364392970623
tumor_2,count_only_same_m,edge_exclusion,random,2,6859,0.1519426151638586,0.16084822558566952,0.008905610421810926,5.861167001901935,0.03575121262025161,0.01143272137223448
tumor_2,count_only_same_m,edge_exclusion,random,3,6859,0.1519426151638586,0.15963898403787316,0.007696368874014559,5.065312891787865,0.034656499841241126,0.009993449801356821
tumor_2,count_only_same_m,edge_exclusion,random,4,6859,0.1519426151638586,0.16083355684859263,0.008890941684734015,5.851512872241815,0.035441540358002184,0.010644589149304192
tumor_2,count_only_same_m,edge_exclusion,random,5,6859,0.1519426151638586,0.16031852539021327,0.008375910226354673,5.512548416599183,0.03530064264404645,0.010467705629428333
tumor_2,count_only_same_m,edge_exclusion,random,6,6859,0.1519426151638586,0.15927346656123864,0.0073308513973800405,4.824750047558601,0.03411249719025601,0.009381681203174473
tumor_2,count_only_same_m,edge_exclusion,random,7,6859,0.1519426151638586,0.1590255120170215,0.007082896853162904,4.661560448676316,0.034772029495180996,0.010022679843578467
tumor_2,count_only_same_m,edge_exclusion,random,8,6859,0.1519426151638586,0.1613313131206046,0.009388697956746002,6.179107781329818,0.03636475320716632,0.011981064297981804
tumor_2,count_only_same_m,edge_exclusion,random,9,6859,0.1519426151638586,0.159757020984374,0.007814405820515399,5.142998106283847,0.034356822558903,0.009766983576026997
tumor_2,count_only_same_m,fixed_weight_messages,tumor_1,0,6859,0.1519426151638586,0.15926437533173388,0.007321760167875272,4.818766716618184,0.03810371080863359,-0.01605652001797407
tumor_2,count_only_same_m,fixed_weight_messages,tumor_1,1,6859,0.1519426151638586,0.15897313234208066,0.007030517178222059,4.627087121437379,0.0382255057444898,-0.016044380931318228
tumor_2,count_only_same_m,fixed_weight_messages,tumor_1,2,6859,0.1519426151638586,0.15901294758282253,0.007070332418963915,4.65329125166043,0.03829521273412689,-0.015662254682019816
tumor_2,count_only_same_m,fixed_weight_messages,tumor_1,3,6859,0.1519426151638586,0.159047922055184,0.007105306891325406,4.676309463058059,0.038457450104055664,-0.015956207501861365
tumor_2,count_only_same_m,fixed_weight_messages,tumor_1,4,6859,0.1519426151638586,0.15934267031954505,0.007400055155686435,4.870296030975929,0.03863241144513574,-0.015733029426549004
tumor_2,count_only_same_m,fixed_weight_messages,tumor_1,5,6859,0.1519426151638586,0.15912292428998165,0.0071803091261230375,4.725671674388132,0.03809437625878596,-0.015895870416590564
tumor_2,count_only_same_m,fixed_weight_messages,tumor_1,6,6859,0.1519426151638586,0.15894983544217686,0.007007220278318257,4.611754425025194,0.03809282562129961,-0.016135578899676168
tumor_2,count_only_same_m,fixed_weight_messages,tumor_1,7,6859,0.1519426151638586,0.1591167144390974,0.007174099275238796,4.721584703213155,0.038340085475477174,-0.015363300857104164
tumor_2,count_only_same_m,fixed_weight_messages,tumor_1,8,6859,0.1519426151638586,0.15903731321075829,0.007094698046899684,4.669327324166828,0.038501355623429726,-0.015375967766779188
tumor_2,count_only_same_m,fixed_weight_messages,tumor_1,9,6859,0.1519426151638586,0.15915649108423213,0.007213875920373523,4.747763431999585,0.038188529827668474,-0.015540348688946744
tumor_2,count_only_same_m,fixed_weight_messages,tumor_2,0,6859,0.1519426151638586,0.15836840720378664,0.006425792039928051,4.2290913796621865,0.04139920895457373,0.00882875257269717
tumor_2,count_only_same_m,fixed_weight_messages,tumor_2,1,6859,0.1519426151638586,0.15765984488321033,0.005717229719351719,3.7627559017502143,0.0405132867311349,0.008048202025158338
tumor_2,count_only_same_m,fixed_weight_messages,tumor_2,2,6859,0.1519426151638586,0.15733726783937632,0.005394652675517718,3.550454011667492,0.04141499992046819,0.00866673261316978
tumor_2,count_only_same_m,fixed_weight_messages,tumor_2,3,6859,0.1519426151638586,0.1580627395734917,0.006120124409633103,4.027918305231881,0.04151272706893158,0.009257907810779498
tumor_2,count_only_same_m,fixed_weight_messages,tumor_2,4,6859,0.1519426151638586,0.15757050036795664,0.005627885204098031,3.7039544159673587,0.04158409001101908,0.009414857923678556
tumor_2,count_only_same_m,fixed_weight_messages,tumor_2,5,6859,0.1519426151638586,0.1582827198885726,0.006340104724713983,4.1726968552414645,0.04186106416251343,0.009067162566871807
tumor_2,count_only_same_m,fixed_weight_messages,tumor_2,6,6859,0.1519426151638586,0.15810183960424634,0.006159224440387739,4.053651724860385,0.04125642007192816,0.008656367603570018
tumor_2,count_only_same_m,fixed_weight_messages,tumor_2,7,6859,0.1519426151638586,0.15790583258711438,0.00596321742325578,3.9246510380414934,0.04115561846243536,0.00881383126136258
tumor_2,count_only_same_m,fixed_weight_messages,tumor_2,8,6859,0.1519426151638586,0.1584874430461952,0.0065448278823366,4.307434010714184,0.04169995063877228,0.00921143308674
tumor_2,count_only_same_m,fixed_weight_messages,tumor_2,9,6859,0.1519426151638586,0.15765968676685013,0.005717071602991522,3.762651838541875,0.04190903909022028,0.009152955557234338
tumor_2,count_only_same_m,fixed_weight_messages,random,0,6859,0.1519426151638586,0.1575158321128607,0.005573216949002094,3.667974875246016,0.03574949604559549,-0.0016242339439679397
tumor_2,count_only_same_m,fixed_weight_messages,random,1,6859,0.1519426151638586,0.15735268731588664,0.005410072152028042,3.5606022353858346,0.03589797302609982,-0.0016680912100151574
tumor_2,count_only_same_m,fixed_weight_messages,random,2,6859,0.1519426151638586,0.15749262931275854,0.00555001414889994,3.652704109979066,0.03583924359259066,-0.0014830198369278212
tumor_2,count_only_same_m,fixed_weight_messages,random,3,6859,0.1519426151638586,0.1570995136601774,0.005156898496318801,3.393977713729268,0.03526586986616384,-0.002180550394105407
tumor_2,count_only_same_m,fixed_weight_messages,random,4,6859,0.1519426151638586,0.15769316051264687,0.005750545348788268,3.784682356945579,0.035594539424060205,-0.0024569494568516762
tumor_2,count_only_same_m,fixed_weight_messages,random,5,6859,0.1519426151638586,0.15778590041717833,0.005843285253319731,3.8457184951161905,0.03601022649581024,-0.001641477453312037
tumor_2,count_only_same_m,fixed_weight_messages,random,6,6859,0.1519426151638586,0.15720431949383692,0.005261704329978324,3.462954961189779,0.03483746858104844,-0.0026624887011158413
tumor_2,count_only_same_m,fixed_weight_messages,random,7,6859,0.1519426151638586,0.15708012379369,0.005137508629831391,3.3812164048190096,0.03515437132192482,-0.002655017251442019
tumor_2,count_only_same_m,fixed_weight_messages,random,8,6859,0.1519426151638586,0.1578709865583321,0.00592837139447348,3.901717360912982,0.035612657515040315,-0.0017563726040433637
tumor_2,count_only_same_m,fixed_weight_messages,random,9,6859,0.1519426151638586,0.1575221396146436,0.005579524450784978,3.6721261146965833,0.03523228114754148,-0.0024238340174614196
tumor_2,count_distance_bins,edge_exclusion,tumor_1,0,6859,0.1519426151638586,0.15610894513687185,0.004166329973013258,2.7420417692035848,0.026039124801859825,-0.013781752852275307
tumor_2,count_distance_bins,edge_exclusion,tumor_1,1,6859,0.1519426151638586,0.1560934740138128,0.004150858849954193,2.731859554660021,0.02619263503943481,-0.0137909841504925
tumor_2,count_distance_bins,edge_exclusion,tumor_1,2,6859,0.1519426151638586,0.15603863314718144,0.004096017983322834,2.695766410829248,0.02624524862966675,-0.013888204589427198
tumor_2,count_distance_bins,edge_exclusion,tumor_1,3,6859,0.1519426151638586,0.15611033239922978,0.004167717235371176,2.742954786500551,0.026135157636173238,-0.013802323383957244
tumor_2,count_distance_bins,edge_exclusion,tumor_1,4,6859,0.1519426151638586,0.15618755832594444,0.0042449431620858475,2.7937805055599396,0.026096998608597537,-0.013843527992726918
tumor_2,count_distance_bins,edge_exclusion,tumor_1,5,6859,0.1519426151638586,0.1560447874380775,0.004102172274218914,2.6998168155754287,0.026153262187616783,-0.013900167439604887
tumor_2,count_distance_bins,edge_exclusion,tumor_1,6,6859,0.1519426151638586,0.156077841390387,0.0041352262265283955,2.721571049747218,0.026153844278502814,-0.013763544091870078
tumor_2,count_distance_bins,edge_exclusion,tumor_1,7,6859,0.1519426151638586,0.1560207354908907,0.004078120327032124,2.6839871899231094,0.026105884700849735,-0.013859938842088058
tumor_2,count_distance_bins,edge_exclusion,tumor_1,8,6859,0.1519426151638586,0.1560914969622397,0.004148881798381097,2.7305583715976134,0.026191046270069865,-0.013776429615960643
tumor_2,count_distance_bins,edge_exclusion,tumor_1,9,6859,0.1519426151638586,0.15615046706415353,0.004207851900294926,2.769369143579037,0.026249090883001258,-0.01381367369513518
tumor_2,count_distance_bins,edge_exclusion,tumor_2,0,6859,0.1519426151638586,0.15320763965338755,0.001265024489528945,0.832567274273055,0.02021115617548649,-0.009837698943165576
tumor_2,count_distance_bins,edge_exclusion,tumor_2,1,6859,0.1519426151638586,0.1531986558759567,0.0012560407120981167,0.8266546621851667,0.020196156400111524,-0.009826681620170528
tumor_2,count_distance_bins,edge_exclusion,tumor_2,2,6859,0.1519426151638586,0.15320120127748005,0.0012585861136214388,0.8283299009064438,0.020233720872128252,-0.009845636237122323
tumor_2,count_distance_bins,edge_exclusion,tumor_2,3,6859,0.1519426151638586,0.15322230743376744,0.0012796922699088481,0.8422207742895482,0.02023533587511744,-0.009782888614768814
tumor_2,count_distance_bins,edge_exclusion,tumor_2,4,6859,0.1519426151638586,0.15320751049393944,0.001264895330080829,0.83248226885968,0.02021278644419573,-0.009837812619197507
tumor_2,count_distance_bins,edge_exclusion,tumor_2,5,6859,0.1519426151638586,0.1532327641291365,0.0012901489652779085,0.8491027773127158,0.02024747308654557,-0.009783630752438668
tumor_2,count_distance_bins,edge_exclusion,tumor_2,6,6859,0.1519426151638586,0.15323325879427507,0.0012906436304164837,0.8494283378133405,0.020214133880230332,-0.009837936518942908
tumor_2,count_distance_bins,edge_exclusion,tumor_2,7,6859,0.1519426151638586,0.15322536402457573,0.0012827488607171306,0.8442324487661246,0.020247456283426637,-0.009807296829483527
tumor_2,count_distance_bins,edge_exclusion,tumor_2,8,6859,0.1519426151638586,0.15320299288707293,0.001260377723214335,0.8295090365893154,0.02021453099721204,-0.009860163140544288
tumor_2,count_distance_bins,edge_exclusion,tumor_2,9,6859,0.1519426151638586,0.15323151947889493,0.0012889043150363345,0.848283619211343,0.020237597963129062,-0.009790194333426339
tumor_2,count_distance_bins,edge_exclusion,random,0,6859,0.1519426151638586,0.15379899025927973,0.0018563750954211464,1.2217606584032925,0.020012721072070264,-0.009592620332345269
tumor_2,count_distance_bins,edge_exclusion,random,1,6859,0.1519426151638586,0.15377351892593702,0.0018309037620784208,1.2049968733945482,0.019828838678322174,-0.009592861502045155
tumor_2,count_distance_bins,edge_exclusion,random,2,6859,0.1519426151638586,0.15362721617245495,0.001684601008596362,1.1087087100479565,0.01980149215426371,-0.009532356141300737
tumor_2,count_distance_bins,edge_exclusion,random,3,6859,0.1519426151638586,0.15373350760565652,0.0017908924417979273,1.1786636947551443,0.019909781922545968,-0.009849115045410242
tumor_2,count_distance_bins,edge_exclusion,random,4,6859,0.1519426151638586,0.1536984888301045,0.0017558736662458946,1.1556163255136198,0.019849786634457734,-0.009788067913226497
tumor_2,count_distance_bins,edge_exclusion,random,5,6859,0.1519426151638586,0.1535994609239403,0.001656845760081711,1.090441781783813,0.01997210179931334,-0.009729702614051653
tumor_2,count_distance_bins,edge_exclusion,random,6,6859,0.1519426151638586,0.1537205906984633,0.0017779755346047082,1.1701625200325028,0.01953439083389537,-0.009983609144793562
tumor_2,count_distance_bins,edge_exclusion,random,7,6859,0.1519426151638586,0.15346459517049854,0.0015219800066399287,1.0016808023203927,0.01989789189796686,-0.009936323277305955
tumor_2,count_distance_bins,edge_exclusion,random,8,6859,0.1519426151638586,0.15364565256341498,0.0017030373995563643,1.1208424955169827,0.019947220528043503,-0.009846096402586175
tumor_2,count_distance_bins,edge_exclusion,random,9,6859,0.1519426151638586,0.15374580419364275,0.0018031890297841573,1.1867566106056326,0.01997114593715911,-0.009751068172985086
tumor_2,count_distance_bins,fixed_weight_messages,tumor_1,0,6859,0.1519426151638586,0.15752262801165595,0.005580012847797362,3.672447549872526,0.03435550764698756,-0.022032888351640467
tumor_2,count_distance_bins,fixed_weight_messages,tumor_1,1,6859,0.1519426151638586,0.15751608097998204,0.0055734658161234445,3.668138665451348,0.03436230132034035,-0.022028192862724547
tumor_2,count_distance_bins,fixed_weight_messages,tumor_1,2,6859,0.1519426151638586,0.1574694761649509,0.00552686100109232,3.637466023032454,0.034391420275111065,-0.022084476419536966
tumor_2,count_distance_bins,fixed_weight_messages,tumor_1,3,6859,0.1519426151638586,0.15754451524093746,0.005601900077078871,3.6868524811407566,0.03439238267573963,-0.022077817302181824
tumor_2,count_distance_bins,fixed_weight_messages,tumor_1,4,6859,0.1519426151638586,0.15756699410257208,0.005624378938713479,3.7016467912231343,0.03441210161034643,-0.02210272366670546
tumor_2,count_distance_bins,fixed_weight_messages,tumor_1,5,6859,0.1519426151638586,0.15747984240195512,0.005537227238096511,3.644288491497294,0.03445529116262938,-0.02210262480879914
tumor_2,count_distance_bins,fixed_weight_messages,tumor_1,6,6859,0.1519426151638586,0.15753838639015985,0.00559577122630124,3.6828188196357026,0.034356582952216566,-0.02200184111857668
tumor_2,count_distance_bins,fixed_weight_messages,tumor_1,7,6859,0.1519426151638586,0.15749107029636747,0.00554845513250886,3.651678053931917,0.034416087802096686,-0.022019194038723364
tumor_2,count_distance_bins,fixed_weight_messages,tumor_1,8,6859,0.1519426151638586,0.15744614990239852,0.005503534738539933,3.6221140017925757,0.034406290793429224,-0.022030271183571218
tumor_2,count_distance_bins,fixed_weight_messages,tumor_1,9,6859,0.1519426151638586,0.15752552020426214,0.005582905040403534,3.6743510267891466,0.034483501807309254,-0.022074137378742732
tumor_2,count_distance_bins,fixed_weight_messages,tumor_2,0,6859,0.1519426151638586,0.15344456441452478,0.001501949250666181,0.988497696348345,0.022344554636187917,-0.01107080448920695
tumor_2,count_distance_bins,fixed_weight_messages,tumor_2,1,6859,0.1519426151638586,0.15345945217376095,0.001516837009902342,0.9982959739547326,0.02237551356601498,-0.011040030284272516
tumor_2,count_distance_bins,fixed_weight_messages,tumor_2,2,6859,0.1519426151638586,0.15344647063441405,0.0015038554705554498,0.9897522620192278,0.022339136063380543,-0.011093210281259688
tumor_2,count_distance_bins,fixed_weight_messages,tumor_2,3,6859,0.1519426151638586,0.15346782688620858,0.0015252117223499683,1.0038077340614127,0.02240301488982019,-0.01099658920021912
tumor_2,count_distance_bins,fixed_weight_messages,tumor_2,4,6859,0.1519426151638586,0.15344822449663645,0.001505609332777842,0.9909065545266271,0.022371928567554,-0.01105968754781222
tumor_2,count_distance_bins,fixed_weight_messages,tumor_2,5,6859,0.1519426151638586,0.15347456175259486,0.0015319465887362461,1.0082402406225155,0.022365090556097544,-0.011021301397752242
tumor_2,count_distance_bins,fixed_weight_messages,tumor_2,6,6859,0.1519426151638586,0.15347784219625815,0.0015352270323995656,1.0103992423349695,0.02234367917522448,-0.011061098791929303
tumor_2,count_distance_bins,fixed_weight_messages,tumor_2,7,6859,0.1519426151638586,0.15347005494168686,0.0015274397778282487,1.0052741136389098,0.022383409438891774,-0.01104423253207459
tumor_2,count_distance_bins,fixed_weight_messages,tumor_2,8,6859,0.1519426151638586,0.153452029075629,0.0015094139117703823,0.9934105123454717,0.02234550325220359,-0.011077675180362203
tumor_2,count_distance_bins,fixed_weight_messages,tumor_2,9,6859,0.1519426151638586,0.15346329387407587,0.001520678710217256,1.0008243629197278,0.022345864335939665,-0.011066386566574785
tumor_2,count_distance_bins,fixed_weight_messages,random,0,6859,0.1519426151638586,0.1548573319852227,0.002914716821364102,1.9183010758507812,0.02655452435264529,-0.015523707723774632
tumor_2,count_distance_bins,fixed_weight_messages,random,1,6859,0.1519426151638586,0.15476778591633394,0.0028251707524753417,1.859366938912177,0.026337735614038987,-0.015416013898371309
tumor_2,count_distance_bins,fixed_weight_messages,random,2,6859,0.1519426151638586,0.15460796730454482,0.0026653521406862254,1.7541834052361427,0.026342420625259294,-0.015282360883447144
tumor_2,count_distance_bins,fixed_weight_messages,random,3,6859,0.1519426151638586,0.1548949611564112,0.002952345992552585,1.9430664592476,0.026509869372981387,-0.015629612159615388
tumor_2,count_distance_bins,fixed_weight_messages,random,4,6859,0.1519426151638586,0.15478201169967265,0.002839396535814051,1.868729541578551,0.026434900577058662,-0.015654624885321346
tumor_2,count_distance_bins,fixed_weight_messages,random,5,6859,0.1519426151638586,0.154659409787189,0.00271679462333042,1.7880399257315327,0.026453081719119184,-0.01556059332788432
tumor_2,count_distance_bins,fixed_weight_messages,random,6,6859,0.1519426151638586,0.1547747982185675,0.0028321830547088983,1.8639820379915184,0.0261823532922802,-0.015684420339400915
tumor_2,count_distance_bins,fixed_weight_messages,random,7,6859,0.1519426151638586,0.15453986025270727,0.002597245088848669,1.7093592117311873,0.026550883427812016,-0.01581516997444601
tumor_2,count_distance_bins,fixed_weight_messages,random,8,6859,0.1519426151638586,0.15476152507415952,0.0028189099103009094,1.855246408165967,0.026445496050882724,-0.015655555934060338
tumor_2,count_distance_bins,fixed_weight_messages,random,9,6859,0.1519426151638586,0.15489840333164345,0.0029557881677848585,1.9453319034934857,0.026544206231084756,-0.01561184631971134
