receiver,selection,operator,metric,contrast,mean,std,min,max
tumor_1,count_distance_bins,edge_exclusion,mean_absolute_prediction_change,tumor1_minus_random,-0.0023701780027424344,5.7458433577774064e-05,-0.0024568360778721866,-0.0022674908254290225
tumor_1,count_distance_bins,edge_exclusion,mean_absolute_prediction_change,tumor2_minus_random,0.009805037517690615,5.746883976678359e-05,0.009732510466603433,0.009908116361718929
tumor_1,count_distance_bins,edge_exclusion,mean_absolute_prediction_change,tumor2_minus_tumor1,0.01217521552043305,1.2447468035121935e-05,0.012158936938559758,0.012201287043341157
tumor_1,count_distance_bins,edge_exclusion,relative_MSE_increase_percent,tumor1_minus_random,-0.24954242212491984,0.03816766517559527,-0.2905434828988529,-0.15956136379962071
tumor_1,count_distance_bins,edge_exclusion,relative_MSE_increase_percent,tumor2_minus_random,1.3210822182135096,0.047354153255558994,1.2531322255966648,1.4151463674376474
tumor_1,count_distance_bins,edge_exclusion,relative_MSE_increase_percent,tumor2_minus_tumor1,1.5706246403384294,0.01952455313482633,1.5436757084955177,1.599252005880647
tumor_1,count_distance_bins,fixed_weight_messages,mean_absolute_prediction_change,tumor1_minus_random,-0.005385980753546635,5.4534740539105863e-05,-0.0054492611706553305,-0.005301937935963121
tumor_1,count_distance_bins,fixed_weight_messages,mean_absolute_prediction_change,tumor2_minus_random,0.012176523034403546,6.290944465477467e-05,0.012100653940044021,0.012273247859810366
tumor_1,count_distance_bins,fixed_weight_messages,mean_absolute_prediction_change,tumor2_minus_tumor1,0.01756250378795018,1.4509413646735172e-05,0.01753370632110838,0.017579128416536575
tumor_1,count_distance_bins,fixed_weight_messages,relative_MSE_increase_percent,tumor1_minus_random,-0.7112059369022283,0.02859339785874161,-0.7436839835611053,-0.6521187939608764
tumor_1,count_distance_bins,fixed_weight_messages,relative_MSE_increase_percent,tumor2_minus_random,2.0115460803089036,0.03342226394943974,1.959406569635358,2.0767352928044325
tumor_1,count_distance_bins,fixed_weight_messages,relative_MSE_increase_percent,tumor2_minus_tumor1,2.722752017211132,0.008815519211285941,2.7030768673165673,2.734640005361544
tumor_1,count_only_same_m,edge_exclusion,mean_absolute_prediction_change,tumor1_minus_random,0.0012971277441537685,0.00038306791097814585,0.0007561915697511627,0.0019757337511570744
tumor_1,count_only_same_m,edge_exclusion,mean_absolute_prediction_change,tumor2_minus_random,0.0066537265917371285,0.0003804435540384242,0.00584048102481095,0.007167595935369621
tumor_1,count_only_same_m,edge_exclusion,mean_absolute_prediction_change,tumor2_minus_tumor1,0.00535659884758336,0.00031381033572654165,0.004694050787461074,0.005668492859439003
tumor_1,count_only_same_m,edge_exclusion,relative_MSE_increase_percent,tumor1_minus_random,0.22336456864915366,0.15179492618345486,0.024518503714121564,0.5338214317494261
tumor_1,count_only_same_m,edge_exclusion,relative_MSE_increase_percent,tumor2_minus_random,0.602668392800394,0.18066448386298983,0.3204187742962272,0.8282135732891494
tumor_1,count_only_same_m,edge_exclusion,relative_MSE_increase_percent,tumor2_minus_tumor1,0.3793038241512403,0.16147995362639453,0.10976280149417317,0.5892865830231075
tumor_1,count_only_same_m,fixed_weight_messages,mean_absolute_prediction_change,tumor1_minus_random,-0.0004880479129345711,0.0003576176343393294,-0.001001493340316826,-3.7346407475088994e-06
tumor_1,count_only_same_m,fixed_weight_messages,mean_absolute_prediction_change,tumor2_minus_random,0.010952504711342664,0.00030217375684063127,0.010478775347062784,0.01128678566317096
tumor_1,count_only_same_m,fixed_weight_messages,mean_absolute_prediction_change,tumor2_minus_tumor1,0.011440552624277237,0.00017419413455743596,0.011105968997032478,0.011778420982766012
tumor_1,count_only_same_m,fixed_weight_messages,relative_MSE_increase_percent,tumor1_minus_random,-0.2522336241122347,0.13187247571181704,-0.42098227671949484,-0.08826330321511922
tumor_1,count_only_same_m,fixed_weight_messages,relative_MSE_increase_percent,tumor2_minus_random,1.9064779803224918,0.10321625534699962,1.7661029704076014,2.0461955426353873
tumor_1,count_only_same_m,fixed_weight_messages,relative_MSE_increase_percent,tumor2_minus_tumor1,2.1587116044347265,0.1330658975971956,1.9554543380122746,2.363863072833805
tumor_2,count_distance_bins,edge_exclusion,mean_absolute_prediction_change,tumor1_minus_random,0.006283692157773457,0.0001610960290456433,0.006026403729789562,0.006619453444607442
tumor_2,count_distance_bins,edge_exclusion,mean_absolute_prediction_change,tumor2_minus_random,0.0003524976519545042,0.0001328556186452996,0.00019843510341622725,0.0006797430463349602
tumor_2,count_distance_bins,edge_exclusion,mean_absolute_prediction_change,tumor2_minus_tumor1,-0.005931194505818954,6.589325288773906e-05,-0.0060115277575385,-0.0058279686263733345
tumor_2,count_distance_bins,edge_exclusion,relative_MSE_increase_percent,tumor1_minus_random,1.5872075124801865,0.05009647485355759,1.5202811108002923,1.6823063876027167
tumor_2,count_distance_bins,edge_exclusion,relative_MSE_increase_percent,tumor2_minus_random,-0.3056819372167152,0.06812215376201375,-0.3891933841302375,-0.15744835355426812
tumor_2,count_distance_bins,edge_exclusion,relative_MSE_increase_percent,tumor2_minus_tumor1,-1.8928894496969018,0.036070882938827736,-1.9612982367002596,-1.8397547411569848
tumor_2,count_distance_bins,fixed_weight_messages,mean_absolute_prediction_change,tumor1_minus_random,0.007967599678304365,0.00010550934304427832,0.00780098329434227,0.008174229659936368
tumor_2,count_distance_bins,fixed_weight_messages,mean_absolute_prediction_change,tumor2_minus_random,-0.0040737776781847816,0.000114324698313715,-0.0042099697164573735,-0.0038386741170557195
tumor_2,count_distance_bins,fixed_weight_messages,mean_absolute_prediction_change,tumor2_minus_tumor1,-0.012041377356489146,4.671897391755385e-05,-0.012137637471369589,-0.011986787754325368
tumor_2,count_distance_bins,fixed_weight_messages,relative_MSE_increase_percent,tumor1_minus_random,1.813619499642791,0.0678343996314749,1.7290191232956609,1.9423188422007298
tumor_2,count_distance_bins,fixed_weight_messages,relative_MSE_increase_percent,tumor2_minus_random,-0.8516198215167003,0.08016096181959441,-0.944507540573758,-0.7040850980922775
tumor_2,count_distance_bins,fixed_weight_messages,relative_MSE_increase_percent,tumor2_minus_tumor1,-2.6652393211594916,0.025227366287601458,-2.710740236696507,-2.628703489447104
tumor_2,count_only_same_m,edge_exclusion,mean_absolute_prediction_change,tumor1_minus_random,-0.0013680984077652461,0.0007334369175336959,-0.0022689413022328186,-0.00043001487958560514
tumor_2,count_only_same_m,edge_exclusion,mean_absolute_prediction_change,tumor2_minus_random,0.014308638186597148,0.0009512068326641996,0.012662489829307885,0.016073431003739896
tumor_2,count_only_same_m,edge_exclusion,mean_absolute_prediction_change,tumor2_minus_tumor1,0.015676736594362396,0.0005838730771499027,0.014852740679250707,0.016555186985838
tumor_2,count_only_same_m,edge_exclusion,relative_MSE_increase_percent,tumor1_minus_random,-0.11642353920284343,0.47900467927088863,-0.8924576771531356,0.7395980537011182
tumor_2,count_only_same_m,edge_exclusion,relative_MSE_increase_percent,tumor2_minus_random,2.974851319256717,0.6963450661866097,1.7023831556495894,3.8025743005183807
tumor_2,count_only_same_m,edge_exclusion,relative_MSE_increase_percent,tumor2_minus_tumor1,3.091274858459561,0.5493999176298126,2.266625052311877,4.0967141247177254
tumor_2,count_only_same_m,fixed_weight_messages,mean_absolute_prediction_change,tumor1_minus_random,0.002773733662722732,0.0004274178317806601,0.0020841497629757177,0.003255357040251171
tumor_2,count_only_same_m,fixed_weight_messages,mean_absolute_prediction_change,tumor2_minus_random,0.005911227809612167,0.0005642768466550666,0.004615313705035075,0.006676757942678795
tumor_2,count_only_same_m,fixed_weight_messages,mean_absolute_prediction_change,tumor2_minus_tumor1,0.003137494146889435,0.0004258903470304185,0.002287780986645095,0.0037666879037274725
tumor_2,count_only_same_m,fixed_weight_messages,relative_MSE_increase_percent,tumor1_minus_random,1.0798177514522567,0.17082160243565325,0.7676099632538458,1.3403682983941456
tumor_2,count_only_same_m,fixed_weight_messages,relative_MSE_increase_percent,tumor2_minus_random,0.3171584853658227,0.2774156861626349,-0.10225009831157372,0.6339405915026131
tumor_2,count_only_same_m,fixed_weight_messages,relative_MSE_increase_percent,tumor2_minus_tumor1,-0.762659266086434,0.26438238223794597,-1.1663416150085704,-0.36189331345264364
