receiver,selection,operator,repeat,difference,metric,contrast
tumor_1,count_distance_bins,edge_exclusion,0,1.5647926154712,relative_MSE_increase_percent,tumor2_minus_tumor1
tumor_1,count_distance_bins,edge_exclusion,1,1.5747077312372681,relative_MSE_increase_percent,tumor2_minus_tumor1
tumor_1,count_distance_bins,edge_exclusion,2,1.555507119438282,relative_MSE_increase_percent,tumor2_minus_tumor1
tumor_1,count_distance_bins,edge_exclusion,3,1.5757699742278586,relative_MSE_increase_percent,tumor2_minus_tumor1
tumor_1,count_distance_bins,edge_exclusion,4,1.5810733634360474,relative_MSE_increase_percent,tumor2_minus_tumor1
tumor_1,count_distance_bins,edge_exclusion,5,1.5436954945364123,relative_MSE_increase_percent,tumor2_minus_tumor1
tumor_1,count_distance_bins,edge_exclusion,6,1.5436757084955177,relative_MSE_increase_percent,tumor2_minus_tumor1
tumor_1,count_distance_bins,edge_exclusion,7,1.5698627835360357,relative_MSE_increase_percent,tumor2_minus_tumor1
tumor_1,count_distance_bins,edge_exclusion,8,1.599252005880647,relative_MSE_increase_percent,tumor2_minus_tumor1
tumor_1,count_distance_bins,edge_exclusion,9,1.5979096071250254,relative_MSE_increase_percent,tumor2_minus_tumor1
tumor_1,count_distance_bins,fixed_weight_messages,0,2.717184260717209,relative_MSE_increase_percent,tumor2_minus_tumor1
tumor_1,count_distance_bins,fixed_weight_messages,1,2.728854086765309,relative_MSE_increase_percent,tumor2_minus_tumor1
tumor_1,count_distance_bins,fixed_weight_messages,2,2.718579408515631,relative_MSE_increase_percent,tumor2_minus_tumor1
tumor_1,count_distance_bins,fixed_weight_messages,3,2.7212635756441284,relative_MSE_increase_percent,tumor2_minus_tumor1
tumor_1,count_distance_bins,fixed_weight_messages,4,2.729493266012595,relative_MSE_increase_percent,tumor2_minus_tumor1
tumor_1,count_distance_bins,fixed_weight_messages,5,2.722091897677692,relative_MSE_increase_percent,tumor2_minus_tumor1
tumor_1,count_distance_bins,fixed_weight_messages,6,2.7030768673165673,relative_MSE_increase_percent,tumor2_minus_tumor1
tumor_1,count_distance_bins,fixed_weight_messages,7,2.728804665908391,relative_MSE_increase_percent,tumor2_minus_tumor1
tumor_1,count_distance_bins,fixed_weight_messages,8,2.734640005361544,relative_MSE_increase_percent,tumor2_minus_tumor1
tumor_1,count_distance_bins,fixed_weight_messages,9,2.723532138192253,relative_MSE_increase_percent,tumor2_minus_tumor1
tumor_1,count_only_same_m,edge_exclusion,0,0.4443760007125208,relative_MSE_increase_percent,tumor2_minus_tumor1
tumor_1,count_only_same_m,edge_exclusion,1,0.29439214153972326,relative_MSE_increase_percent,tumor2_minus_tumor1
tumor_1,count_only_same_m,edge_exclusion,2,0.31017438136689,relative_MSE_increase_percent,tumor2_minus_tumor1
tumor_1,count_only_same_m,edge_exclusion,3,0.5892865830231075,relative_MSE_increase_percent,tumor2_minus_tumor1
tumor_1,count_only_same_m,edge_exclusion,4,0.3988593432815657,relative_MSE_increase_percent,tumor2_minus_tumor1
tumor_1,count_only_same_m,edge_exclusion,5,0.5373629176913974,relative_MSE_increase_percent,tumor2_minus_tumor1
tumor_1,count_only_same_m,edge_exclusion,6,0.574450946276972,relative_MSE_increase_percent,tumor2_minus_tumor1
tumor_1,count_only_same_m,edge_exclusion,7,0.34819748795336114,relative_MSE_increase_percent,tumor2_minus_tumor1
tumor_1,count_only_same_m,edge_exclusion,8,0.186175638172692,relative_MSE_increase_percent,tumor2_minus_tumor1
tumor_1,count_only_same_m,edge_exclusion,9,0.10976280149417317,relative_MSE_increase_percent,tumor2_minus_tumor1
tumor_1,count_only_same_m,fixed_weight_messages,0,2.246261518053694,relative_MSE_increase_percent,tumor2_minus_tumor1
tumor_1,count_only_same_m,fixed_weight_messages,1,2.1344588458505065,relative_MSE_increase_percent,tumor2_minus_tumor1
tumor_1,count_only_same_m,fixed_weight_messages,2,1.9554543380122746,relative_MSE_increase_percent,tumor2_minus_tumor1
tumor_1,count_only_same_m,fixed_weight_messages,3,2.363863072833805,relative_MSE_increase_percent,tumor2_minus_tumor1
tumor_1,count_only_same_m,fixed_weight_messages,4,2.199942790212628,relative_MSE_increase_percent,tumor2_minus_tumor1
tumor_1,count_only_same_m,fixed_weight_messages,5,2.1513471121112016,relative_MSE_increase_percent,tumor2_minus_tumor1
tumor_1,count_only_same_m,fixed_weight_messages,6,2.321289596687337,relative_MSE_increase_percent,tumor2_minus_tumor1
tumor_1,count_only_same_m,fixed_weight_messages,7,2.128848351010859,relative_MSE_increase_percent,tumor2_minus_tumor1
tumor_1,count_only_same_m,fixed_weight_messages,8,1.966117986886995,relative_MSE_increase_percent,tumor2_minus_tumor1
tumor_1,count_only_same_m,fixed_weight_messages,9,2.119532432687965,relative_MSE_increase_percent,tumor2_minus_tumor1
tumor_2,count_distance_bins,edge_exclusion,0,-1.9094744949305298,relative_MSE_increase_percent,tumor2_minus_tumor1
tumor_2,count_distance_bins,edge_exclusion,1,-1.9052048924748544,relative_MSE_increase_percent,tumor2_minus_tumor1
tumor_2,count_distance_bins,edge_exclusion,2,-1.867436509922804,relative_MSE_increase_percent,tumor2_minus_tumor1
tumor_2,count_distance_bins,edge_exclusion,3,-1.9007340122110028,relative_MSE_increase_percent,tumor2_minus_tumor1
tumor_2,count_distance_bins,edge_exclusion,4,-1.9612982367002596,relative_MSE_increase_percent,tumor2_minus_tumor1
tumor_2,count_distance_bins,edge_exclusion,5,-1.850714038262713,relative_MSE_increase_percent,tumor2_minus_tumor1
tumor_2,count_distance_bins,edge_exclusion,6,-1.8721427119338774,relative_MSE_increase_percent,tumor2_minus_tumor1
tumor_2,count_distance_bins,edge_exclusion,7,-1.8397547411569848,relative_MSE_increase_percent,tumor2_minus_tumor1
tumor_2,count_distance_bins,edge_exclusion,8,-1.901049335008298,relative_MSE_increase_percent,tumor2_minus_tumor1
tumor_2,count_distance_bins,edge_exclusion,9,-1.9210855243676939,relative_MSE_increase_percent,tumor2_minus_tumor1
tumor_2,count_distance_bins,fixed_weight_messages,0,-2.6839498535241813,relative_MSE_increase_percent,tumor2_minus_tumor1
tumor_2,count_distance_bins,fixed_weight_messages,1,-2.6698426914966156,relative_MSE_increase_percent,tumor2_minus_tumor1
tumor_2,count_distance_bins,fixed_weight_messages,2,-2.647713761013226,relative_MSE_increase_percent,tumor2_minus_tumor1
tumor_2,count_distance_bins,fixed_weight_messages,3,-2.683044747079344,relative_MSE_increase_percent,tumor2_minus_tumor1
tumor_2,count_distance_bins,fixed_weight_messages,4,-2.710740236696507,relative_MSE_increase_percent,tumor2_minus_tumor1
tumor_2,count_distance_bins,fixed_weight_messages,5,-2.6360482508747785,relative_MSE_increase_percent,tumor2_minus_tumor1
tumor_2,count_distance_bins,fixed_weight_messages,6,-2.672419577300733,relative_MSE_increase_percent,tumor2_minus_tumor1
tumor_2,count_distance_bins,fixed_weight_messages,7,-2.6464039402930073,relative_MSE_increase_percent,tumor2_minus_tumor1
tumor_2,count_distance_bins,fixed_weight_messages,8,-2.628703489447104,relative_MSE_increase_percent,tumor2_minus_tumor1
tumor_2,count_distance_bins,fixed_weight_messages,9,-2.673526663869419,relative_MSE_increase_percent,tumor2_minus_tumor1
tumor_2,count_only_same_m,edge_exclusion,0,3.3608964889517043,relative_MSE_increase_percent,tumor2_minus_tumor1
tumor_2,count_only_same_m,edge_exclusion,1,2.9449999351976786,relative_MSE_increase_percent,tumor2_minus_tumor1
tumor_2,count_only_same_m,edge_exclusion,2,2.609674312546395,relative_MSE_increase_percent,tumor2_minus_tumor1
tumor_2,count_only_same_m,edge_exclusion,3,2.9216180812041923,relative_MSE_increase_percent,tumor2_minus_tumor1
tumor_2,count_only_same_m,edge_exclusion,4,2.266625052311877,relative_MSE_increase_percent,tumor2_minus_tumor1
tumor_2,count_only_same_m,edge_exclusion,5,2.8665122643048333,relative_MSE_increase_percent,tumor2_minus_tumor1
tumor_2,count_only_same_m,edge_exclusion,6,3.5945210551889826,relative_MSE_increase_percent,tumor2_minus_tumor1
tumor_2,count_only_same_m,edge_exclusion,7,2.698591407514339,relative_MSE_increase_percent,tumor2_minus_tumor1
tumor_2,count_only_same_m,edge_exclusion,8,4.0967141247177254,relative_MSE_increase_percent,tumor2_minus_tumor1
tumor_2,count_only_same_m,edge_exclusion,9,3.552595862657882,relative_MSE_increase_percent,tumor2_minus_tumor1
tumor_2,count_only_same_m,fixed_weight_messages,0,-0.589675336955997,relative_MSE_increase_percent,tumor2_minus_tumor1
tumor_2,count_only_same_m,fixed_weight_messages,1,-0.8643312196871644,relative_MSE_increase_percent,tumor2_minus_tumor1
tumor_2,count_only_same_m,fixed_weight_messages,2,-1.1028372399929376,relative_MSE_increase_percent,tumor2_minus_tumor1
tumor_2,count_only_same_m,fixed_weight_messages,3,-0.6483911578261781,relative_MSE_increase_percent,tumor2_minus_tumor1
tumor_2,count_only_same_m,fixed_weight_messages,4,-1.1663416150085704,relative_MSE_increase_percent,tumor2_minus_tumor1
tumor_2,count_only_same_m,fixed_weight_messages,5,-0.5529748191466677,relative_MSE_increase_percent,tumor2_minus_tumor1
tumor_2,count_only_same_m,fixed_weight_messages,6,-0.5581027001648087,relative_MSE_increase_percent,tumor2_minus_tumor1
tumor_2,count_only_same_m,fixed_weight_messages,7,-0.7969336651716619,relative_MSE_increase_percent,tumor2_minus_tumor1
tumor_2,count_only_same_m,fixed_weight_messages,8,-0.36189331345264364,relative_MSE_increase_percent,tumor2_minus_tumor1
tumor_2,count_only_same_m,fixed_weight_messages,9,-0.9851115934577104,relative_MSE_increase_percent,tumor2_minus_tumor1
tumor_1,count_distance_bins,edge_exclusion,0,-0.2187902161508548,relative_MSE_increase_percent,tumor1_minus_random
tumor_1,count_distance_bins,edge_exclusion,1,-0.15956136379962071,relative_MSE_increase_percent,tumor1_minus_random
tumor_1,count_distance_bins,edge_exclusion,2,-0.2793628373921164,relative_MSE_increase_percent,tumor1_minus_random
tumor_1,count_distance_bins,edge_exclusion,3,-0.2540150944461139,relative_MSE_increase_percent,tumor1_minus_random
tumor_1,count_distance_bins,edge_exclusion,4,-0.2685152446179284,relative_MSE_increase_percent,tumor1_minus_random
tumor_1,count_distance_bins,edge_exclusion,5,-0.27304909613996564,relative_MSE_increase_percent,tumor1_minus_random
tumor_1,count_distance_bins,edge_exclusion,6,-0.2905434828988529,relative_MSE_increase_percent,tumor1_minus_random
tumor_1,count_distance_bins,edge_exclusion,7,-0.24007753765331596,relative_MSE_increase_percent,tumor1_minus_random
tumor_1,count_distance_bins,edge_exclusion,8,-0.24163026076426952,relative_MSE_increase_percent,tumor1_minus_random
tumor_1,count_distance_bins,edge_exclusion,9,-0.26987908738616007,relative_MSE_increase_percent,tumor1_minus_random
tumor_1,count_distance_bins,fixed_weight_messages,0,-0.7005529535300647,relative_MSE_increase_percent,tumor1_minus_random
tumor_1,count_distance_bins,fixed_weight_messages,1,-0.6521187939608764,relative_MSE_increase_percent,tumor1_minus_random
tumor_1,count_distance_bins,fixed_weight_messages,2,-0.7257222519508222,relative_MSE_increase_percent,tumor1_minus_random
tumor_1,count_distance_bins,fixed_weight_messages,3,-0.718983505591253,relative_MSE_increase_percent,tumor1_minus_random
tumor_1,count_distance_bins,fixed_weight_messages,4,-0.7373855422976083,relative_MSE_increase_percent,tumor1_minus_random
tumor_1,count_distance_bins,fixed_weight_messages,5,-0.6912242514892641,relative_MSE_increase_percent,tumor1_minus_random
tumor_1,count_distance_bins,fixed_weight_messages,6,-0.7436702976812093,relative_MSE_increase_percent,tumor1_minus_random
tumor_1,count_distance_bins,fixed_weight_messages,7,-0.6973404095900859,relative_MSE_increase_percent,tumor1_minus_random
tumor_1,count_distance_bins,fixed_weight_messages,8,-0.701377379369994,relative_MSE_increase_percent,tumor1_minus_random
tumor_1,count_distance_bins,fixed_weight_messages,9,-0.7436839835611053,relative_MSE_increase_percent,tumor1_minus_random
tumor_1,count_only_same_m,edge_exclusion,0,0.29309834228539167,relative_MSE_increase_percent,tumor1_minus_random
tumor_1,count_only_same_m,edge_exclusion,1,0.5338214317494261,relative_MSE_increase_percent,tumor1_minus_random
tumor_1,count_only_same_m,edge_exclusion,2,0.07653383424652827,relative_MSE_increase_percent,tumor1_minus_random
tumor_1,count_only_same_m,edge_exclusion,3,0.07616888300938651,relative_MSE_increase_percent,tumor1_minus_random
tumor_1,count_only_same_m,edge_exclusion,4,0.2272939488258352,relative_MSE_increase_percent,tumor1_minus_random
tumor_1,count_only_same_m,edge_exclusion,5,0.26585234611542496,relative_MSE_increase_percent,tumor1_minus_random
tumor_1,count_only_same_m,edge_exclusion,6,0.024518503714121564,relative_MSE_increase_percent,tumor1_minus_random
tumor_1,count_only_same_m,edge_exclusion,7,0.3286958003722251,relative_MSE_increase_percent,tumor1_minus_random
tumor_1,count_only_same_m,edge_exclusion,8,0.13424313612353522,relative_MSE_increase_percent,tumor1_minus_random
tumor_1,count_only_same_m,edge_exclusion,9,0.273419460049662,relative_MSE_increase_percent,tumor1_minus_random
tumor_1,count_only_same_m,fixed_weight_messages,0,-0.31911658220369343,relative_MSE_increase_percent,tumor1_minus_random
tumor_1,count_only_same_m,fixed_weight_messages,1,-0.08826330321511922,relative_MSE_increase_percent,tumor1_minus_random
tumor_1,count_only_same_m,fixed_weight_messages,2,-0.1893513676046732,relative_MSE_increase_percent,tumor1_minus_random
tumor_1,count_only_same_m,fixed_weight_messages,3,-0.3776405753342926,relative_MSE_increase_percent,tumor1_minus_random
tumor_1,count_only_same_m,fixed_weight_messages,4,-0.42098227671949484,relative_MSE_increase_percent,tumor1_minus_random
tumor_1,count_only_same_m,fixed_weight_messages,5,-0.14892430271309376,relative_MSE_increase_percent,tumor1_minus_random
tumor_1,count_only_same_m,fixed_weight_messages,6,-0.3945312590428296,relative_MSE_increase_percent,tumor1_minus_random
tumor_1,count_only_same_m,fixed_weight_messages,7,-0.14832875918864286,relative_MSE_increase_percent,tumor1_minus_random
tumor_1,count_only_same_m,fixed_weight_messages,8,-0.08938115888064146,relative_MSE_increase_percent,tumor1_minus_random
tumor_1,count_only_same_m,fixed_weight_messages,9,-0.3458166562198661,relative_MSE_increase_percent,tumor1_minus_random
tumor_2,count_distance_bins,edge_exclusion,0,1.5202811108002923,relative_MSE_increase_percent,tumor1_minus_random
tumor_2,count_distance_bins,edge_exclusion,1,1.5268626812654729,relative_MSE_increase_percent,tumor1_minus_random
tumor_2,count_distance_bins,edge_exclusion,2,1.5870577007812914,relative_MSE_increase_percent,tumor1_minus_random
tumor_2,count_distance_bins,edge_exclusion,3,1.5642910917454067,relative_MSE_increase_percent,tumor1_minus_random
tumor_2,count_distance_bins,edge_exclusion,4,1.6381641800463198,relative_MSE_increase_percent,tumor1_minus_random
tumor_2,count_distance_bins,edge_exclusion,5,1.6093750337916157,relative_MSE_increase_percent,tumor1_minus_random
tumor_2,count_distance_bins,edge_exclusion,6,1.551408529714715,relative_MSE_increase_percent,tumor1_minus_random
tumor_2,count_distance_bins,edge_exclusion,7,1.6823063876027167,relative_MSE_increase_percent,tumor1_minus_random
tumor_2,count_distance_bins,edge_exclusion,8,1.6097158760806307,relative_MSE_increase_percent,tumor1_minus_random
tumor_2,count_distance_bins,edge_exclusion,9,1.5826125329734042,relative_MSE_increase_percent,tumor1_minus_random
tumor_2,count_distance_bins,fixed_weight_messages,0,1.754146474021745,relative_MSE_increase_percent,tumor1_minus_random
tumor_2,count_distance_bins,fixed_weight_messages,1,1.8087717265391712,relative_MSE_increase_percent,tumor1_minus_random
tumor_2,count_distance_bins,fixed_weight_messages,2,1.8832826177963113,relative_MSE_increase_percent,tumor1_minus_random
tumor_2,count_distance_bins,fixed_weight_messages,3,1.7437860218931567,relative_MSE_increase_percent,tumor1_minus_random
tumor_2,count_distance_bins,fixed_weight_messages,4,1.8329172496445834,relative_MSE_increase_percent,tumor1_minus_random
tumor_2,count_distance_bins,fixed_weight_messages,5,1.8562485657657612,relative_MSE_increase_percent,tumor1_minus_random
tumor_2,count_distance_bins,fixed_weight_messages,6,1.8188367816441842,relative_MSE_increase_percent,tumor1_minus_random
tumor_2,count_distance_bins,fixed_weight_messages,7,1.9423188422007298,relative_MSE_increase_percent,tumor1_minus_random
tumor_2,count_distance_bins,fixed_weight_messages,8,1.7668675936266087,relative_MSE_increase_percent,tumor1_minus_random
tumor_2,count_distance_bins,fixed_weight_messages,9,1.7290191232956609,relative_MSE_increase_percent,tumor1_minus_random
tumor_2,count_only_same_m,edge_exclusion,0,0.19677287036967694,relative_MSE_increase_percent,tumor1_minus_random
tumor_2,count_only_same_m,edge_exclusion,1,-0.23810308253204848,relative_MSE_increase_percent,tumor1_minus_random
tumor_2,count_only_same_m,edge_exclusion,2,-0.5962797504919903,relative_MSE_increase_percent,tumor1_minus_random
tumor_2,count_only_same_m,edge_exclusion,3,0.11896105302358073,relative_MSE_increase_percent,tumor1_minus_random
tumor_2,count_only_same_m,edge_exclusion,4,-0.5642418966622875,relative_MSE_increase_percent,tumor1_minus_random
tumor_2,count_only_same_m,edge_exclusion,5,-0.17068355056442108,relative_MSE_increase_percent,tumor1_minus_random
tumor_2,count_only_same_m,edge_exclusion,6,0.20805324532939817,relative_MSE_increase_percent,tumor1_minus_random
tumor_2,count_only_same_m,edge_exclusion,7,0.7395980537011182,relative_MSE_increase_percent,tumor1_minus_random
tumor_2,count_only_same_m,edge_exclusion,8,-0.8924576771531356,relative_MSE_increase_percent,tumor1_minus_random
tumor_2,count_only_same_m,edge_exclusion,9,0.034145342951674706,relative_MSE_increase_percent,tumor1_minus_random
tumor_2,count_only_same_m,fixed_weight_messages,0,1.1507918413721674,relative_MSE_increase_percent,tumor1_minus_random
tumor_2,count_only_same_m,fixed_weight_messages,1,1.0664848860515441,relative_MSE_increase_percent,tumor1_minus_random
tumor_2,count_only_same_m,fixed_weight_messages,2,1.0005871416813639,relative_MSE_increase_percent,tumor1_minus_random
tumor_2,count_only_same_m,fixed_weight_messages,3,1.2823317493287911,relative_MSE_increase_percent,tumor1_minus_random
tumor_2,count_only_same_m,fixed_weight_messages,4,1.0856136740303501,relative_MSE_increase_percent,tumor1_minus_random
tumor_2,count_only_same_m,fixed_weight_messages,5,0.8799531792719417,relative_MSE_increase_percent,tumor1_minus_random
tumor_2,count_only_same_m,fixed_weight_messages,6,1.1487994638354149,relative_MSE_increase_percent,tumor1_minus_random
tumor_2,count_only_same_m,fixed_weight_messages,7,1.3403682983941456,relative_MSE_increase_percent,tumor1_minus_random
tumor_2,count_only_same_m,fixed_weight_messages,8,0.7676099632538458,relative_MSE_increase_percent,tumor1_minus_random
tumor_2,count_only_same_m,fixed_weight_messages,9,1.075637317303002,relative_MSE_increase_percent,tumor1_minus_random
tumor_1,count_distance_bins,edge_exclusion,0,1.3460023993203452,relative_MSE_increase_percent,tumor2_minus_random
tumor_1,count_distance_bins,edge_exclusion,1,1.4151463674376474,relative_MSE_increase_percent,tumor2_minus_random
tumor_1,count_distance_bins,edge_exclusion,2,1.2761442820461655,relative_MSE_increase_percent,tumor2_minus_random
tumor_1,count_distance_bins,edge_exclusion,3,1.3217548797817447,relative_MSE_increase_percent,tumor2_minus_random
tumor_1,count_distance_bins,edge_exclusion,4,1.312558118818119,relative_MSE_increase_percent,tumor2_minus_random
tumor_1,count_distance_bins,edge_exclusion,5,1.2706463983964467,relative_MSE_increase_percent,tumor2_minus_random
tumor_1,count_distance_bins,edge_exclusion,6,1.2531322255966648,relative_MSE_increase_percent,tumor2_minus_random
tumor_1,count_distance_bins,edge_exclusion,7,1.3297852458827197,relative_MSE_increase_percent,tumor2_minus_random
tumor_1,count_distance_bins,edge_exclusion,8,1.3576217451163775,relative_MSE_increase_percent,tumor2_minus_random
tumor_1,count_distance_bins,edge_exclusion,9,1.3280305197388653,relative_MSE_increase_percent,tumor2_minus_random
tumor_1,count_distance_bins,fixed_weight_messages,0,2.0166313071871445,relative_MSE_increase_percent,tumor2_minus_random
tumor_1,count_distance_bins,fixed_weight_messages,1,2.0767352928044325,relative_MSE_increase_percent,tumor2_minus_random
tumor_1,count_distance_bins,fixed_weight_messages,2,1.992857156564809,relative_MSE_increase_percent,tumor2_minus_random
tumor_1,count_distance_bins,fixed_weight_messages,3,2.0022800700528753,relative_MSE_increase_percent,tumor2_minus_random
tumor_1,count_distance_bins,fixed_weight_messages,4,1.9921077237149865,relative_MSE_increase_percent,tumor2_minus_random
tumor_1,count_distance_bins,fixed_weight_messages,5,2.030867646188428,relative_MSE_increase_percent,tumor2_minus_random
tumor_1,count_distance_bins,fixed_weight_messages,6,1.959406569635358,relative_MSE_increase_percent,tumor2_minus_random
tumor_1,count_distance_bins,fixed_weight_messages,7,2.031464256318305,relative_MSE_increase_percent,tumor2_minus_random
tumor_1,count_distance_bins,fixed_weight_messages,8,2.03326262599155,relative_MSE_increase_percent,tumor2_minus_random
tumor_1,count_distance_bins,fixed_weight_messages,9,1.9798481546311475,relative_MSE_increase_percent,tumor2_minus_random
tumor_1,count_only_same_m,edge_exclusion,0,0.7374743429979125,relative_MSE_increase_percent,tumor2_minus_random
tumor_1,count_only_same_m,edge_exclusion,1,0.8282135732891494,relative_MSE_increase_percent,tumor2_minus_random
tumor_1,count_only_same_m,edge_exclusion,2,0.3867082156134183,relative_MSE_increase_percent,tumor2_minus_random
tumor_1,count_only_same_m,edge_exclusion,3,0.6654554660324941,relative_MSE_increase_percent,tumor2_minus_random
tumor_1,count_only_same_m,edge_exclusion,4,0.6261532921074009,relative_MSE_increase_percent,tumor2_minus_random
tumor_1,count_only_same_m,edge_exclusion,5,0.8032152638068224,relative_MSE_increase_percent,tumor2_minus_random
tumor_1,count_only_same_m,edge_exclusion,6,0.5989694499910936,relative_MSE_increase_percent,tumor2_minus_random
tumor_1,count_only_same_m,edge_exclusion,7,0.6768932883255863,relative_MSE_increase_percent,tumor2_minus_random
tumor_1,count_only_same_m,edge_exclusion,8,0.3204187742962272,relative_MSE_increase_percent,tumor2_minus_random
tumor_1,count_only_same_m,edge_exclusion,9,0.38318226154383517,relative_MSE_increase_percent,tumor2_minus_random
tumor_1,count_only_same_m,fixed_weight_messages,0,1.9271449358500004,relative_MSE_increase_percent,tumor2_minus_random
tumor_1,count_only_same_m,fixed_weight_messages,1,2.0461955426353873,relative_MSE_increase_percent,tumor2_minus_random
tumor_1,count_only_same_m,fixed_weight_messages,2,1.7661029704076014,relative_MSE_increase_percent,tumor2_minus_random
tumor_1,count_only_same_m,fixed_weight_messages,3,1.9862224974995124,relative_MSE_increase_percent,tumor2_minus_random
tumor_1,count_only_same_m,fixed_weight_messages,4,1.778960513493133,relative_MSE_increase_percent,tumor2_minus_random
tumor_1,count_only_same_m,fixed_weight_messages,5,2.002422809398108,relative_MSE_increase_percent,tumor2_minus_random
tumor_1,count_only_same_m,fixed_weight_messages,6,1.9267583376445074,relative_MSE_increase_percent,tumor2_minus_random
tumor_1,count_only_same_m,fixed_weight_messages,7,1.9805195918222163,relative_MSE_increase_percent,tumor2_minus_random
tumor_1,count_only_same_m,fixed_weight_messages,8,1.8767368280063534,relative_MSE_increase_percent,tumor2_minus_random
tumor_1,count_only_same_m,fixed_weight_messages,9,1.7737157764680989,relative_MSE_increase_percent,tumor2_minus_random
tumor_2,count_distance_bins,edge_exclusion,0,-0.3891933841302375,relative_MSE_increase_percent,tumor2_minus_random
tumor_2,count_distance_bins,edge_exclusion,1,-0.3783422112093815,relative_MSE_increase_percent,tumor2_minus_random
tumor_2,count_distance_bins,edge_exclusion,2,-0.2803788091415127,relative_MSE_increase_percent,tumor2_minus_random
tumor_2,count_distance_bins,edge_exclusion,3,-0.3364429204655961,relative_MSE_increase_percent,tumor2_minus_random
tumor_2,count_distance_bins,edge_exclusion,4,-0.3231340566539398,relative_MSE_increase_percent,tumor2_minus_random
tumor_2,count_distance_bins,edge_exclusion,5,-0.24133900447109724,relative_MSE_increase_percent,tumor2_minus_random
tumor_2,count_distance_bins,edge_exclusion,6,-0.3207341822191623,relative_MSE_increase_percent,tumor2_minus_random
tumor_2,count_distance_bins,edge_exclusion,7,-0.15744835355426812,relative_MSE_increase_percent,tumor2_minus_random
tumor_2,count_distance_bins,edge_exclusion,8,-0.29133345892766727,relative_MSE_increase_percent,tumor2_minus_random
tumor_2,count_distance_bins,edge_exclusion,9,-0.33847299139428966,relative_MSE_increase_percent,tumor2_minus_random
tumor_2,count_distance_bins,fixed_weight_messages,0,-0.9298033795024363,relative_MSE_increase_percent,tumor2_minus_random
tumor_2,count_distance_bins,fixed_weight_messages,1,-0.8610709649574444,relative_MSE_increase_percent,tumor2_minus_random
tumor_2,count_distance_bins,fixed_weight_messages,2,-0.7644311432169149,relative_MSE_increase_percent,tumor2_minus_random
tumor_2,count_distance_bins,fixed_weight_messages,3,-0.9392587251861872,relative_MSE_increase_percent,tumor2_minus_random
tumor_2,count_distance_bins,fixed_weight_messages,4,-0.8778229870519239,relative_MSE_increase_percent,tumor2_minus_random
tumor_2,count_distance_bins,fixed_weight_messages,5,-0.7797996851090172,relative_MSE_increase_percent,tumor2_minus_random
tumor_2,count_distance_bins,fixed_weight_messages,6,-0.8535827956565489,relative_MSE_increase_percent,tumor2_minus_random
tumor_2,count_distance_bins,fixed_weight_messages,7,-0.7040850980922775,relative_MSE_increase_percent,tumor2_minus_random
tumor_2,count_distance_bins,fixed_weight_messages,8,-0.8618358958204952,relative_MSE_increase_percent,tumor2_minus_random
tumor_2,count_distance_bins,fixed_weight_messages,9,-0.944507540573758,relative_MSE_increase_percent,tumor2_minus_random
tumor_2,count_only_same_m,edge_exclusion,0,3.5576693593213813,relative_MSE_increase_percent,tumor2_minus_random
tumor_2,count_only_same_m,edge_exclusion,1,2.70689685266563,relative_MSE_increase_percent,tumor2_minus_random
tumor_2,count_only_same_m,edge_exclusion,2,2.0133945620544047,relative_MSE_increase_percent,tumor2_minus_random
tumor_2,count_only_same_m,edge_exclusion,3,3.040579134227773,relative_MSE_increase_percent,tumor2_minus_random
tumor_2,count_only_same_m,edge_exclusion,4,1.7023831556495894,relative_MSE_increase_percent,tumor2_minus_random
tumor_2,count_only_same_m,edge_exclusion,5,2.695828713740412,relative_MSE_increase_percent,tumor2_minus_random
tumor_2,count_only_same_m,edge_exclusion,6,3.8025743005183807,relative_MSE_increase_percent,tumor2_minus_random
tumor_2,count_only_same_m,edge_exclusion,7,3.4381894612154573,relative_MSE_increase_percent,tumor2_minus_random
tumor_2,count_only_same_m,edge_exclusion,8,3.20425644756459,relative_MSE_increase_percent,tumor2_minus_random
tumor_2,count_only_same_m,edge_exclusion,9,3.586741205609557,relative_MSE_increase_percent,tumor2_minus_random
tumor_2,count_only_same_m,fixed_weight_messages,0,0.5611165044161703,relative_MSE_increase_percent,tumor2_minus_random
tumor_2,count_only_same_m,fixed_weight_messages,1,0.2021536663643797,relative_MSE_increase_percent,tumor2_minus_random
tumor_2,count_only_same_m,fixed_weight_messages,2,-0.10225009831157372,relative_MSE_increase_percent,tumor2_minus_random
tumor_2,count_only_same_m,fixed_weight_messages,3,0.6339405915026131,relative_MSE_increase_percent,tumor2_minus_random
tumor_2,count_only_same_m,fixed_weight_messages,4,-0.08072794097822023,relative_MSE_increase_percent,tumor2_minus_random
tumor_2,count_only_same_m,fixed_weight_messages,5,0.32697836012527404,relative_MSE_increase_percent,tumor2_minus_random
tumor_2,count_only_same_m,fixed_weight_messages,6,0.5906967636706062,relative_MSE_increase_percent,tumor2_minus_random
tumor_2,count_only_same_m,fixed_weight_messages,7,0.5434346332224838,relative_MSE_increase_percent,tumor2_minus_random
tumor_2,count_only_same_m,fixed_weight_messages,8,0.40571664980120214,relative_MSE_increase_percent,tumor2_minus_random
tumor_2,count_only_same_m,fixed_weight_messages,9,0.09052572384529167,relative_MSE_increase_percent,tumor2_minus_random
tumor_1,count_distance_bins,edge_exclusion,0,0.012175702765584493,mean_absolute_prediction_change,tumor2_minus_tumor1
tumor_1,count_distance_bins,edge_exclusion,1,0.012175607187147951,mean_absolute_prediction_change,tumor2_minus_tumor1
tumor_1,count_distance_bins,edge_exclusion,2,0.012168181129597142,mean_absolute_prediction_change,tumor2_minus_tumor1
tumor_1,count_distance_bins,edge_exclusion,3,0.01218934654447562,mean_absolute_prediction_change,tumor2_minus_tumor1
tumor_1,count_distance_bins,edge_exclusion,4,0.012178150305357635,mean_absolute_prediction_change,tumor2_minus_tumor1
tumor_1,count_distance_bins,edge_exclusion,5,0.012158936938559758,mean_absolute_prediction_change,tumor2_minus_tumor1
tumor_1,count_distance_bins,edge_exclusion,6,0.012171040491083706,mean_absolute_prediction_change,tumor2_minus_tumor1
tumor_1,count_distance_bins,edge_exclusion,7,0.012171284071114355,mean_absolute_prediction_change,tumor2_minus_tumor1
tumor_1,count_distance_bins,edge_exclusion,8,0.012201287043341157,mean_absolute_prediction_change,tumor2_minus_tumor1
tumor_1,count_distance_bins,edge_exclusion,9,0.012162618728068682,mean_absolute_prediction_change,tumor2_minus_tumor1
tumor_1,count_distance_bins,fixed_weight_messages,0,0.017566769847493433,mean_absolute_prediction_change,tumor2_minus_tumor1
tumor_1,count_distance_bins,fixed_weight_messages,1,0.017558386516869695,mean_absolute_prediction_change,tumor2_minus_tumor1
tumor_1,count_distance_bins,fixed_weight_messages,2,0.01757518579577349,mean_absolute_prediction_change,tumor2_minus_tumor1
tumor_1,count_distance_bins,fixed_weight_messages,3,0.01755590235299452,mean_absolute_prediction_change,tumor2_minus_tumor1
tumor_1,count_distance_bins,fixed_weight_messages,4,0.017549681832286012,mean_absolute_prediction_change,tumor2_minus_tumor1
tumor_1,count_distance_bins,fixed_weight_messages,5,0.017573586530603973,mean_absolute_prediction_change,tumor2_minus_tumor1
tumor_1,count_distance_bins,fixed_weight_messages,6,0.017555557863985886,mean_absolute_prediction_change,tumor2_minus_tumor1
tumor_1,count_distance_bins,fixed_weight_messages,7,0.017577132401849847,mean_absolute_prediction_change,tumor2_minus_tumor1
tumor_1,count_distance_bins,fixed_weight_messages,8,0.017579128416536575,mean_absolute_prediction_change,tumor2_minus_tumor1
tumor_1,count_distance_bins,fixed_weight_messages,9,0.01753370632110838,mean_absolute_prediction_change,tumor2_minus_tumor1
tumor_1,count_only_same_m,edge_exclusion,0,0.005569448802514285,mean_absolute_prediction_change,tumor2_minus_tumor1
tumor_1,count_only_same_m,edge_exclusion,1,0.004694050787461074,mean_absolute_prediction_change,tumor2_minus_tumor1
tumor_1,count_only_same_m,edge_exclusion,2,0.005650014974776504,mean_absolute_prediction_change,tumor2_minus_tumor1
tumor_1,count_only_same_m,edge_exclusion,3,0.005591520324537913,mean_absolute_prediction_change,tumor2_minus_tumor1
tumor_1,count_only_same_m,edge_exclusion,4,0.005277644244315441,mean_absolute_prediction_change,tumor2_minus_tumor1
tumor_1,count_only_same_m,edge_exclusion,5,0.005668492859439003,mean_absolute_prediction_change,tumor2_minus_tumor1
tumor_1,count_only_same_m,edge_exclusion,6,0.005492995614793095,mean_absolute_prediction_change,tumor2_minus_tumor1
tumor_1,count_only_same_m,edge_exclusion,7,0.005328044238441073,mean_absolute_prediction_change,tumor2_minus_tumor1
tumor_1,count_only_same_m,edge_exclusion,8,0.0053047617118483666,mean_absolute_prediction_change,tumor2_minus_tumor1
tumor_1,count_only_same_m,edge_exclusion,9,0.0049890149177068445,mean_absolute_prediction_change,tumor2_minus_tumor1
tumor_1,count_only_same_m,fixed_weight_messages,0,0.011778420982766012,mean_absolute_prediction_change,tumor2_minus_tumor1
tumor_1,count_only_same_m,fixed_weight_messages,1,0.011105968997032478,mean_absolute_prediction_change,tumor2_minus_tumor1
tumor_1,count_only_same_m,fixed_weight_messages,2,0.011368658826462728,mean_absolute_prediction_change,tumor2_minus_tumor1
tumor_1,count_only_same_m,fixed_weight_messages,3,0.01148026868737961,mean_absolute_prediction_change,tumor2_minus_tumor1
tumor_1,count_only_same_m,fixed_weight_messages,4,0.011307415946907956,mean_absolute_prediction_change,tumor2_minus_tumor1
tumor_1,count_only_same_m,fixed_weight_messages,5,0.011455320079238947,mean_absolute_prediction_change,tumor2_minus_tumor1
tumor_1,count_only_same_m,fixed_weight_messages,6,0.011574018839360461,mean_absolute_prediction_change,tumor2_minus_tumor1
tumor_1,count_only_same_m,fixed_weight_messages,7,0.011391588199108977,mean_absolute_prediction_change,tumor2_minus_tumor1
tumor_1,count_only_same_m,fixed_weight_messages,8,0.01146414120383698,mean_absolute_prediction_change,tumor2_minus_tumor1
tumor_1,count_only_same_m,fixed_weight_messages,9,0.011479724480678213,mean_absolute_prediction_change,tumor2_minus_tumor1
tumor_2,count_distance_bins,edge_exclusion,0,-0.0058279686263733345,mean_absolute_prediction_change,tumor2_minus_tumor1
tumor_2,count_distance_bins,edge_exclusion,1,-0.005996478639323285,mean_absolute_prediction_change,tumor2_minus_tumor1
tumor_2,count_distance_bins,edge_exclusion,2,-0.0060115277575385,mean_absolute_prediction_change,tumor2_minus_tumor1
tumor_2,count_distance_bins,edge_exclusion,3,-0.005899821761055798,mean_absolute_prediction_change,tumor2_minus_tumor1
tumor_2,count_distance_bins,edge_exclusion,4,-0.005884212164401808,mean_absolute_prediction_change,tumor2_minus_tumor1
tumor_2,count_distance_bins,edge_exclusion,5,-0.005905789101071212,mean_absolute_prediction_change,tumor2_minus_tumor1
tumor_2,count_distance_bins,edge_exclusion,6,-0.005939710398272482,mean_absolute_prediction_change,tumor2_minus_tumor1
tumor_2,count_distance_bins,edge_exclusion,7,-0.005858428417423098,mean_absolute_prediction_change,tumor2_minus_tumor1
tumor_2,count_distance_bins,edge_exclusion,8,-0.005976515272857825,mean_absolute_prediction_change,tumor2_minus_tumor1
tumor_2,count_distance_bins,edge_exclusion,9,-0.006011492919872196,mean_absolute_prediction_change,tumor2_minus_tumor1
tumor_2,count_distance_bins,fixed_weight_messages,0,-0.012010953010799644,mean_absolute_prediction_change,tumor2_minus_tumor1
tumor_2,count_distance_bins,fixed_weight_messages,1,-0.011986787754325368,mean_absolute_prediction_change,tumor2_minus_tumor1
tumor_2,count_distance_bins,fixed_weight_messages,2,-0.012052284211730522,mean_absolute_prediction_change,tumor2_minus_tumor1
tumor_2,count_distance_bins,fixed_weight_messages,3,-0.011989367785919441,mean_absolute_prediction_change,tumor2_minus_tumor1
tumor_2,count_distance_bins,fixed_weight_messages,4,-0.012040173042792427,mean_absolute_prediction_change,tumor2_minus_tumor1
tumor_2,count_distance_bins,fixed_weight_messages,5,-0.012090200606531838,mean_absolute_prediction_change,tumor2_minus_tumor1
tumor_2,count_distance_bins,fixed_weight_messages,6,-0.012012903776992087,mean_absolute_prediction_change,tumor2_minus_tumor1
tumor_2,count_distance_bins,fixed_weight_messages,7,-0.012032678363204912,mean_absolute_prediction_change,tumor2_minus_tumor1
tumor_2,count_distance_bins,fixed_weight_messages,8,-0.012060787541225634,mean_absolute_prediction_change,tumor2_minus_tumor1
tumor_2,count_distance_bins,fixed_weight_messages,9,-0.012137637471369589,mean_absolute_prediction_change,tumor2_minus_tumor1
tumor_2,count_only_same_m,edge_exclusion,0,0.015991305362643066,mean_absolute_prediction_change,tumor2_minus_tumor1
tumor_2,count_only_same_m,edge_exclusion,1,0.014852740679250707,mean_absolute_prediction_change,tumor2_minus_tumor1
tumor_2,count_only_same_m,edge_exclusion,2,0.01564244765950324,mean_absolute_prediction_change,tumor2_minus_tumor1
tumor_2,count_only_same_m,edge_exclusion,3,0.015003336043474494,mean_absolute_prediction_change,tumor2_minus_tumor1
tumor_2,count_only_same_m,edge_exclusion,4,0.016017729472148308,mean_absolute_prediction_change,tumor2_minus_tumor1
tumor_2,count_only_same_m,edge_exclusion,5,0.01538841447406225,mean_absolute_prediction_change,tumor2_minus_tumor1
tumor_2,count_only_same_m,edge_exclusion,6,0.016256650773353802,mean_absolute_prediction_change,tumor2_minus_tumor1
tumor_2,count_only_same_m,edge_exclusion,7,0.015037320300274236,mean_absolute_prediction_change,tumor2_minus_tumor1
tumor_2,count_only_same_m,edge_exclusion,8,0.016022234193075836,mean_absolute_prediction_change,tumor2_minus_tumor1
tumor_2,count_only_same_m,edge_exclusion,9,0.016555186985838,mean_absolute_prediction_change,tumor2_minus_tumor1
tumor_2,count_only_same_m,fixed_weight_messages,0,0.003295498145940143,mean_absolute_prediction_change,tumor2_minus_tumor1
tumor_2,count_only_same_m,fixed_weight_messages,1,0.002287780986645095,mean_absolute_prediction_change,tumor2_minus_tumor1
tumor_2,count_only_same_m,fixed_weight_messages,2,0.0031197871863412954,mean_absolute_prediction_change,tumor2_minus_tumor1
tumor_2,count_only_same_m,fixed_weight_messages,3,0.003055276964875918,mean_absolute_prediction_change,tumor2_minus_tumor1
tumor_2,count_only_same_m,fixed_weight_messages,4,0.0029516785658833394,mean_absolute_prediction_change,tumor2_minus_tumor1
tumor_2,count_only_same_m,fixed_weight_messages,5,0.0037666879037274725,mean_absolute_prediction_change,tumor2_minus_tumor1
tumor_2,count_only_same_m,fixed_weight_messages,6,0.003163594450628547,mean_absolute_prediction_change,tumor2_minus_tumor1
tumor_2,count_only_same_m,fixed_weight_messages,7,0.0028155329869581844,mean_absolute_prediction_change,tumor2_minus_tumor1
tumor_2,count_only_same_m,fixed_weight_messages,8,0.003198595015342552,mean_absolute_prediction_change,tumor2_minus_tumor1
tumor_2,count_only_same_m,fixed_weight_messages,9,0.0037205092625518035,mean_absolute_prediction_change,tumor2_minus_tumor1
tumor_1,count_distance_bins,edge_exclusion,0,-0.002360262409430866,mean_absolute_prediction_change,tumor1_minus_random
tumor_1,count_distance_bins,edge_exclusion,1,-0.0022674908254290225,mean_absolute_prediction_change,tumor1_minus_random
tumor_1,count_distance_bins,edge_exclusion,2,-0.002391223141918305,mean_absolute_prediction_change,tumor1_minus_random
tumor_1,count_distance_bins,edge_exclusion,3,-0.0024568360778721866,mean_absolute_prediction_change,tumor1_minus_random
tumor_1,count_distance_bins,edge_exclusion,4,-0.002437020443371971,mean_absolute_prediction_change,tumor1_minus_random
tumor_1,count_distance_bins,edge_exclusion,5,-0.002362904465072417,mean_absolute_prediction_change,tumor1_minus_random
tumor_1,count_distance_bins,edge_exclusion,6,-0.0024202360437755015,mean_absolute_prediction_change,tumor1_minus_random
tumor_1,count_distance_bins,edge_exclusion,7,-0.00235217911563621,mean_absolute_prediction_change,tumor1_minus_random
tumor_1,count_distance_bins,edge_exclusion,8,-0.002328581381588585,mean_absolute_prediction_change,tumor1_minus_random
tumor_1,count_distance_bins,edge_exclusion,9,-0.0023250461233292833,mean_absolute_prediction_change,tumor1_minus_random
tumor_1,count_distance_bins,fixed_weight_messages,0,-0.005404618041681981,mean_absolute_prediction_change,tumor1_minus_random
tumor_1,count_distance_bins,fixed_weight_messages,1,-0.005354249042282752,mean_absolute_prediction_change,tumor1_minus_random
tumor_1,count_distance_bins,fixed_weight_messages,2,-0.005301937935963121,mean_absolute_prediction_change,tumor1_minus_random
tumor_1,count_distance_bins,fixed_weight_messages,3,-0.005439582663369677,mean_absolute_prediction_change,tumor1_minus_random
tumor_1,count_distance_bins,fixed_weight_messages,4,-0.005449027892241991,mean_absolute_prediction_change,tumor1_minus_random
tumor_1,count_distance_bins,fixed_weight_messages,5,-0.005422952084098771,mean_absolute_prediction_change,tumor1_minus_random
tumor_1,count_distance_bins,fixed_weight_messages,6,-0.0054492611706553305,mean_absolute_prediction_change,tumor1_minus_random
tumor_1,count_distance_bins,fixed_weight_messages,7,-0.005331948358539942,mean_absolute_prediction_change,tumor1_minus_random
tumor_1,count_distance_bins,fixed_weight_messages,8,-0.005330205494244402,mean_absolute_prediction_change,tumor1_minus_random
tumor_1,count_distance_bins,fixed_weight_messages,9,-0.005376024852388389,mean_absolute_prediction_change,tumor1_minus_random
tumor_1,count_only_same_m,edge_exclusion,0,0.001117921283038975,mean_absolute_prediction_change,tumor1_minus_random
tumor_1,count_only_same_m,edge_exclusion,1,0.0019757337511570744,mean_absolute_prediction_change,tumor1_minus_random
tumor_1,count_only_same_m,edge_exclusion,2,0.0012605667675409937,mean_absolute_prediction_change,tumor1_minus_random
tumor_1,count_only_same_m,edge_exclusion,3,0.0007561915697511627,mean_absolute_prediction_change,tumor1_minus_random
tumor_1,count_only_same_m,edge_exclusion,4,0.0013762134024122297,mean_absolute_prediction_change,tumor1_minus_random
tumor_1,count_only_same_m,edge_exclusion,5,0.001404768466054071,mean_absolute_prediction_change,tumor1_minus_random
tumor_1,count_only_same_m,edge_exclusion,6,0.0012285470477402596,mean_absolute_prediction_change,tumor1_minus_random
tumor_1,count_only_same_m,edge_exclusion,7,0.0018395516969285479,mean_absolute_prediction_change,tumor1_minus_random
tumor_1,count_only_same_m,edge_exclusion,8,0.001160317349810265,mean_absolute_prediction_change,tumor1_minus_random
tumor_1,count_only_same_m,edge_exclusion,9,0.0008514661071041055,mean_absolute_prediction_change,tumor1_minus_random
tumor_1,count_only_same_m,fixed_weight_messages,0,-0.0006243237411052323,mean_absolute_prediction_change,tumor1_minus_random
tumor_1,count_only_same_m,fixed_weight_messages,1,-3.7346407475088994e-06,mean_absolute_prediction_change,tumor1_minus_random
tumor_1,count_only_same_m,fixed_weight_messages,2,-0.00019261283360216472,mean_absolute_prediction_change,tumor1_minus_random
tumor_1,count_only_same_m,fixed_weight_messages,3,-0.001001493340316826,mean_absolute_prediction_change,tumor1_minus_random
tumor_1,count_only_same_m,fixed_weight_messages,4,-0.0006500781714951394,mean_absolute_prediction_change,tumor1_minus_random
tumor_1,count_only_same_m,fixed_weight_messages,5,-0.00026400772515243823,mean_absolute_prediction_change,tumor1_minus_random
tumor_1,count_only_same_m,fixed_weight_messages,6,-0.000829269749788631,mean_absolute_prediction_change,tumor1_minus_random
tumor_1,count_only_same_m,fixed_weight_messages,7,-0.00010480253593801725,mean_absolute_prediction_change,tumor1_minus_random
tumor_1,count_only_same_m,fixed_weight_messages,8,-0.00030522367581844664,mean_absolute_prediction_change,tumor1_minus_random
tumor_1,count_only_same_m,fixed_weight_messages,9,-0.0009049327153813069,mean_absolute_prediction_change,tumor1_minus_random
tumor_2,count_distance_bins,edge_exclusion,0,0.006026403729789562,mean_absolute_prediction_change,tumor1_minus_random
tumor_2,count_distance_bins,edge_exclusion,1,0.006363796361112634,mean_absolute_prediction_change,tumor1_minus_random
tumor_2,count_distance_bins,edge_exclusion,2,0.006443756475403042,mean_absolute_prediction_change,tumor1_minus_random
tumor_2,count_distance_bins,edge_exclusion,3,0.00622537571362727,mean_absolute_prediction_change,tumor1_minus_random
tumor_2,count_distance_bins,edge_exclusion,4,0.006247211974139803,mean_absolute_prediction_change,tumor1_minus_random
tumor_2,count_distance_bins,edge_exclusion,5,0.006181160388303443,mean_absolute_prediction_change,tumor1_minus_random
tumor_2,count_distance_bins,edge_exclusion,6,0.006619453444607442,mean_absolute_prediction_change,tumor1_minus_random
tumor_2,count_distance_bins,edge_exclusion,7,0.006207992802882874,mean_absolute_prediction_change,tumor1_minus_random
tumor_2,count_distance_bins,edge_exclusion,8,0.006243825742026362,mean_absolute_prediction_change,tumor1_minus_random
tumor_2,count_distance_bins,edge_exclusion,9,0.006277944945842148,mean_absolute_prediction_change,tumor1_minus_random
tumor_2,count_distance_bins,fixed_weight_messages,0,0.00780098329434227,mean_absolute_prediction_change,tumor1_minus_random
tumor_2,count_distance_bins,fixed_weight_messages,1,0.008024565706301362,mean_absolute_prediction_change,tumor1_minus_random
tumor_2,count_distance_bins,fixed_weight_messages,2,0.00804899964985177,mean_absolute_prediction_change,tumor1_minus_random
tumor_2,count_distance_bins,fixed_weight_messages,3,0.007882513302758243,mean_absolute_prediction_change,tumor1_minus_random
tumor_2,count_distance_bins,fixed_weight_messages,4,0.007977201033287765,mean_absolute_prediction_change,tumor1_minus_random
tumor_2,count_distance_bins,fixed_weight_messages,5,0.008002209443510197,mean_absolute_prediction_change,tumor1_minus_random
tumor_2,count_distance_bins,fixed_weight_messages,6,0.008174229659936368,mean_absolute_prediction_change,tumor1_minus_random
tumor_2,count_distance_bins,fixed_weight_messages,7,0.00786520437428467,mean_absolute_prediction_change,tumor1_minus_random
tumor_2,count_distance_bins,fixed_weight_messages,8,0.0079607947425465,mean_absolute_prediction_change,tumor1_minus_random
tumor_2,count_distance_bins,fixed_weight_messages,9,0.007939295576224498,mean_absolute_prediction_change,tumor1_minus_random
tumor_2,count_only_same_m,edge_exclusion,0,-0.0022689413022328186,mean_absolute_prediction_change,tumor1_minus_random
tumor_2,count_only_same_m,edge_exclusion,1,-0.002190250849942822,mean_absolute_prediction_change,tumor1_minus_random
tumor_2,count_only_same_m,edge_exclusion,2,-0.0015244563189950808,mean_absolute_prediction_change,tumor1_minus_random
tumor_2,count_only_same_m,edge_exclusion,3,-0.00043001487958560514,mean_absolute_prediction_change,tumor1_minus_random
tumor_2,count_only_same_m,edge_exclusion,4,-0.0016483432906755358,mean_absolute_prediction_change,tumor1_minus_random
tumor_2,count_only_same_m,edge_exclusion,5,-0.0014705194424052478,mean_absolute_prediction_change,tumor1_minus_random
tumor_2,count_only_same_m,edge_exclusion,6,-0.000744150182348885,mean_absolute_prediction_change,tumor1_minus_random
tumor_2,count_only_same_m,edge_exclusion,7,-0.0006970244164156286,mean_absolute_prediction_change,tumor1_minus_random
tumor_2,count_only_same_m,edge_exclusion,8,-0.0022255274129527325,mean_absolute_prediction_change,tumor1_minus_random
tumor_2,count_only_same_m,edge_exclusion,9,-0.0004817559820981046,mean_absolute_prediction_change,tumor1_minus_random
tumor_2,count_only_same_m,fixed_weight_messages,0,0.0023542147630380983,mean_absolute_prediction_change,tumor1_minus_random
tumor_2,count_only_same_m,fixed_weight_messages,1,0.0023275327183899797,mean_absolute_prediction_change,tumor1_minus_random
tumor_2,count_only_same_m,fixed_weight_messages,2,0.0024559691415362364,mean_absolute_prediction_change,tumor1_minus_random
tumor_2,count_only_same_m,fixed_weight_messages,3,0.0031915802378918237,mean_absolute_prediction_change,tumor1_minus_random
tumor_2,count_only_same_m,fixed_weight_messages,4,0.003037872021075534,mean_absolute_prediction_change,tumor1_minus_random
tumor_2,count_only_same_m,fixed_weight_messages,5,0.0020841497629757177,mean_absolute_prediction_change,tumor1_minus_random
tumor_2,count_only_same_m,fixed_weight_messages,6,0.003255357040251171,mean_absolute_prediction_change,tumor1_minus_random
tumor_2,count_only_same_m,fixed_weight_messages,7,0.0031857141535523575,mean_absolute_prediction_change,tumor1_minus_random
tumor_2,count_only_same_m,fixed_weight_messages,8,0.0028886981083894106,mean_absolute_prediction_change,tumor1_minus_random
tumor_2,count_only_same_m,fixed_weight_messages,9,0.002956248680126991,mean_absolute_prediction_change,tumor1_minus_random
tumor_1,count_distance_bins,edge_exclusion,0,0.009815440356153627,mean_absolute_prediction_change,tumor2_minus_random
tumor_1,count_distance_bins,edge_exclusion,1,0.009908116361718929,mean_absolute_prediction_change,tumor2_minus_random
tumor_1,count_distance_bins,edge_exclusion,2,0.009776957987678837,mean_absolute_prediction_change,tumor2_minus_random
tumor_1,count_distance_bins,edge_exclusion,3,0.009732510466603433,mean_absolute_prediction_change,tumor2_minus_random
tumor_1,count_distance_bins,edge_exclusion,4,0.009741129861985665,mean_absolute_prediction_change,tumor2_minus_random
tumor_1,count_distance_bins,edge_exclusion,5,0.009796032473487341,mean_absolute_prediction_change,tumor2_minus_random
tumor_1,count_distance_bins,edge_exclusion,6,0.009750804447308204,mean_absolute_prediction_change,tumor2_minus_random
tumor_1,count_distance_bins,edge_exclusion,7,0.009819104955478145,mean_absolute_prediction_change,tumor2_minus_random
tumor_1,count_distance_bins,edge_exclusion,8,0.009872705661752572,mean_absolute_prediction_change,tumor2_minus_random
tumor_1,count_distance_bins,edge_exclusion,9,0.009837572604739398,mean_absolute_prediction_change,tumor2_minus_random
tumor_1,count_distance_bins,fixed_weight_messages,0,0.012162151805811452,mean_absolute_prediction_change,tumor2_minus_random
tumor_1,count_distance_bins,fixed_weight_messages,1,0.012204137474586943,mean_absolute_prediction_change,tumor2_minus_random
tumor_1,count_distance_bins,fixed_weight_messages,2,0.012273247859810366,mean_absolute_prediction_change,tumor2_minus_random
tumor_1,count_distance_bins,fixed_weight_messages,3,0.012116319689624844,mean_absolute_prediction_change,tumor2_minus_random
tumor_1,count_distance_bins,fixed_weight_messages,4,0.012100653940044021,mean_absolute_prediction_change,tumor2_minus_random
tumor_1,count_distance_bins,fixed_weight_messages,5,0.012150634446505201,mean_absolute_prediction_change,tumor2_minus_random
tumor_1,count_distance_bins,fixed_weight_messages,6,0.012106296693330555,mean_absolute_prediction_change,tumor2_minus_random
tumor_1,count_distance_bins,fixed_weight_messages,7,0.012245184043309904,mean_absolute_prediction_change,tumor2_minus_random
tumor_1,count_distance_bins,fixed_weight_messages,8,0.012248922922292176,mean_absolute_prediction_change,tumor2_minus_random
tumor_1,count_distance_bins,fixed_weight_messages,9,0.01215768146871999,mean_absolute_prediction_change,tumor2_minus_random
tumor_1,count_only_same_m,edge_exclusion,0,0.00668737008555326,mean_absolute_prediction_change,tumor2_minus_random
tumor_1,count_only_same_m,edge_exclusion,1,0.006669784538618148,mean_absolute_prediction_change,tumor2_minus_random
tumor_1,count_only_same_m,edge_exclusion,2,0.006910581742317498,mean_absolute_prediction_change,tumor2_minus_random
tumor_1,count_only_same_m,edge_exclusion,3,0.006347711894289076,mean_absolute_prediction_change,tumor2_minus_random
tumor_1,count_only_same_m,edge_exclusion,4,0.0066538576467276705,mean_absolute_prediction_change,tumor2_minus_random
tumor_1,count_only_same_m,edge_exclusion,5,0.007073261325493074,mean_absolute_prediction_change,tumor2_minus_random
tumor_1,count_only_same_m,edge_exclusion,6,0.006721542662533355,mean_absolute_prediction_change,tumor2_minus_random
tumor_1,count_only_same_m,edge_exclusion,7,0.007167595935369621,mean_absolute_prediction_change,tumor2_minus_random
tumor_1,count_only_same_m,edge_exclusion,8,0.006465079061658632,mean_absolute_prediction_change,tumor2_minus_random
tumor_1,count_only_same_m,edge_exclusion,9,0.00584048102481095,mean_absolute_prediction_change,tumor2_minus_random
tumor_1,count_only_same_m,fixed_weight_messages,0,0.01115409724166078,mean_absolute_prediction_change,tumor2_minus_random
tumor_1,count_only_same_m,fixed_weight_messages,1,0.01110223435628497,mean_absolute_prediction_change,tumor2_minus_random
tumor_1,count_only_same_m,fixed_weight_messages,2,0.011176045992860564,mean_absolute_prediction_change,tumor2_minus_random
tumor_1,count_only_same_m,fixed_weight_messages,3,0.010478775347062784,mean_absolute_prediction_change,tumor2_minus_random
tumor_1,count_only_same_m,fixed_weight_messages,4,0.010657337775412817,mean_absolute_prediction_change,tumor2_minus_random
tumor_1,count_only_same_m,fixed_weight_messages,5,0.011191312354086509,mean_absolute_prediction_change,tumor2_minus_random
tumor_1,count_only_same_m,fixed_weight_messages,6,0.01074474908957183,mean_absolute_prediction_change,tumor2_minus_random
tumor_1,count_only_same_m,fixed_weight_messages,7,0.01128678566317096,mean_absolute_prediction_change,tumor2_minus_random
tumor_1,count_only_same_m,fixed_weight_messages,8,0.011158917528018533,mean_absolute_prediction_change,tumor2_minus_random
tumor_1,count_only_same_m,fixed_weight_messages,9,0.010574791765296906,mean_absolute_prediction_change,tumor2_minus_random
tumor_2,count_distance_bins,edge_exclusion,0,0.00019843510341622725,mean_absolute_prediction_change,tumor2_minus_random
tumor_2,count_distance_bins,edge_exclusion,1,0.00036731772178934946,mean_absolute_prediction_change,tumor2_minus_random
tumor_2,count_distance_bins,edge_exclusion,2,0.0004322287178645419,mean_absolute_prediction_change,tumor2_minus_random
tumor_2,count_distance_bins,edge_exclusion,3,0.00032555395257147235,mean_absolute_prediction_change,tumor2_minus_random
tumor_2,count_distance_bins,edge_exclusion,4,0.00036299980973799467,mean_absolute_prediction_change,tumor2_minus_random
tumor_2,count_distance_bins,edge_exclusion,5,0.000275371287232231,mean_absolute_prediction_change,tumor2_minus_random
tumor_2,count_distance_bins,edge_exclusion,6,0.0006797430463349602,mean_absolute_prediction_change,tumor2_minus_random
tumor_2,count_distance_bins,edge_exclusion,7,0.00034956438545977533,mean_absolute_prediction_change,tumor2_minus_random
tumor_2,count_distance_bins,edge_exclusion,8,0.0002673104691685371,mean_absolute_prediction_change,tumor2_minus_random
tumor_2,count_distance_bins,edge_exclusion,9,0.00026645202596995224,mean_absolute_prediction_change,tumor2_minus_random
tumor_2,count_distance_bins,fixed_weight_messages,0,-0.0042099697164573735,mean_absolute_prediction_change,tumor2_minus_random
tumor_2,count_distance_bins,fixed_weight_messages,1,-0.003962222048024006,mean_absolute_prediction_change,tumor2_minus_random
tumor_2,count_distance_bins,fixed_weight_messages,2,-0.004003284561878751,mean_absolute_prediction_change,tumor2_minus_random
tumor_2,count_distance_bins,fixed_weight_messages,3,-0.004106854483161199,mean_absolute_prediction_change,tumor2_minus_random
tumor_2,count_distance_bins,fixed_weight_messages,4,-0.0040629720095046624,mean_absolute_prediction_change,tumor2_minus_random
tumor_2,count_distance_bins,fixed_weight_messages,5,-0.0040879911630216405,mean_absolute_prediction_change,tumor2_minus_random
tumor_2,count_distance_bins,fixed_weight_messages,6,-0.0038386741170557195,mean_absolute_prediction_change,tumor2_minus_random
tumor_2,count_distance_bins,fixed_weight_messages,7,-0.004167473988920242,mean_absolute_prediction_change,tumor2_minus_random
tumor_2,count_distance_bins,fixed_weight_messages,8,-0.0040999927986791335,mean_absolute_prediction_change,tumor2_minus_random
tumor_2,count_distance_bins,fixed_weight_messages,9,-0.004198341895145091,mean_absolute_prediction_change,tumor2_minus_random
tumor_2,count_only_same_m,edge_exclusion,0,0.013722364060410247,mean_absolute_prediction_change,tumor2_minus_random
tumor_2,count_only_same_m,edge_exclusion,1,0.012662489829307885,mean_absolute_prediction_change,tumor2_minus_random
tumor_2,count_only_same_m,edge_exclusion,2,0.01411799134050816,mean_absolute_prediction_change,tumor2_minus_random
tumor_2,count_only_same_m,edge_exclusion,3,0.014573321163888889,mean_absolute_prediction_change,tumor2_minus_random
tumor_2,count_only_same_m,edge_exclusion,4,0.014369386181472772,mean_absolute_prediction_change,tumor2_minus_random
tumor_2,count_only_same_m,edge_exclusion,5,0.013917895031657003,mean_absolute_prediction_change,tumor2_minus_random
tumor_2,count_only_same_m,edge_exclusion,6,0.015512500591004917,mean_absolute_prediction_change,tumor2_minus_random
tumor_2,count_only_same_m,edge_exclusion,7,0.014340295883858607,mean_absolute_prediction_change,tumor2_minus_random
tumor_2,count_only_same_m,edge_exclusion,8,0.013796706780123104,mean_absolute_prediction_change,tumor2_minus_random
tumor_2,count_only_same_m,edge_exclusion,9,0.016073431003739896,mean_absolute_prediction_change,tumor2_minus_random
tumor_2,count_only_same_m,fixed_weight_messages,0,0.005649712908978241,mean_absolute_prediction_change,tumor2_minus_random
tumor_2,count_only_same_m,fixed_weight_messages,1,0.004615313705035075,mean_absolute_prediction_change,tumor2_minus_random
tumor_2,count_only_same_m,fixed_weight_messages,2,0.005575756327877532,mean_absolute_prediction_change,tumor2_minus_random
tumor_2,count_only_same_m,fixed_weight_messages,3,0.006246857202767742,mean_absolute_prediction_change,tumor2_minus_random
tumor_2,count_only_same_m,fixed_weight_messages,4,0.005989550586958874,mean_absolute_prediction_change,tumor2_minus_random
tumor_2,count_only_same_m,fixed_weight_messages,5,0.00585083766670319,mean_absolute_prediction_change,tumor2_minus_random
tumor_2,count_only_same_m,fixed_weight_messages,6,0.006418951490879718,mean_absolute_prediction_change,tumor2_minus_random
tumor_2,count_only_same_m,fixed_weight_messages,7,0.006001247140510542,mean_absolute_prediction_change,tumor2_minus_random
tumor_2,count_only_same_m,fixed_weight_messages,8,0.006087293123731963,mean_absolute_prediction_change,tumor2_minus_random
tumor_2,count_only_same_m,fixed_weight_messages,9,0.006676757942678795,mean_absolute_prediction_change,tumor2_minus_random
