receiver,selection,condition,repeat,n_selected_sender_instances,mean_distance_raw,mean_distance_over_neighborhood_radius,mean_model_input_expression_RMS,mean_model_visible_residual_RMS,min_distance_raw,max_distance_raw
tumor_1,count_only_same_m,tumor_1,0,97091,38.64226543860166,0.6673252193170585,0.5489318729541457,0.0,2.4625282595799254,149.3663144050451
tumor_2,count_only_same_m,tumor_1,0,61019,41.93748858129759,0.7131375562737468,0.5900663067923538,0.4290138117162724,3.00048828125,110.4508737692716
tumor_1,count_only_same_m,tumor_2,0,97091,41.27133061927137,0.7133952577582491,0.6656987351049245,0.4275318287646555,1.8000000026490954,147.27988815426693
tumor_2,count_only_same_m,tumor_2,0,61019,38.03168659734021,0.646876863696624,0.5479850918101093,0.0,3.0023842317749025,114.38857034526993
tumor_1,count_only_same_m,random,0,97091,39.10680568384077,0.6756173088595566,0.5557660599490428,0.12681664032130713,2.4625045389046445,149.03637223850848
tumor_2,count_only_same_m,random,0,61019,39.81259236101652,0.6770043060851474,0.5517437917921222,0.20320550247291705,3.00048828125,108.5861937658946
tumor_1,count_only_same_m,tumor_1,1,97091,38.62830677545986,0.6669449307133849,0.5489318729541457,0.0,2.5511311850386136,149.3663144050451
tumor_2,count_only_same_m,tumor_1,1,61019,42.028533610640686,0.7147242079554245,0.5901247428527397,0.4284667839787768,3.00048828125,107.19854207008271
tumor_1,count_only_same_m,tumor_2,1,97091,41.198504148309524,0.7122519484148231,0.6655550551596526,0.42733124482642315,1.8000000026490954,147.27988815426693
tumor_2,count_only_same_m,tumor_2,1,61019,38.0335574398809,0.6470081345351646,0.5479850918101093,0.0,3.1287527820606793,112.59527299302506
tumor_1,count_only_same_m,random,1,97091,39.147044938925006,0.6760788027743497,0.5545575481839925,0.12465739528204701,2.5426610287662026,142.2388793855317
tumor_2,count_only_same_m,random,1,61019,39.77693343513954,0.6761643311566065,0.5519144497172678,0.20333246075208042,1.8000000026490954,110.28606373049398
tumor_1,count_only_same_m,tumor_1,2,97091,38.589555109593334,0.6663542167528393,0.5489318729541457,0.0,2.7834028205839747,149.03637223850848
tumor_2,count_only_same_m,tumor_1,2,61019,41.984792618840785,0.7140186309893183,0.589120342025699,0.42839585108860834,3.00048828125,108.53038406795493
tumor_1,count_only_same_m,tumor_2,2,97091,41.1938717148147,0.7121162589883062,0.6658851322457359,0.42755120566217786,2.4625045389046445,147.27988815426693
tumor_2,count_only_same_m,tumor_2,2,61019,37.96687874360947,0.6458282751679335,0.5479850918101093,0.0,3.336091013465021,106.83362168725942
tumor_1,count_only_same_m,random,2,97091,39.114434296126866,0.6755098612185002,0.55492500346635,0.12534708739972383,2.963828816550426,149.3663144050451
tumor_2,count_only_same_m,random,2,61019,39.88469809839956,0.678134548382894,0.5520917842963676,0.2030697606415057,1.8000000026490954,109.22045331726413
tumor_1,count_only_same_m,tumor_1,3,97091,38.65131493732013,0.6674736688286559,0.5489318729541457,0.0,2.5511311850386136,144.36548706112052
tumor_2,count_only_same_m,tumor_1,3,61019,41.94236950499323,0.7132739913725602,0.5907848375871474,0.42874785433205825,1.8000000026490954,110.41398654827977
tumor_1,count_only_same_m,tumor_2,3,97091,41.25571282826971,0.7131753843924673,0.6663673684947617,0.4275340048400841,1.8000000026490954,147.27988815426693
tumor_2,count_only_same_m,tumor_2,3,61019,37.96603915108546,0.6455241035928845,0.5479850918101093,0.0,3.1287527820606793,112.59527299302506
tumor_1,count_only_same_m,random,3,97091,38.99509890794753,0.6733891898273919,0.5549558397424428,0.1250743696789289,2.4625282595799254,143.73760176070468
tumor_2,count_only_same_m,random,3,61019,39.91234036670355,0.6785972822132139,0.5520604679308493,0.20352453963245545,3.4107131503280885,108.5861937658946
tumor_1,count_only_same_m,tumor_1,4,97091,38.65179411178985,0.6674638146401117,0.5489318729541457,0.0,2.4625282595799254,149.3663144050451
tumor_2,count_only_same_m,tumor_1,4,61019,41.95913802691998,0.7134119074322226,0.5899966497852382,0.4286452831655047,2.381687499078234,108.5861937658946
tumor_1,count_only_same_m,tumor_2,4,97091,41.24232750529074,0.7128710629458829,0.6662164988932842,0.4276027923907885,1.8000000026490954,147.27988815426693
tumor_2,count_only_same_m,tumor_2,4,61019,38.05326519398475,0.6471604329495709,0.5479850918101093,0.0,3.1287527820606793,112.59527299302506
tumor_1,count_only_same_m,random,4,97091,39.06788795954589,0.6746996877125817,0.5545159264904964,0.12578974733395107,2.4625282595799254,149.03637223850848
tumor_2,count_only_same_m,random,4,61019,39.89689930006953,0.6784172413018578,0.5533444139019128,0.20352304474242228,3.1680590972999516,109.22045331726413
tumor_1,count_only_same_m,tumor_1,5,97091,38.684806275829686,0.6678538254598612,0.5489318729541457,0.0,2.631748471195577,132.60827462944522
tumor_2,count_only_same_m,tumor_1,5,61019,41.962415645475104,0.7135875660369237,0.5894305443436455,0.4286377662437294,2.381687499078234,110.4508737692716
tumor_1,count_only_same_m,tumor_2,5,97091,41.20772362453529,0.7122885012099864,0.6657930376469757,0.42761601260844057,1.8000000026490954,147.27988815426693
tumor_2,count_only_same_m,tumor_2,5,61019,37.955648038183966,0.6453153755966957,0.5479850918101093,0.0,3.1287527820606793,112.59527299302506
tumor_1,count_only_same_m,random,5,97091,39.1488101912312,0.6760503149192936,0.5554997558157566,0.12531126022946154,2.54530819868517,147.27988815426693
tumor_2,count_only_same_m,random,5,61019,39.878344029258585,0.6780312834193368,0.5524267191715236,0.20292245844045478,3.1287527820606793,105.73795809170228
tumor_1,count_only_same_m,tumor_1,6,97091,38.59391611797728,0.6664106667868562,0.5489318729541457,0.0,2.631748471195577,144.09479619202546
tumor_2,count_only_same_m,tumor_1,6,61019,42.03110899453864,0.7147807838723276,0.5898954846703404,0.4284159931372375,3.4108677631960833,110.4508737692716
tumor_1,count_only_same_m,tumor_2,6,97091,41.20543391306752,0.7122474714288539,0.6657967009605888,0.4272703881591697,1.8000000026490954,147.27988815426693
tumor_2,count_only_same_m,tumor_2,6,61019,37.99944910543167,0.646296143430004,0.5479850918101093,0.0,3.319152521698202,112.59527299302506
tumor_1,count_only_same_m,random,6,97091,39.04342625731681,0.6742368079370438,0.5550648474779416,0.1253180241603486,2.2924076674076708,149.3663144050451
tumor_2,count_only_same_m,random,6,61019,39.91200479593364,0.6787881363695719,0.5515295238210649,0.20337793582195057,3.0023842317749025,112.04511558035468
tumor_1,count_only_same_m,tumor_1,7,97091,38.635646797244604,0.6670549526125474,0.5489318729541457,0.0,2.4625282595799254,149.03637223850848
tumor_2,count_only_same_m,tumor_1,7,61019,41.977413399825075,0.7138891280193363,0.5899911474872986,0.4287636034677064,2.381687499078234,110.4508737692716
tumor_1,count_only_same_m,tumor_2,7,97091,41.239803564654764,0.7128836526570215,0.6662313483460178,0.4277636812181653,1.8000000026490954,147.27988815426693
tumor_2,count_only_same_m,tumor_2,7,61019,38.073991744761834,0.6475957094162939,0.5479850918101093,0.0,3.2292646495761157,114.38857034526993
tumor_1,count_only_same_m,random,7,97091,39.142018035718635,0.6758130160394997,0.5553134527079429,0.1258518047661037,2.5511311850386136,144.22428681815236
tumor_2,count_only_same_m,random,7,61019,39.84175200424795,0.6775934118920272,0.5514936351079751,0.20317767009150214,3.3619051609221753,110.4508737692716
tumor_1,count_only_same_m,tumor_1,8,97091,38.64460073280954,0.6673444165895475,0.5489318729541457,0.0,2.5511311850386136,144.36548706112052
tumor_2,count_only_same_m,tumor_1,8,61019,41.94419777162244,0.7133539750350686,0.5897069350771054,0.4286749630659826,2.381687499078234,108.5861937658946
tumor_1,count_only_same_m,tumor_2,8,97091,41.23982730362448,0.7128896737113977,0.6664486574064171,0.4277065622367407,1.8000000026490954,147.27988815426693
tumor_2,count_only_same_m,tumor_2,8,61019,38.0110901114783,0.6463940392103945,0.5479850918101093,0.0,3.0023842317749025,112.59527299302506
tumor_1,count_only_same_m,random,8,97091,39.181942021461296,0.6766532697429766,0.5552377943291449,0.1258670309374906,2.631748471195577,143.73760176070468
tumor_2,count_only_same_m,random,8,61019,39.83459452969854,0.6771848824099225,0.552291514886595,0.20399172042335967,3.0023842317749025,110.41398654827977
tumor_1,count_only_same_m,tumor_1,9,97091,38.65779032250624,0.6674857344418017,0.5489318729541457,0.0,2.811684893006511,138.95750390748447
tumor_2,count_only_same_m,tumor_1,9,61019,42.01566535030102,0.714613864711084,0.5898179770909502,0.4285398481651333,3.00048828125,108.5861937658946
tumor_1,count_only_same_m,tumor_2,9,97091,41.269126649865996,0.7133902918878889,0.6660159835675304,0.42737555924804704,1.8000000026490954,147.27988815426693
tumor_2,count_only_same_m,tumor_2,9,61019,37.98505440029679,0.6459961670148464,0.5479850918101093,0.0,3.319152521698202,114.38857034526993
tumor_1,count_only_same_m,random,9,97091,39.02326373841453,0.6738902366494697,0.5556548318877008,0.12556362613103883,2.5426610287662026,145.32588077178514
tumor_2,count_only_same_m,random,9,61019,39.76674145293739,0.6761155461096057,0.5519791649803324,0.20370885367734423,3.1680590972999516,114.38857034526993
tumor_1,count_distance_bins,tumor_1,0,97091,42.56116648281454,0.7353677494942096,0.5489318729541457,0.0,3.1153390705369555,149.03637223850848
tumor_2,count_distance_bins,tumor_1,0,61019,42.515201691934884,0.7229962462575997,0.5913992889907764,0.4287766615209018,3.877387572576408,110.4508737692716
tumor_1,count_distance_bins,tumor_2,0,97091,42.567146838750006,0.7354705055892544,0.6668667932010224,0.42804834809064013,3.7682418910903355,147.27988815426693
tumor_2,count_distance_bins,tumor_2,0,61019,42.509656398292826,0.7228954522808106,0.5479850918101093,0.0,3.5433141504260695,112.59527299302506
tumor_1,count_distance_bins,random,0,97091,42.56458724791234,0.7354383149646894,0.5785441985043258,0.17469575994741451,3.7682418910903355,144.09479619202546
tumor_2,count_distance_bins,random,0,61019,42.51392472949887,0.7229754320592033,0.5575193607009586,0.21465814619848936,3.877387572576408,110.4508737692716
tumor_1,count_distance_bins,tumor_1,1,97091,42.55881541431103,0.7353315257535809,0.5489318729541457,0.0,3.1153390705369555,149.3663144050451
tumor_2,count_distance_bins,tumor_1,1,61019,42.514701425845054,0.7229891991888187,0.5918855166437359,0.4287112151757504,3.877387572576408,110.4508737692716
tumor_1,count_distance_bins,tumor_2,1,97091,42.567834899755546,0.7354827806879021,0.666892919187883,0.42799168690901485,3.7682418910903355,147.27988815426693
tumor_2,count_distance_bins,tumor_2,1,61019,42.506889959286944,0.7228543825888912,0.5479850918101093,0.0,3.5433141504260695,114.38857034526993
tumor_1,count_distance_bins,random,1,97091,42.56032621483977,0.7353559919336126,0.5782293076616132,0.17514312639745894,3.7682418910903355,149.3663144050451
tumor_2,count_distance_bins,random,1,61019,42.51244471545962,0.7229270553532826,0.557611143745741,0.2151336522075026,3.877387572576408,112.59527299302506
tumor_1,count_distance_bins,tumor_1,2,97091,42.558082109587424,0.7353130592968062,0.5489318729541457,0.0,3.1153390705369555,149.03637223850848
tumor_2,count_distance_bins,tumor_1,2,61019,42.51936874716458,0.7230646857707352,0.5925339397547124,0.42933851109713306,3.877387572576408,110.4508737692716
tumor_1,count_distance_bins,tumor_2,2,97091,42.56700543818521,0.7354731036082367,0.6671638521776851,0.42812224549858247,3.7682418910903355,147.27988815426693
tumor_2,count_distance_bins,tumor_2,2,61019,42.51111770947613,0.7229178421778512,0.5479850918101093,0.0,3.5433141504260695,112.04511558035468
tumor_1,count_distance_bins,random,2,97091,42.564864561499746,0.7354440668751793,0.5784968733282604,0.17567862182728708,3.7682418910903355,144.22428681815236
tumor_2,count_distance_bins,random,2,61019,42.51519866642141,0.7229945110102667,0.5573544189601491,0.21323253526934294,3.5433141504260695,112.59527299302506
tumor_1,count_distance_bins,tumor_1,3,97091,42.55986016416544,0.7353419694510813,0.5489318729541457,0.0,3.1153390705369555,147.18086415799567
tumor_2,count_distance_bins,tumor_1,3,61019,42.51911796082423,0.723061152667238,0.5920772175289251,0.4289926968366977,3.877387572576408,110.4508737692716
tumor_1,count_distance_bins,tumor_2,3,97091,42.566930045302215,0.7354698388753947,0.6666471503550525,0.42779321804127357,3.7682418910903355,147.27988815426693
tumor_2,count_distance_bins,tumor_2,3,61019,42.508262125522066,0.7228712167219394,0.5479850918101093,0.0,3.5433141504260695,112.59527299302506
tumor_1,count_distance_bins,random,3,97091,42.558328036538256,0.7353220041549446,0.5787071175647627,0.1746086080640174,3.1153390705369555,147.27988815426693
tumor_2,count_distance_bins,random,3,61019,42.512204925608955,0.7229370138372263,0.5578855473848726,0.21382287283276785,3.5433141504260695,112.04511558035468
tumor_1,count_distance_bins,tumor_1,4,97091,42.558973777940174,0.735331756508149,0.5489318729541457,0.0,3.1153390705369555,149.3663144050451
tumor_2,count_distance_bins,tumor_1,4,61019,42.51978296495947,0.7230731077653494,0.5921445771998097,0.4289885822960162,3.877387572576408,110.4508737692716
tumor_1,count_distance_bins,tumor_2,4,97091,42.56763640198284,0.735481607104647,0.66684244231515,0.4278960851091703,3.7682418910903355,147.27988815426693
tumor_2,count_distance_bins,tumor_2,4,61019,42.5104721455472,0.7229097612285145,0.5479850918101093,0.0,3.5433141504260695,114.38857034526993
tumor_1,count_distance_bins,random,4,97091,42.563242022390995,0.7354036785789878,0.578384513336809,0.1751809828010959,3.1153390705369555,147.18086415799567
tumor_2,count_distance_bins,random,4,61019,42.514391790469176,0.7229687082418563,0.557490324003253,0.21442915753062655,3.5433141504260695,114.38857034526993
tumor_1,count_distance_bins,tumor_1,5,97091,42.55727374082925,0.7353032112118859,0.5489318729541457,0.0,3.1153390705369555,147.18086415799567
tumor_2,count_distance_bins,tumor_1,5,61019,42.51653342198226,0.7230174043288012,0.5918161401915697,0.42882220337278426,3.877387572576408,110.4508737692716
tumor_1,count_distance_bins,tumor_2,5,97091,42.56870427827346,0.7355025524859047,0.666990982666109,0.42801787994794005,3.7682418910903355,147.27988815426693
tumor_2,count_distance_bins,tumor_2,5,61019,42.50942867454933,0.7228822223672232,0.5479850918101093,0.0,3.5433141504260695,114.38857034526993
tumor_1,count_distance_bins,random,5,97091,42.56112780431152,0.7353738130025224,0.5786178871827894,0.1758618772581392,3.1153390705369555,143.1866415848616
tumor_2,count_distance_bins,random,5,61019,42.51930095445388,0.7230447754956116,0.5580201841139782,0.2125042537089616,3.877387572576408,112.59527299302506
tumor_1,count_distance_bins,tumor_1,6,97091,42.55841335833941,0.7353155982361916,0.5489318729541457,0.0,3.1153390705369555,149.03637223850848
tumor_2,count_distance_bins,tumor_1,6,61019,42.51935392627206,0.7230663896445397,0.5913621502863785,0.4285455616528676,3.877387572576408,110.4508737692716
tumor_1,count_distance_bins,tumor_2,6,97091,42.568749887408316,0.7355011771993969,0.6668458403382168,0.4280118414188868,3.7682418910903355,147.27988815426693
tumor_2,count_distance_bins,tumor_2,6,61019,42.510063833056,0.7228994187617833,0.5479850918101093,0.0,3.5433141504260695,114.38857034526993
tumor_1,count_distance_bins,random,6,97091,42.562753400767626,0.7354002593388224,0.5785063717656728,0.17534095523765628,3.8418135378407867,149.03637223850848
tumor_2,count_distance_bins,random,6,61019,42.51385442587148,0.7229583153876773,0.5585677453360143,0.21329151961317622,3.5433141504260695,114.38857034526993
tumor_1,count_distance_bins,tumor_1,7,97091,42.559198659258,0.7353347749692167,0.5489318729541457,0.0,3.1153390705369555,149.3663144050451
tumor_2,count_distance_bins,tumor_1,7,61019,42.51702049890077,0.7230216008111703,0.5917807961243338,0.4289989425065157,3.877387572576408,110.4508737692716
tumor_1,count_distance_bins,tumor_2,7,97091,42.56740261288772,0.7354753185058106,0.6666175352514666,0.4279375384544777,3.7682418910903355,147.27988815426693
tumor_2,count_distance_bins,tumor_2,7,61019,42.50748812675514,0.7228615790904601,0.5479850918101093,0.0,3.5433141504260695,109.22045331726413
tumor_1,count_distance_bins,random,7,97091,42.56115548735819,0.7353665895504384,0.579020625199982,0.1760890827828866,3.1153390705369555,147.18086415799567
tumor_2,count_distance_bins,random,7,61019,42.51322231677879,0.722949925451764,0.5592509740246427,0.21538085737511284,3.5433141504260695,112.59527299302506
tumor_1,count_distance_bins,tumor_1,8,97091,42.55838801927345,0.7353170335668981,0.5489318729541457,0.0,3.1153390705369555,149.03637223850848
tumor_2,count_distance_bins,tumor_1,8,61019,42.51344998420038,0.7229659306449138,0.5919435483068863,0.42876931347424907,3.877387572576408,110.4508737692716
tumor_1,count_distance_bins,tumor_2,8,97091,42.56845221287869,0.7354966546761105,0.6670696293760082,0.4281134142433107,3.7682418910903355,147.27988815426693
tumor_2,count_distance_bins,tumor_2,8,61019,42.51090724902089,0.7229116105070487,0.5479850918101093,0.0,3.5433141504260695,114.38857034526993
tumor_1,count_distance_bins,random,8,97091,42.564554607983204,0.7354302739532067,0.5777711654796176,0.1754690060413894,3.1153390705369555,149.3663144050451
tumor_2,count_distance_bins,random,8,61019,42.512506407122665,0.7229420582026632,0.5573938932706014,0.21306345972281107,3.877387572576408,114.38857034526993
tumor_1,count_distance_bins,tumor_1,9,97091,42.55821863237258,0.7353199271036149,0.5489318729541457,0.0,3.1153390705369555,149.03637223850848
tumor_2,count_distance_bins,tumor_1,9,61019,42.517762084056706,0.723035817775039,0.5919716991570558,0.42903814838351184,3.877387572576408,110.4508737692716
tumor_1,count_distance_bins,tumor_2,9,97091,42.56822139866188,0.735491355859552,0.6669877465831819,0.4280711780321411,3.7682418910903355,147.27988815426693
tumor_2,count_distance_bins,tumor_2,9,61019,42.50796727847468,0.7228642705822435,0.5479850918101093,0.0,3.5433141504260695,112.59527299302506
tumor_1,count_distance_bins,random,9,97091,42.567376955869626,0.7354798941265607,0.5782612537382016,0.17445561204619728,3.1153390705369555,147.18086415799567
tumor_2,count_distance_bins,random,9,61019,42.514655340730634,0.7229819804065023,0.5589728212206302,0.213886763707246,3.5433141504260695,112.59527299302506
