receiver,program,score,n_cells,evaluable,direction_reference,PCC,Spearman,MSE,MSE0,EV_percent,observed_mean,predicted_mean,observed_variance,predicted_variance,direction_agreement,direction_n
tumor_1,HALLMARK_ADIPOGENESIS,observed_z_mean,69784,True,observed_population_mean,0.6409299807162238,0.6097611575472534,0.12391759419140871,0.20810171707229547,40.45335332415389,-1.1505693159018016e-17,-0.03282812340458621,0.20810171707229547,0.09447363136065574,0.7498423707440101,69784.0
tumor_1,HALLMARK_ALLOGRAFT_REJECTION,observed_z_mean,69784,True,observed_population_mean,0.6799720506409881,0.6479626224780153,0.07401473396457037,0.1372637357526844,46.07844995714908,-1.970222678115032e-17,-0.008935362423285048,0.13726373575268438,0.06949296318657038,0.7701192250372578,69784.0
tumor_1,HALLMARK_ANDROGEN_RESPONSE,observed_z_mean,69784,True,observed_population_mean,0.664085574669913,0.6438980232517787,0.2049169364826974,0.35976042032063793,43.04072240629907,1.2422075800001751e-17,-0.051004752406172485,0.35976042032063793,0.18761434363203464,0.7563051702395964,69784.0
tumor_1,HALLMARK_ANGIOGENESIS,observed_z_mean,69784,True,observed_population_mean,0.6366133618508923,0.6047177211912972,0.15233309672639794,0.25563560578286854,40.4100628862372,-9.163826409837358e-18,-0.0027750739998041456,0.25563560578286854,0.11491358383618397,0.7423334861859452,69784.0
tumor_1,HALLMARK_APICAL_JUNCTION,observed_z_mean,69784,True,observed_population_mean,0.6595916852662302,0.620288410634081,0.10119225628294665,0.17686813305577176,42.78660913380155,-2.7491479229512073e-18,-0.022764870767735427,0.17686813305577176,0.09294034465682242,0.7602172417746188,69784.0
tumor_1,HALLMARK_APICAL_SURFACE,observed_z_mean,69784,True,observed_population_mean,0.6011709200741221,0.5715302012343161,0.18253443397620356,0.2857301823447392,36.11650247156175,6.41467848688615e-18,-0.008139618823769606,0.2857301823447392,0.10220434453728366,0.7282758225381176,69784.0
tumor_1,HALLMARK_APOPTOSIS,observed_z_mean,69784,True,observed_population_mean,0.6876205337587082,0.6615755682907505,0.13447778571624194,0.2530674975350214,46.86090192296153,7.331061127869886e-18,-0.021944721259446142,0.2530674975350214,0.13696776109926712,0.7700475753754442,69784.0
tumor_1,HALLMARK_BILE_ACID_METABOLISM,observed_z_mean,69784,True,observed_population_mean,0.656182690266931,0.6405197494819955,0.3485126015542267,0.6083666984570104,42.71339926426726,2.5964174827872514e-17,-0.04149632592495974,0.6083666984570104,0.2820596856857039,0.7413447208529176,69784.0
tumor_1,HALLMARK_CHOLESTEROL_HOMEOSTASIS,observed_z_mean,69784,True,observed_population_mean,0.6278360629755814,0.605795739295835,0.1848499187289912,0.3023965573392566,38.87168545982838,6.516498780328788e-18,-0.03431338593220647,0.3023965573392566,0.13470640192294359,0.7455863808322825,69784.0
tumor_1,HALLMARK_COAGULATION,observed_z_mean,69784,True,observed_population_mean,0.6818028401607694,0.6554489475556514,0.13777910524627773,0.25627208307305577,46.23717745838087,-6.923779954099337e-18,-0.01890393156021741,0.25627208307305577,0.13093983191964473,0.7628252894646337,69784.0
tumor_1,HALLMARK_COMPLEMENT,observed_z_mean,69784,True,observed_population_mean,0.6899708929274244,0.6640831413890569,0.12186943349172803,0.2313846218760691,47.330365992515276,2.0873160155740648e-18,-0.018732173884732133,0.2313846218760691,0.12168191142573319,0.7695316978103863,69784.0
tumor_1,HALLMARK_DNA_REPAIR,observed_z_mean,69784,False,observed_population_mean,,,,,,,,,,,
tumor_1,HALLMARK_E2F_TARGETS,observed_z_mean,69784,True,observed_population_mean,0.608732865591107,0.6043971304033187,0.22255695819006371,0.3524307537168028,36.85086904507197,6.720139367214062e-18,-0.0096027453286664,0.3524307537168028,0.14935427767590795,0.7441533875960106,69784.0
tumor_1,HALLMARK_EPITHELIAL_MESENCHYMAL_TRANSITION,observed_z_mean,69784,True,observed_population_mean,0.6814511151947379,0.6455573383208184,0.10016961841372991,0.18592184642908838,46.12272826586027,-5.091014672131865e-19,-0.012362348731782867,0.18592184642908838,0.09899179408389391,0.7695746876074745,69784.0
tumor_1,HALLMARK_ESTROGEN_RESPONSE_EARLY,observed_z_mean,69784,True,observed_population_mean,0.6579827670733118,0.626446390701758,0.13017615982922187,0.22749168459503427,42.777618416711405,-3.970991444262855e-18,-0.022870540465323507,0.22749168459503427,0.1151690324041741,0.7583256907027399,69784.0
tumor_1,HALLMARK_ESTROGEN_RESPONSE_LATE,observed_z_mean,69784,True,observed_population_mean,0.6651126813998507,0.6306186605890041,0.12094897978284373,0.21473909119797882,43.67631011750219,-4.581913204918679e-19,-0.01996710815884356,0.21473909119797882,0.1133061289458602,0.7617648744697925,69784.0
tumor_1,HALLMARK_FATTY_ACID_METABOLISM,observed_z_mean,69784,True,observed_population_mean,0.6633713644993371,0.6442645105803015,0.23862029243623026,0.4224488667745337,43.514988155102586,-2.56587139475446e-17,-0.025024493132510456,0.4224488667745337,0.22017419080863215,0.7530952653903473,69784.0
tumor_1,HALLMARK_G2M_CHECKPOINT,observed_z_mean,69784,True,observed_population_mean,0.6137938876823805,0.6073469486520437,0.1959865565806018,0.31339626152231626,37.46365842764017,7.458336494673183e-18,-0.010278234506062836,0.31339626152231626,0.13480670105569204,0.7457869998853606,69784.0
tumor_1,HALLMARK_GLYCOLYSIS,observed_z_mean,69784,True,observed_population_mean,0.6769235740720063,0.6525819003945297,0.1917825137056281,0.35219709346249,45.54682100860282,-1.1912974332788566e-17,-0.0132544021815095,0.35219709346249,0.18484145549720352,0.7614639458901754,69784.0
tumor_1,HALLMARK_HEDGEHOG_SIGNALING,observed_z_mean,69784,True,observed_population_mean,0.538725126588932,0.49353320015696417,0.2707489464776738,0.3810620476925449,28.948855411566953,7.025600247541975e-18,0.005649789017126331,0.3810620476925449,0.12132956510863607,0.6906454201536169,69784.0
tumor_1,HALLMARK_HEME_METABOLISM,observed_z_mean,69784,True,observed_population_mean,0.6137985397094016,0.579483217382538,0.1901959457658603,0.30465210177085306,37.569462130637795,2.64732762950857e-18,-0.008584163058227125,0.30465210177085306,0.12568275445146282,0.7331336696090794,69784.0
tumor_1,HALLMARK_HYPOXIA,observed_z_mean,69784,True,observed_population_mean,0.678517392494322,0.6494241634624159,0.15222110410622025,0.2799619759953584,45.62793623490356,-1.634215709754329e-17,-0.026596451472111832,0.2799619759953584,0.1444334126450451,0.7653330276281096,69784.0
tumor_1,HALLMARK_IL2_STAT5_SIGNALING,observed_z_mean,69784,True,observed_population_mean,0.6687009324320786,0.6328054000877102,0.08835284537169724,0.15886299601050258,44.38425083846703,1.170933374590329e-18,-0.015330819168286233,0.15886299601050258,0.08044054906445972,0.7643012724979938,69784.0
tumor_1,HALLMARK_IL6_JAK_STAT3_SIGNALING,observed_z_mean,69784,True,observed_population_mean,0.6671200914398977,0.6316486292423112,0.10515742886125146,0.1888239225991253,44.30926578911216,-6.41467848688615e-18,-0.0032373363779830485,0.1888239225991253,0.095379608513206,0.7629685887882609,69784.0
tumor_1,HALLMARK_INFLAMMATORY_RESPONSE,observed_z_mean,69784,True,observed_population_mean,0.6730474732399684,0.6351581133643133,0.07481915186162841,0.13646670925169674,45.17406313093304,-2.9018783631151633e-18,-0.008422040667282102,0.13646670925169674,0.06689014094835213,0.7671242691734494,69784.0
tumor_1,HALLMARK_INTERFERON_ALPHA_RESPONSE,observed_z_mean,69784,True,observed_population_mean,0.6581256269358139,0.6445977769558583,0.16103470212319748,0.2838569025749807,43.26905540700733,-2.0364058688527461e-19,-0.006848312349805992,0.2838569025749807,0.12920412067500484,0.7578957927318583,69784.0
tumor_1,HALLMARK_INTERFERON_GAMMA_RESPONSE,observed_z_mean,69784,True,observed_population_mean,0.6762540721648916,0.6581320234280497,0.11652173972850657,0.21411621551488924,45.58014233144155,1.3185728000821532e-17,-0.0009604142249164144,0.21411621551488924,0.10951121743148078,0.7643156024303566,69784.0
tumor_1,HALLMARK_KRAS_SIGNALING_DN,observed_z_mean,69784,True,observed_population_mean,0.6121373145539648,0.5733301354656811,0.10591126290111193,0.1685993060161965,37.18167327987841,3.258249390164394e-18,-0.004545990838038536,0.1685993060161965,0.07451276525927289,0.7344520233864497,69784.0
tumor_1,HALLMARK_KRAS_SIGNALING_UP,observed_z_mean,69784,True,observed_population_mean,0.6717671807321813,0.6265342857277235,0.07610343201255967,0.1381884805963076,44.9278031828992,-2.494597189344614e-18,-0.015756616497616185,0.1381884805963076,0.06499020926397124,0.767052619511636,69784.0
tumor_1,HALLMARK_MITOTIC_SPINDLE,observed_z_mean,69784,True,observed_population_mean,0.5658746476667882,0.5483365577697802,0.25963072682487515,0.38122090985677853,31.894940673003426,1.3643919321313399e-17,0.011376378870774431,0.38122090985677853,0.1355484988374748,0.7224005502694028,69784.0
tumor_1,HALLMARK_MTORC1_SIGNALING,observed_z_mean,69784,True,observed_population_mean,0.6744907725573285,0.6542314199449846,0.21110274816884006,0.38361894113597916,44.970718196625306,-1.6902168711477795e-17,-0.03944697188605852,0.38361894113597916,0.192707153738934,0.7624383812908403,69784.0
tumor_1,HALLMARK_MYC_TARGETS_V1,observed_z_mean,69784,True,observed_population_mean,0.665897323660606,0.6514385349336637,0.31533799260186574,0.5630270772282484,43.99239302055285,-1.934585575410109e-17,-0.035570323658763635,0.5630270772282484,0.27685022718810404,0.7565344491574,69784.0
tumor_1,HALLMARK_MYC_TARGETS_V2,observed_z_mean,69784,False,observed_population_mean,,,,,,,,,,,
tumor_1,HALLMARK_MYOGENESIS,observed_z_mean,69784,True,observed_population_mean,0.6639056985328201,0.6256530424219642,0.10734239611281779,0.19072895667254075,43.71992696572441,-1.4153020788526586e-17,-0.006864180590895099,0.19072895667254075,0.09930388799626574,0.7612633268370973,69784.0
tumor_1,HALLMARK_NOTCH_SIGNALING,observed_z_mean,69784,True,observed_population_mean,0.5561976030264489,0.5026175230776488,0.14883660584588668,0.21266368980987155,30.013155523187063,6.312858193443513e-18,-0.022425511202427785,0.21266368980987155,0.08684029853036729,0.7120400091711567,69784.0
tumor_1,HALLMARK_OXIDATIVE_PHOSPHORYLATION,observed_z_mean,69784,True,observed_population_mean,0.616763270153297,0.5999757979372663,0.3605357801862703,0.5776482687554723,37.58558630097949,-1.629124695082197e-18,-0.04417755129735062,0.5776482687554723,0.24470106434448252,0.7363435744583285,69784.0
tumor_1,HALLMARK_P53_PATHWAY,observed_z_mean,69784,True,observed_population_mean,0.6716320079748571,0.6444105954450614,0.15141926721470125,0.2737492065385315,44.68686535046148,-1.018202934426373e-18,-0.022156744611388092,0.2737492065385315,0.14226755254110268,0.7603462111658833,69784.0
tumor_1,HALLMARK_PANCREAS_BETA_CELLS,observed_z_mean,69784,True,observed_population_mean,0.44322172761307094,0.412337609629468,0.22426113133827877,0.2777939076491744,19.270680470970625,-7.96743796188637e-18,-0.024785910162994758,0.2777939076491744,0.06461884048993884,0.6809440559440559,69784.0
tumor_1,HALLMARK_PEROXISOME,observed_z_mean,69784,False,observed_population_mean,,,,,,,,,,,
tumor_1,HALLMARK_PI3K_AKT_MTOR_SIGNALING,observed_z_mean,69784,True,observed_population_mean,0.6659091112674971,0.6418179656495071,0.20925130227754885,0.3737220779016775,44.008846506360065,1.0309304711067027e-17,-0.03007512525308989,0.3737220779016775,0.1812152193610425,0.7585979594176315,69784.0
tumor_1,HALLMARK_PROTEIN_SECRETION,observed_z_mean,69784,True,observed_population_mean,0.6467781301554395,0.627556556198941,0.30552051843460476,0.5223459046611619,41.50992365245183,1.9142215167215814e-17,-0.02719841899160493,0.5223459046611619,0.24817091035804453,0.7467184454889373,69784.0
tumor_1,HALLMARK_REACTIVE_OXYGEN_SPECIES_PATHWAY,observed_z_mean,69784,True,observed_population_mean,0.6408207312228058,0.6189711703635836,0.27982523217339184,0.47219959513342313,40.74005249955258,4.072811737705492e-18,-0.024784184540678073,0.47219959513342313,0.22155348293859925,0.7439957583400206,69784.0
tumor_1,HALLMARK_SPERMATOGENESIS,observed_z_mean,69784,True,observed_population_mean,0.5188331391503276,0.46157821262296383,0.20118700696651567,0.27458122126966167,26.729509747160296,1.4662122255739772e-17,0.00734465100427883,0.27458122126966167,0.08611449502773828,0.6907027398830677,69784.0
tumor_1,HALLMARK_TGF_BETA_SIGNALING,observed_z_mean,69784,True,observed_population_mean,0.5982832321212722,0.5543971930949254,0.16005197490242795,0.24632525261207908,35.02413041082599,6.669229220492744e-18,-0.0358122182920234,0.24632525261207908,0.10350719752450309,0.7349679009515075,69784.0
tumor_1,HALLMARK_TNFA_SIGNALING_VIA_NFKB,observed_z_mean,69784,True,observed_population_mean,0.6710378654712736,0.6377916048978509,0.09978834935813155,0.17952073203230287,44.414024927117794,-3.4109798303283498e-18,-0.02835425960769167,0.17952073203230287,0.09099222022953836,0.7666657113378424,69784.0
tumor_1,HALLMARK_UNFOLDED_PROTEIN_RESPONSE,observed_z_mean,69784,True,observed_population_mean,0.5860528764617859,0.5653740443744568,0.2319762183671872,0.35031156633034327,33.78002879058981,-2.6982377762298886e-18,-0.03600191652458128,0.35031156633034327,0.13917071283183458,0.7257250945775536,69784.0
tumor_1,HALLMARK_UV_RESPONSE_DN,observed_z_mean,69784,True,observed_population_mean,0.649509948454329,0.6156820156001381,0.11409046371448721,0.19600946085140578,41.79338935023199,1.6545797684428562e-17,-0.02381806270672021,0.19600946085140578,0.09108366376364889,0.7589132179296114,69784.0
tumor_1,HALLMARK_UV_RESPONSE_UP,observed_z_mean,69784,True,observed_population_mean,0.651327139462148,0.6250634728601694,0.17377252562219306,0.3000043708214401,42.07666870106339,-8.552904649181534e-18,-0.026551966467314718,0.3000043708214401,0.14062545025692239,0.7538404218732088,69784.0
tumor_1,HALLMARK_WNT_BETA_CATENIN_SIGNALING,observed_z_mean,69784,True,observed_population_mean,0.5964831715356552,0.5482857204390847,0.14240716129342443,0.21987855747537335,35.2337204097884,2.082225000901933e-17,-0.005243693509979853,0.21987855747537335,0.09409982908674475,0.7283474721999312,69784.0
tumor_1,HALLMARK_XENOBIOTIC_METABOLISM,observed_z_mean,69784,True,observed_population_mean,0.6473968380408459,0.6223872616513937,0.14005172165886132,0.23969015681254785,41.56968165847953,1.28293569737723e-17,-0.010793008425401549,0.23969015681254785,0.11799149156315406,0.7484237074401009,69784.0
tumor_1,HALLMARK_ADIPOGENESIS,raw_mean,69784,True,original_target_zero,0.6760724000212737,0.6527557728677924,0.027226470210646433,0.04968489980222057,45.201720605201665,0.0011730343539222224,-0.012395294121124648,0.04968352379262509,0.025260217905486663,0.7595723948182964,69784.0
tumor_1,HALLMARK_ALLOGRAFT_REJECTION,raw_mean,69784,True,original_target_zero,0.6871948044085592,0.6625588929236802,0.012258748519183519,0.02313270002303436,47.0068409352264,0.0008169472446775031,-0.003931050594396446,0.02313203262023377,0.012057216284146376,0.7668376705261951,69784.0
tumor_1,HALLMARK_ANDROGEN_RESPONSE,raw_mean,69784,True,original_target_zero,0.6702558548380948,0.6536159587318632,0.0984487602958736,0.1765572723565505,44.239759154717696,0.002704796656262037,-0.026968624876433204,0.1765499564315988,0.08991057749085837,0.7544709388971684,69784.0
tumor_1,HALLMARK_ANGIOGENESIS,raw_mean,69784,True,original_target_zero,0.6470827426985247,0.6227096965748873,0.05337295128328446,0.09143348672584437,41.62647275683714,0.0022137118657550576,-0.008753191422617447,0.09142858620561976,0.042431692792977684,0.7445259658374412,69784.0
tumor_1,HALLMARK_APICAL_JUNCTION,raw_mean,69784,True,original_target_zero,0.6688859970889314,0.635598971825397,0.014930884611476215,0.026741273031641963,44.16539334604958,0.0005079100350338758,-0.007579696998430226,0.026741015059038274,0.014112120843980423,0.7624383812908403,69784.0
tumor_1,HALLMARK_APICAL_SURFACE,raw_mean,69784,True,original_target_zero,0.628510625123689,0.600631005185634,0.04450781280131083,0.07327989951390732,39.26327260743039,0.0022992875908630474,-0.010479600607866423,0.07327461279048182,0.030289308141031618,0.7369311016852,69784.0
tumor_1,HALLMARK_APOPTOSIS,raw_mean,69784,True,original_target_zero,0.6918329841871617,0.6688828629236246,0.04228709086428214,0.0804394637510375,47.42991947937156,0.0016671595313883438,-0.011772891596736085,0.0804366843301344,0.04377683358087169,0.7691017998395048,69784.0
tumor_1,HALLMARK_BILE_ACID_METABOLISM,raw_mean,69784,True,original_target_zero,0.6596241235182021,0.6456023915609943,0.30110559440107476,0.5300843070848246,43.19665940367263,0.0034735702872565836,-0.03495080968169266,0.5300722413942841,0.24418963784437356,0.7406712140318698,69784.0
tumor_1,HALLMARK_CHOLESTEROL_HOMEOSTASIS,raw_mean,69784,True,original_target_zero,0.649443186104144,0.6304530497034154,0.04864009249072227,0.08330700847592049,41.613444798247116,0.0018663828037284262,-0.015617066787818922,0.08330352509115041,0.040137193938980506,0.752350108907486,69784.0
tumor_1,HALLMARK_COAGULATION,raw_mean,69784,True,original_target_zero,0.6841980561207942,0.6643014265420151,0.06935071778550583,0.1297140336731518,46.53568636971618,0.001586076634348152,-0.014962546130587697,0.12971151803406178,0.06539993963962376,0.7546715579502464,69784.0
tumor_1,HALLMARK_COMPLEMENT,raw_mean,69784,True,original_target_zero,0.6942129111865705,0.6732722083858979,0.05049419089937039,0.09674391427637455,47.80633874796466,0.0016333539737516344,-0.014368619613203406,0.09674124643117098,0.051463791786245855,0.7633411670296916,69784.0
tumor_1,HALLMARK_DNA_REPAIR,raw_mean,69784,False,original_target_zero,,,,,,,,,,,
tumor_1,HALLMARK_E2F_TARGETS,raw_mean,69784,True,original_target_zero,0.626727719444147,0.6209636870542967,0.07303655104866251,0.11994775348855655,39.109696576659545,0.0010884020006519666,-0.0018380212917359382,0.1199465688696415,0.05336971485530698,0.7469047346096527,69784.0
tumor_1,HALLMARK_EPITHELIAL_MESENCHYMAL_TRANSITION,raw_mean,69784,True,original_target_zero,0.6835404703862247,0.6524485881529218,0.022921839957365617,0.04276912234583027,46.40563401787842,0.0010565746877803006,-0.005161920587450454,0.042768005995759396,0.02287236748444536,0.766894990255646,69784.0
tumor_1,HALLMARK_ESTROGEN_RESPONSE_EARLY,raw_mean,69784,True,original_target_zero,0.663815148230492,0.6384779251406393,0.03204460714146624,0.05682278827969273,43.60606349738331,0.0013287553509281557,-0.010924318913738284,0.05682102268891012,0.028494009710517538,0.7559469219305285,69784.0
tumor_1,HALLMARK_ESTROGEN_RESPONSE_LATE,raw_mean,69784,True,original_target_zero,0.6701186306131145,0.642141015270889,0.030005304362782797,0.05397014519601013,44.40388430713169,0.0011776202358324205,-0.0097648517210147,0.05396875840659028,0.028225278687624474,0.7584546600940043,69784.0
tumor_1,HALLMARK_FATTY_ACID_METABOLISM,raw_mean,69784,True,original_target_zero,0.6728521039674951,0.6552231148059302,0.13354744214944433,0.24248958158173917,44.92652373832905,0.0027847717883782274,-0.013227678257767718,0.24248182662782578,0.12643542588918058,0.7562335205777829,69784.0
tumor_1,HALLMARK_G2M_CHECKPOINT,raw_mean,69784,True,original_target_zero,0.6217348565427133,0.6175001237970902,0.060405301548886896,0.0981926484977406,38.48286763517046,0.0009810992156737823,-0.004797056064050447,0.09819168594206963,0.042647774377117274,0.7452424624555772,69784.0
tumor_1,HALLMARK_GLYCOLYSIS,raw_mean,69784,True,original_target_zero,0.6828831115632555,0.6611852826347187,0.09395007394380755,0.17540638785768325,46.43862456136183,0.00222125908394297,-0.008553455012279308,0.17540145386576522,0.09064723448423273,0.7613063166341855,69784.0
tumor_1,HALLMARK_HEDGEHOG_SIGNALING,raw_mean,69784,True,original_target_zero,0.5619786863488301,0.5182190369691448,0.05918533928831724,0.08639951813481948,31.498067852689537,0.001294049981477153,-0.003691068795857374,0.08639784356946494,0.029643211143766817,0.7040868967098475,69784.0
tumor_1,HALLMARK_HEME_METABOLISM,raw_mean,69784,True,original_target_zero,0.6328170072675198,0.6036456554008819,0.05000480296110737,0.08314338450956119,39.85714767798875,0.0015030054157565865,-0.008045320977089005,0.0831411254842814,0.036348204457264485,0.7391235813366961,69784.0
tumor_1,HALLMARK_HYPOXIA,raw_mean,69784,True,original_target_zero,0.680369020047812,0.6555527666675439,0.057972734051348826,0.107253800758922,45.94808422532633,0.0018552937703023545,-0.013199096664919498,0.10725035864394791,0.05510158135944956,0.7624957010202912,69784.0
tumor_1,HALLMARK_IL2_STAT5_SIGNALING,raw_mean,69784,True,original_target_zero,0.6774063885203735,0.6479405100371688,0.015809494867139857,0.029049729044837932,45.577823315535646,0.0009044888691349628,-0.004184652723362337,0.029048910944723543,0.01525096143144005,0.7641866330390921,69784.0
tumor_1,HALLMARK_IL6_JAK_STAT3_SIGNALING,raw_mean,69784,True,original_target_zero,0.6645735316314461,0.6350219267787814,0.020502467741404493,0.036578743923065885,43.94977644796596,0.0009532800123857726,-0.0026067673229289334,0.03657783518028387,0.01830018292280553,0.7590135274561504,69784.0
tumor_1,HALLMARK_INFLAMMATORY_RESPONSE,raw_mean,69784,True,original_target_zero,0.6774443911181806,0.645693426776853,0.009453249299564108,0.017411905279198836,45.70812815724739,0.00035289598419189924,-0.002886929760503851,0.017411780743623175,0.008846871958468375,0.7679267453857618,69784.0
tumor_1,HALLMARK_INTERFERON_ALPHA_RESPONSE,raw_mean,69784,True,original_target_zero,0.675922177968846,0.6613904647969199,0.05632766162386684,0.10360591614908814,45.63277492492633,0.001591780971481942,-0.002997993540442152,0.10360338238242695,0.050001354300530106,0.7592284764415912,69784.0
tumor_1,HALLMARK_INTERFERON_GAMMA_RESPONSE,raw_mean,69784,True,original_target_zero,0.6837692116113825,0.667103580824461,0.03618229869454879,0.06773514267057092,46.58267884586738,0.0012353652403745742,-0.0037445592163263966,0.06773361654329378,0.035175547107799965,0.7635847758798578,69784.0
tumor_1,HALLMARK_KRAS_SIGNALING_DN,raw_mean,69784,True,original_target_zero,0.6361076921674356,0.6077478877102636,0.015681219248155305,0.026226282263796266,40.20799787622875,0.0008743092798756273,-0.0013847288067237527,0.026225517847079393,0.012300295200822601,0.7409721426114869,69784.0
tumor_1,HALLMARK_KRAS_SIGNALING_UP,raw_mean,69784,True,original_target_zero,0.6805368375063,0.6402147751701963,0.010579138320900993,0.019647439268783984,46.15512904162927,0.0004847515919862066,-0.0031520697359158347,0.019647204284678046,0.00992486126326367,0.7665940616760288,69784.0
tumor_1,HALLMARK_MITOTIC_SPINDLE,raw_mean,69784,True,original_target_zero,0.5764794927545485,0.5575871973180127,0.06065351985537853,0.0907131313762773,33.13700129721215,0.0009233106724728191,0.003940163105048357,0.09071227887367939,0.03329991018794507,0.7272440674080018,69784.0
tumor_1,HALLMARK_MTORC1_SIGNALING,raw_mean,69784,True,original_target_zero,0.6808345388172898,0.6617108011600519,0.10067490694944226,0.18627590133898134,45.95387474935044,0.002283186391061865,-0.021106424817199338,0.18627068839888497,0.09485971918915644,0.7618221941992434,69784.0
tumor_1,HALLMARK_MYC_TARGETS_V1,raw_mean,69784,True,original_target_zero,0.6707875676098748,0.6564008305358409,0.20426605711664406,0.36934851140902547,44.69557861831075,0.00344776425686136,-0.024393212481310347,0.3693366243306545,0.18154800798525456,0.7569500171959188,69784.0
tumor_1,HALLMARK_MYC_TARGETS_V2,raw_mean,69784,False,original_target_zero,,,,,,,,,,,
tumor_1,HALLMARK_MYOGENESIS,raw_mean,69784,True,original_target_zero,0.6740188509807888,0.6426824119882267,0.021813867178180943,0.03969050082405599,45.040080812082394,0.0009314309626328606,-0.005640936984387353,0.039689633260417835,0.02098651408107734,0.7616645649432535,69784.0
tumor_1,HALLMARK_NOTCH_SIGNALING,raw_mean,69784,True,original_target_zero,0.5601926468790414,0.5075036710481365,0.015459629228008498,0.022266051076352614,30.5686079000007,0.0002747055509922515,-0.006866488745629086,0.022265975613212866,0.009024176895248072,0.7122119683595094,69784.0
tumor_1,HALLMARK_OXIDATIVE_PHOSPHORYLATION,raw_mean,69784,True,original_target_zero,0.6259855222200098,0.6094795488910881,0.16124747645689486,0.2634999083265444,38.80549049107539,0.0027157090936508815,-0.02485900895564118,0.263492533250663,0.11358162674656629,0.7401983262639,69784.0
tumor_1,HALLMARK_P53_PATHWAY,raw_mean,69784,True,original_target_zero,0.6759816808847913,0.6526658129947965,0.05124827183312299,0.09359241685659433,45.243136619019644,0.0016668920254345565,-0.01390560130364902,0.09358963832756986,0.0485281631310916,0.7599306431273645,69784.0
tumor_1,HALLMARK_PANCREAS_BETA_CELLS,raw_mean,69784,True,original_target_zero,0.4895005363583353,0.4395079599023346,0.019355872790568013,0.025306925911331633,23.515511688833477,0.0004558100818752404,-0.007092497975390937,0.025306718148500888,0.007284532157783573,0.648529748939585,69784.0
tumor_1,HALLMARK_PEROXISOME,raw_mean,69784,False,original_target_zero,,,,,,,,,,,
tumor_1,HALLMARK_PI3K_AKT_MTOR_SIGNALING,raw_mean,69784,True,original_target_zero,0.6724825437231143,0.6512894642076332,0.08537190462087145,0.15479107018906896,44.847009251506385,0.002409099509004431,-0.018397713861469562,0.15478526642862467,0.0766900874303085,0.7603032213687951,69784.0
tumor_1,HALLMARK_PROTEIN_SECRETION,raw_mean,69784,True,original_target_zero,0.6559875483606916,0.636621823510993,0.1610497748577182,0.2809251156683983,42.6716352952151,0.002886158930346784,-0.021912103471460907,0.280916785755027,0.13522904758510762,0.7482804081164737,69784.0
tumor_1,HALLMARK_REACTIVE_OXYGEN_SPECIES_PATHWAY,raw_mean,69784,True,original_target_zero,0.659313342492996,0.6382836128618508,0.14616979177171618,0.2575189880021794,43.23921785119818,0.003064668971795463,-0.010583933745321938,0.25750959580627286,0.12592867257442855,0.7490255645993351,69784.0
tumor_1,HALLMARK_SPERMATOGENESIS,raw_mean,69784,True,original_target_zero,0.5243680903186677,0.4640954883045196,0.02086670573963471,0.028703733870970687,27.303166084820408,0.0007062445614587689,0.0020640642912715394,0.0287032350895901,0.009250941247338341,0.6955462570216668,69784.0
tumor_1,HALLMARK_TGF_BETA_SIGNALING,raw_mean,69784,True,original_target_zero,0.6046042144828722,0.5631826779333305,0.022396988528522378,0.03496064989517376,35.93657842266189,0.0007733005479834031,-0.011622997505772878,0.034960051901436244,0.014633786743301366,0.7302533532041728,69784.0
tumor_1,HALLMARK_TNFA_SIGNALING_VIA_NFKB,raw_mean,69784,True,original_target_zero,0.6721209037935517,0.6438131132986445,0.020551519381547874,0.03712867877137835,44.64785696228283,0.0008699835272216002,-0.00991892092610752,0.03712792190004072,0.01916302086032413,0.7627966295999082,69784.0
tumor_1,HALLMARK_UNFOLDED_PROTEIN_RESPONSE,raw_mean,69784,True,original_target_zero,0.6177004546187488,0.5939020483574659,0.078202034439234,0.12534693569561958,37.611530744451315,0.0016436847118415797,-0.019995796409648926,0.12534423399618763,0.05445556985365751,0.730453972257251,69784.0
tumor_1,HALLMARK_UV_RESPONSE_DN,raw_mean,69784,True,original_target_zero,0.6598685754005729,0.6318301691942415,0.02049278339641869,0.03608324783652273,43.20693223275674,0.0008009289113403429,-0.007463917288461715,0.036082606349401705,0.01759289789046381,0.7590995070503267,69784.0
tumor_1,HALLMARK_UV_RESPONSE_UP,raw_mean,69784,True,original_target_zero,0.6631040802016628,0.6394842083542323,0.052925006277257006,0.0938791762330474,43.62433885670769,0.001912229592465499,-0.011224119454857873,0.09387551961103309,0.04648549947451128,0.7562335205777829,69784.0
tumor_1,HALLMARK_WNT_BETA_CATENIN_SIGNALING,raw_mean,69784,True,original_target_zero,0.6036565341019494,0.5583964159062645,0.017675637297926858,0.027674293178371747,36.12976062658441,0.0007168448401555325,-0.002714073466280628,0.027673779311846884,0.011891703450740886,0.7322022240055027,69784.0
tumor_1,HALLMARK_XENOBIOTIC_METABOLISM,raw_mean,69784,True,original_target_zero,0.6631048795171056,0.6443012333588198,0.052164868923869824,0.09264329928248399,43.692777213373056,0.0015866816969217496,-0.007029863931970936,0.09264078172367662,0.046406163378208985,0.7494268027054912,69784.0
tumor_2,HALLMARK_ADIPOGENESIS,observed_z_mean,6969,True,observed_population_mean,0.6423457465675757,0.6310498417841605,0.12519892015316503,0.21170616189483837,40.861938531881,6.117457905812313e-18,-0.007014197127684211,0.21170616189483837,0.10481596461334057,0.7524752475247525,6969.0
tumor_2,HALLMARK_ALLOGRAFT_REJECTION,observed_z_mean,6969,True,observed_population_mean,0.6852477152039883,0.6678782251272619,0.07644168104058803,0.14286765212917923,46.49475937949175,5.862563826403467e-18,0.013995144347134812,0.14286765212917923,0.07870452675254057,0.7798823360596929,6969.0
tumor_2,HALLMARK_ANDROGEN_RESPONSE,observed_z_mean,6969,True,observed_population_mean,0.6829975783050181,0.6702892591851224,0.20063415590837005,0.37337288568968213,46.26440119298828,-1.0195763176353856e-17,-0.022554590291483708,0.37337288568968213,0.20049379819130364,0.7676854641985937,6969.0
tumor_2,HALLMARK_ANGIOGENESIS,observed_z_mean,6969,True,observed_population_mean,0.6491841570789014,0.6364303736229019,0.15394073858902335,0.26410608683493103,41.712536642429654,-1.1725127652806934e-17,0.028427744416868607,0.26410608683493103,0.1237831827788103,0.7537666810159277,6969.0
tumor_2,HALLMARK_APICAL_JUNCTION,observed_z_mean,6969,True,observed_population_mean,0.661968282701744,0.6399745261427837,0.10199065405036732,0.17895530215231883,43.00774951973349,-1.1470233573398088e-17,-0.002057204704410115,0.17895530215231883,0.10119269337873842,0.7623762376237624,6969.0
tumor_2,HALLMARK_APICAL_SURFACE,observed_z_mean,6969,True,observed_population_mean,0.6095963982571202,0.5935666445232207,0.18144450817014934,0.28681175298553635,36.73742227038394,2.1411102670343097e-17,0.032987672899935955,0.28681175298553635,0.11403799789591555,0.7346821638685608,6969.0
tumor_2,HALLMARK_APOPTOSIS,observed_z_mean,6969,True,observed_population_mean,0.6943884565198042,0.6780364763905194,0.13582657357286182,0.2606181285294365,47.882914231916,7.137034223447699e-18,0.009687693310369325,0.2606181285294365,0.14622009052447477,0.774429616874731,6969.0
tumor_2,HALLMARK_BILE_ACID_METABOLISM,observed_z_mean,6969,True,observed_population_mean,0.6649047330689364,0.654428996139866,0.3169813331962355,0.5635211191938893,43.74987513339805,0.0,-0.041383050337883885,0.5635211191938893,0.2796140594198286,0.7510403214234467,6969.0
tumor_2,HALLMARK_CHOLESTEROL_HOMEOSTASIS,observed_z_mean,6969,True,observed_population_mean,0.6430525512178212,0.6244582849293198,0.1737224130618161,0.29474957163416915,41.0610125406957,-3.0587289529061567e-18,-0.0013953110914426104,0.29474957163416915,0.14315207385277123,0.7507533362031855,6969.0
tumor_2,HALLMARK_COAGULATION,observed_z_mean,6969,True,observed_population_mean,0.6851779189095617,0.6720195584742197,0.13965370777135178,0.262625454620622,46.82400151459431,-2.039152635270771e-18,0.002425892722062475,0.262625454620622,0.13611121814017377,0.7714162720619888,6969.0
tumor_2,HALLMARK_COMPLEMENT,observed_z_mean,6969,True,observed_population_mean,0.6943928878362661,0.6820390674747729,0.12163138312495651,0.23367614949268062,47.94873871851164,-1.274470397044232e-17,0.007512141449094672,0.23367614949268062,0.1293191624780131,0.7830391734825657,6969.0
tumor_2,HALLMARK_DNA_REPAIR,observed_z_mean,6969,False,observed_population_mean,,,,,,,,,,,
tumor_2,HALLMARK_E2F_TARGETS,observed_z_mean,6969,True,observed_population_mean,0.6494354446543626,0.643527930368159,0.17087946463236614,0.28327596253935056,39.67738628418609,-6.117457905812313e-18,0.0357834751117921,0.28327596253935056,0.17792091384713385,0.7596498780312814,6969.0
tumor_2,HALLMARK_EPITHELIAL_MESENCHYMAL_TRANSITION,observed_z_mean,6969,True,observed_population_mean,0.6823264536222192,0.664863878556957,0.10461560738616393,0.19407902462377788,46.0963864647603,-1.401917436748655e-17,0.01901791445613084,0.19407902462377788,0.10475793800644412,0.7752905725355144,6969.0
tumor_2,HALLMARK_ESTROGEN_RESPONSE_EARLY,observed_z_mean,6969,True,observed_population_mean,0.668213008963781,0.6486644356025355,0.13276760268521082,0.23847306686842934,44.325954948001936,1.0705551335171548e-17,0.0005308727125829607,0.23847306686842934,0.1254177163484023,0.7688334050796384,6969.0
tumor_2,HALLMARK_ESTROGEN_RESPONSE_LATE,observed_z_mean,6969,True,observed_population_mean,0.6729675676111226,0.6521247983268824,0.12632687369814494,0.2286940795186533,44.76163354817362,5.097881588176928e-18,0.0063850182065530205,0.2286940795186533,0.12669831195887646,0.7695508681302913,6969.0
tumor_2,HALLMARK_FATTY_ACID_METABOLISM,observed_z_mean,6969,True,observed_population_mean,0.6865492247341836,0.6772047714768993,0.22879154002886903,0.43020625328593104,46.818174240529764,5.6076697469946206e-18,-0.004267572275529029,0.43020625328593104,0.23714839843176086,0.7688334050796384,6969.0
tumor_2,HALLMARK_G2M_CHECKPOINT,observed_z_mean,6969,True,observed_population_mean,0.6556298708114718,0.6425048866301771,0.15214599497167894,0.25741658326271327,40.89502974390646,-5.097881588176928e-18,0.038231173932944396,0.25741658326271327,0.1562141832920934,0.7589324149806285,6969.0
tumor_2,HALLMARK_GLYCOLYSIS,observed_z_mean,6969,True,observed_population_mean,0.6888565982756053,0.678715079725764,0.1962069550471988,0.3693720617521881,46.88094326450869,-1.2234915811624627e-17,0.03417137029211867,0.3693720617521881,0.20192990053966509,0.7678289568087243,6969.0
tumor_2,HALLMARK_HEDGEHOG_SIGNALING,observed_z_mean,6969,True,observed_population_mean,0.5499617599721852,0.5287038436155695,0.2875535771494283,0.40828645969940236,29.57063103166896,2.2940467146796175e-17,0.05212755156553391,0.40828645969940236,0.12793567750833384,0.6937867699813459,6969.0
tumor_2,HALLMARK_HEME_METABOLISM,observed_z_mean,6969,True,observed_population_mean,0.6278265181090256,0.6094803636773843,0.1975076651675137,0.3229907938535942,38.85037316046838,-2.2430678987978482e-17,0.03965777791789102,0.3229907938535942,0.13898974685212725,0.7388434495623475,6969.0
tumor_2,HALLMARK_HYPOXIA,observed_z_mean,6969,True,observed_population_mean,0.676924101891431,0.6651428404929751,0.16600100661007697,0.30387605144572694,45.372132545389086,3.5685171117238494e-18,0.023117288183744752,0.30387605144572694,0.1616379872809111,0.7640981489453293,6969.0
tumor_2,HALLMARK_IL2_STAT5_SIGNALING,observed_z_mean,6969,True,observed_population_mean,0.6743536398278674,0.6562163328561076,0.0921314944173917,0.16771660542861563,45.067160057323505,1.478385660571309e-17,0.009663527047314581,0.16771660542861563,0.09028955024331593,0.7681159420289855,6969.0
tumor_2,HALLMARK_IL6_JAK_STAT3_SIGNALING,observed_z_mean,6969,True,observed_population_mean,0.6763629717781336,0.654919959248359,0.10775679230260471,0.19646922221674354,45.153347131527745,2.039152635270771e-17,0.024211704162186487,0.19646922221674354,0.10489188023677026,0.7686899124695078,6969.0
tumor_2,HALLMARK_INFLAMMATORY_RESPONSE,observed_z_mean,6969,True,observed_population_mean,0.6751508385952836,0.6504034468612996,0.07801126695630364,0.14190740541659888,45.02664133187042,5.6076697469946206e-18,0.01776962210136503,0.14190740541659888,0.07622838733577976,0.7705553164012053,6969.0
tumor_2,HALLMARK_INTERFERON_ALPHA_RESPONSE,observed_z_mean,6969,True,observed_population_mean,0.6742087255693492,0.6601195257158801,0.13741077955478367,0.24914840515664105,44.84781892607632,-8.666398699900777e-18,0.019134850555153984,0.24914840515664105,0.13721024957009492,0.7658200602668963,6969.0
tumor_2,HALLMARK_INTERFERON_GAMMA_RESPONSE,observed_z_mean,6969,True,observed_population_mean,0.6915192951095708,0.676063577509642,0.10640476060625204,0.20087283981744053,47.028796574511524,2.6254090179111178e-17,0.02221612188036306,0.20087283981744053,0.11766951990336381,0.7798823360596929,6969.0
tumor_2,HALLMARK_KRAS_SIGNALING_DN,observed_z_mean,6969,True,observed_population_mean,0.6049475347456362,0.5814731834326524,0.11049980618602048,0.17169241516472267,35.64083417429573,1.274470397044232e-17,0.01819731450901584,0.17169241516472267,0.08228049411554464,0.7292294446835988,6969.0
tumor_2,HALLMARK_KRAS_SIGNALING_UP,observed_z_mean,6969,True,observed_population_mean,0.6651112039807101,0.646568518602983,0.08124729772265223,0.1450961908607974,44.004527451310295,5.097881588176928e-18,0.010297138029141926,0.1450961908607974,0.0721311909738785,0.7668245085378103,6969.0
tumor_2,HALLMARK_MITOTIC_SPINDLE,observed_z_mean,6969,True,observed_population_mean,0.6007836495471879,0.5815153696756915,0.22286812419716623,0.3384983516641578,34.15976086693458,-2.2175784908569636e-17,0.05943982710409793,0.3384983516641578,0.16357581557555417,0.7260726072607261,6969.0
tumor_2,HALLMARK_MTORC1_SIGNALING,observed_z_mean,6969,True,observed_population_mean,0.6932057695693208,0.6811432097119223,0.20379983437005708,0.3910414582337784,47.88280626546295,2.5999196099702332e-17,0.013624523782055089,0.3910414582337784,0.20741550829248095,0.772707705553164,6969.0
tumor_2,HALLMARK_MYC_TARGETS_V1,observed_z_mean,6969,True,observed_population_mean,0.6909234102122129,0.6806520873871135,0.2920458476837937,0.5559567866547287,47.469685649297446,-1.4274068446895398e-17,-0.0034409272792626407,0.5559567866547287,0.3064773217448667,0.7696943607404219,6969.0
tumor_2,HALLMARK_MYC_TARGETS_V2,observed_z_mean,6969,False,observed_population_mean,,,,,,,,,,,
tumor_2,HALLMARK_MYOGENESIS,observed_z_mean,6969,True,observed_population_mean,0.6764052695802608,0.6565701358554282,0.11429822547316938,0.20884454176237213,45.271145461287475,2.2940467146796175e-18,0.022609703321526627,0.20884454176237213,0.10978462354079156,0.7731381833835558,6969.0
tumor_2,HALLMARK_NOTCH_SIGNALING,observed_z_mean,6969,True,observed_population_mean,0.569059822886548,0.5295937947523155,0.15071837513015157,0.22046295436394645,31.63550966420352,-9.940869096945009e-18,-0.0012981918280045442,0.22046295436394645,0.09471927508143416,0.7150236762806715,6969.0
tumor_2,HALLMARK_OXIDATIVE_PHOSPHORYLATION,observed_z_mean,6969,True,observed_population_mean,0.6495836910918834,0.6325709564284022,0.3236871594616212,0.5573255495736056,41.92134925282623,-4.078305270541542e-18,-0.02916643010338656,0.5573255495736056,0.26112910695105435,0.7471660209499211,6969.0
tumor_2,HALLMARK_P53_PATHWAY,observed_z_mean,6969,True,observed_population_mean,0.6830672480910368,0.6675358386330839,0.15090757436580698,0.28055160377746896,46.210403956376766,-7.646822382265392e-18,0.015173292089653456,0.28055160377746896,0.155100828855699,0.7698378533505524,6969.0
tumor_2,HALLMARK_PANCREAS_BETA_CELLS,observed_z_mean,6969,True,observed_population_mean,0.45820239353564823,0.4392091156786115,0.22518478789570393,0.28434321453333106,20.805288684211774,-4.078305270541542e-18,0.004874810538132941,0.28434321453333106,0.07130816482286723,0.6757067011048931,6969.0
tumor_2,HALLMARK_PEROXISOME,observed_z_mean,6969,False,observed_population_mean,,,,,,,,,,,
tumor_2,HALLMARK_PI3K_AKT_MTOR_SIGNALING,observed_z_mean,6969,True,observed_population_mean,0.6789317101086939,0.6626131558951256,0.20117960932887474,0.37182166338118644,45.893521238264114,2.8038348734973103e-18,0.01769147382951001,0.37182166338118644,0.18910519687727456,0.7679724494188549,6969.0
tumor_2,HALLMARK_PROTEIN_SECRETION,observed_z_mean,6969,True,observed_population_mean,0.6708677395192597,0.6548443073216109,0.28408847606265614,0.514023717387598,44.73241867000466,-1.7842585558619247e-17,0.014111992015939856,0.514023717387598,0.2659994899938149,0.7579279667097144,6969.0
tumor_2,HALLMARK_REACTIVE_OXYGEN_SPECIES_PATHWAY,observed_z_mean,6969,True,observed_population_mean,0.657421579822798,0.6480460843588383,0.2589322655991,0.45337637353404114,42.88801077551996,-2.396004346443156e-17,0.006558639602763461,0.45337637353404114,0.23128381066952658,0.7541971588463194,6969.0
tumor_2,HALLMARK_SPERMATOGENESIS,observed_z_mean,6969,True,observed_population_mean,0.5147589559334793,0.46565285220742847,0.19425875778675883,0.26158713344944073,25.738412579720805,-1.5803432923348476e-17,0.027267047175100867,0.26158713344944073,0.08911880972776573,0.6903429473382121,6969.0
tumor_2,HALLMARK_TGF_BETA_SIGNALING,observed_z_mean,6969,True,observed_population_mean,0.5976303394944703,0.5706584976613864,0.15881734916840506,0.2451637191804341,35.21988094350957,1.2234915811624627e-17,0.002741443250926282,0.2451637191804341,0.10935290770581389,0.7262160998708567,6969.0
tumor_2,HALLMARK_TNFA_SIGNALING_VIA_NFKB,observed_z_mean,6969,True,observed_population_mean,0.6748636456944752,0.6552553119197725,0.10531791064252258,0.1924873821999618,45.28581071713309,6.627246064630006e-18,-0.0021932315453898716,0.1924873821999618,0.10129868065626059,0.7750035873152533,6969.0
tumor_2,HALLMARK_UNFOLDED_PROTEIN_RESPONSE,observed_z_mean,6969,True,observed_population_mean,0.587830809236802,0.5784624590126255,0.23252946129696983,0.35365254934601287,34.24917712965119,-3.5685171117238494e-18,-0.018630023168476596,0.35365254934601287,0.1418608591203855,0.7263595924809872,6969.0
tumor_2,HALLMARK_UV_RESPONSE_DN,observed_z_mean,6969,True,observed_population_mean,0.6626255021947748,0.6408473277724749,0.11291475964969044,0.20019802284499885,43.59846413812315,9.17618685871847e-18,0.01093224573394176,0.20019802284499885,0.10164169949118147,0.7619457597933706,6969.0
tumor_2,HALLMARK_UV_RESPONSE_UP,observed_z_mean,6969,True,observed_population_mean,0.6634003313293616,0.64854688436128,0.17026365021316664,0.3031462561823383,43.83448690497587,-7.137034223447699e-18,0.001748039991408333,0.3031462561823383,0.15074570937866058,0.7619457597933706,6969.0
tumor_2,HALLMARK_WNT_BETA_CATENIN_SIGNALING,observed_z_mean,6969,True,observed_population_mean,0.6028039205754362,0.579843185912734,0.14863772558298943,0.2295533576973865,35.24916077292399,2.192089082916079e-17,0.02941062392662785,0.2295533576973865,0.1083867233754919,0.7326732673267327,6969.0
tumor_2,HALLMARK_XENOBIOTIC_METABOLISM,observed_z_mean,6969,True,observed_population_mean,0.648098321563818,0.6291538898230467,0.13667393274359013,0.23388479014969993,41.56356526813444,4.078305270541542e-18,0.00810959154418182,0.23388479014969993,0.11864757797257872,0.7481704692208351,6969.0
tumor_2,HALLMARK_ADIPOGENESIS,raw_mean,6969,True,original_target_zero,0.6884631798454343,0.6767544236175491,0.029215262692345235,0.05536118397675963,47.22789399769761,0.001750793956069105,-0.0004866772073960904,0.05535811869728302,0.029417744396902562,0.7616587745731095,6969.0
tumor_2,HALLMARK_ALLOGRAFT_REJECTION,raw_mean,6969,True,original_target_zero,0.7016788586047565,0.6873226678700626,0.011539552865016163,0.022538910491699524,48.801638529662426,0.0012373977523950327,0.005869398932321775,0.022537379338501893,0.013022949348113964,0.7800258286698235,6969.0
tumor_2,HALLMARK_ANDROGEN_RESPONSE,raw_mean,6969,True,original_target_zero,0.6986766054715904,0.6866650650561813,0.094665067273928,0.18434916317055328,48.649038788232936,0.005343930104710401,-0.005144417146142864,0.18432060558158928,0.09888772384717456,0.7686899124695078,6969.0
tumor_2,HALLMARK_ANGIOGENESIS,raw_mean,6969,True,original_target_zero,0.6688290325321832,0.657305545090124,0.05809547575383163,0.10489471175567021,44.61543887059568,0.004189132221736352,0.013301980315703585,0.10487716292689904,0.050034700710881605,0.7592194002008896,6969.0
tumor_2,HALLMARK_APICAL_JUNCTION,raw_mean,6969,True,original_target_zero,0.6755973824402385,0.6546731673930329,0.01505249653122543,0.027409949694180265,45.08382284838193,0.0015225531179729151,0.0017087237027737059,0.02740763152618322,0.015445139140481868,0.767254986368202,6969.0
tumor_2,HALLMARK_APICAL_SURFACE,raw_mean,6969,True,original_target_zero,0.6479799684055539,0.6255450465431647,0.044707650176030796,0.07692608956413137,41.882330910946486,-0.000998315149788572,0.005316022367489669,0.07692509293099307,0.03466609239875054,0.7500358731525326,6969.0
tumor_2,HALLMARK_APOPTOSIS,raw_mean,6969,True,original_target_zero,0.7022519725972575,0.6872440217846387,0.044603292096450545,0.08767021061155414,49.12377672493895,0.0024414234692151527,0.0051157911817408305,0.08766425006299809,0.04872522968605972,0.7774429616874731,6969.0
tumor_2,HALLMARK_BILE_ACID_METABOLISM,raw_mean,6969,True,original_target_zero,0.6671454352179023,0.6581001617432263,0.202265263731847,0.36166175032089765,44.073360383734325,0.006358749915942313,-0.027839490744885675,0.36162131662040414,0.17793711176082516,0.7486009470512268,6969.0
tumor_2,HALLMARK_CHOLESTEROL_HOMEOSTASIS,raw_mean,6969,True,original_target_zero,0.6695251282563831,0.654270870790168,0.046397970056265905,0.08387337832121794,44.6809333486352,0.000986900414925666,0.000673179244728608,0.08387240434878894,0.04201047097868707,0.7592194002008896,6969.0
tumor_2,HALLMARK_COAGULATION,raw_mean,6969,True,original_target_zero,0.7010172091685916,0.6897013825307562,0.06327833611388976,0.12430148980200365,49.09285784532105,0.004313949300210994,0.0008885511422951882,0.12428287964343886,0.06494629390148894,0.7702683311809442,6969.0
tumor_2,HALLMARK_COMPLEMENT,raw_mean,6969,True,original_target_zero,0.7092046198425179,0.6973647603342844,0.04757053591272573,0.09547479200763392,50.17476874008575,0.003191319139748038,0.0032724466959088384,0.09546460748978222,0.052975862680689906,0.7785909025685177,6969.0
tumor_2,HALLMARK_DNA_REPAIR,raw_mean,6969,False,original_target_zero,,,,,,,,,,,
tumor_2,HALLMARK_E2F_TARGETS,raw_mean,6969,True,original_target_zero,0.6778118218259904,0.6666708104404935,0.03965020197201021,0.07124560563846181,44.34716132077469,0.0012884279204718227,0.01629518359756556,0.07124394559195556,0.044574812087611604,0.7666810159276797,6969.0
tumor_2,HALLMARK_EPITHELIAL_MESENCHYMAL_TRANSITION,raw_mean,6969,True,original_target_zero,0.6900342322629486,0.6740902647857058,0.0277912664158648,0.05264212672329459,47.20717390096072,0.0016863813043704226,0.012679089223847634,0.052639282841390855,0.0282485331303973,0.7705553164012053,6969.0
tumor_2,HALLMARK_ESTROGEN_RESPONSE_EARLY,raw_mean,6969,True,original_target_zero,0.6786309525976612,0.661170978983904,0.03546785091659579,0.06560154713508654,45.93442919332301,0.0024949079106463047,0.001890321692643251,0.06559532256960393,0.033427551653706596,0.7709857942315971,6969.0
tumor_2,HALLMARK_ESTROGEN_RESPONSE_LATE,raw_mean,6969,True,original_target_zero,0.6791017733020952,0.6619366873734174,0.03342969960180885,0.061720617682477816,45.83706246462375,0.002028570325647469,0.004311799052030572,0.06171650258491171,0.033036641875949464,0.7694073755201607,6969.0
tumor_2,HALLMARK_FATTY_ACID_METABOLISM,raw_mean,6969,True,original_target_zero,0.7012206687682733,0.6901886905406452,0.1285465707131039,0.25214862048521425,49.01952250790055,0.004514955842760237,0.008500944963180053,0.2521282356589522,0.13801514363740214,0.7709857942315971,6969.0
tumor_2,HALLMARK_G2M_CHECKPOINT,raw_mean,6969,True,original_target_zero,0.6716079665935453,0.6568379726339318,0.03531703833299773,0.0626656948507407,43.64214995602129,0.0015450950073443636,0.016102831916997358,0.06266330753215897,0.03790890048774187,0.7622327450136318,6969.0
tumor_2,HALLMARK_GLYCOLYSIS,raw_mean,6969,True,original_target_zero,0.6982704026250381,0.6881081791561602,0.11232326467976027,0.21794530662162367,48.46263660324402,0.002179860336193751,0.023451709670281203,0.21794055483053834,0.11553889803116651,0.7666810159276797,6969.0
tumor_2,HALLMARK_HEDGEHOG_SIGNALING,raw_mean,6969,True,original_target_zero,0.5767867978493666,0.5615812788828795,0.08784118903598137,0.13099255663195422,32.941847006783696,-0.0007377717096060767,0.01972898254111545,0.13099201232485871,0.044847785270153914,0.711436361027407,6969.0
tumor_2,HALLMARK_HEME_METABOLISM,raw_mean,6969,True,original_target_zero,0.6482344841550979,0.6307561986860668,0.05739322179483852,0.09839646341882201,41.671458708281264,0.0022918520648979165,0.018584894638629904,0.09839121083293463,0.045093240247106654,0.7454441096283542,6969.0
tumor_2,HALLMARK_HYPOXIA,raw_mean,6969,True,original_target_zero,0.6820302487839429,0.6719197702832969,0.07673314489204436,0.1426160084583136,46.19598057642084,0.0012094336625965067,0.016819559147065236,0.14261454572852936,0.0740937632742522,0.7630937006744153,6969.0
tumor_2,HALLMARK_IL2_STAT5_SIGNALING,raw_mean,6969,True,original_target_zero,0.6875962922344868,0.6707343915685976,0.017668757446877653,0.0332852038970556,46.91708213197809,0.0018815931368476046,0.007836608165373248,0.03328166350432297,0.01815971432160865,0.7681159420289855,6969.0
tumor_2,HALLMARK_IL6_JAK_STAT3_SIGNALING,raw_mean,6969,True,original_target_zero,0.6803570736882153,0.6599080083153831,0.020807350791695718,0.03848380099904706,45.93218379803245,0.001285395314072325,0.008889234661511132,0.03848214875793362,0.020283858305378606,0.7659635528770269,6969.0
tumor_2,HALLMARK_INFLAMMATORY_RESPONSE,raw_mean,6969,True,original_target_zero,0.6838844644076534,0.6606720888912657,0.009365520469543162,0.017414443218943667,46.21981103963621,0.0006892900606082804,0.0065134145490138295,0.017413968098156013,0.009629046356773864,0.7741426316544698,6969.0
tumor_2,HALLMARK_INTERFERON_ALPHA_RESPONSE,raw_mean,6969,True,original_target_zero,0.7007182960529482,0.6879625556331824,0.04118638442958288,0.08041814821636134,48.78471421802352,0.002275052494014648,0.009074401345702945,0.08041297235251083,0.0454587690911287,0.7739991390443393,6969.0
tumor_2,HALLMARK_INTERFERON_GAMMA_RESPONSE,raw_mean,6969,True,original_target_zero,0.7056179346823286,0.6920022777249503,0.029049152457555877,0.05727666679001867,49.282746211380214,0.0018039934139186936,0.00912874007961791,0.0572734123977812,0.03396849821705798,0.7768689912469507,6969.0
tumor_2,HALLMARK_KRAS_SIGNALING_DN,raw_mean,6969,True,original_target_zero,0.6449007658805036,0.6246503079242168,0.013684285133963492,0.02320551620435959,41.03003349094797,0.002028064937044612,0.00557644294383141,0.023201403156970724,0.011918392051045284,0.7421437795953508,6969.0
tumor_2,HALLMARK_KRAS_SIGNALING_UP,raw_mean,6969,True,original_target_zero,0.677859768548723,0.662985901444617,0.012465592900644603,0.02286422930028873,45.47993401864988,0.0005807347937124387,0.008725992700185207,0.022863892047388104,0.01186238410728054,0.7696943607404219,6969.0
tumor_2,HALLMARK_MITOTIC_SPINDLE,raw_mean,6969,True,original_target_zero,0.6315986443852474,0.6059406262117699,0.04185771637454583,0.06838799670050831,38.793767336315746,0.002667552187626143,0.023337534551417297,0.0683808808658346,0.03358739785432146,0.7412828239345673,6969.0
tumor_2,HALLMARK_MTORC1_SIGNALING,raw_mean,6969,True,original_target_zero,0.702357788347976,0.6917703344318132,0.10720819423186408,0.21114697001869104,49.22579555729649,0.002244967830216384,0.01102890710742314,0.21114193013813234,0.112124644978835,0.7739991390443393,6969.0
tumor_2,HALLMARK_MYC_TARGETS_V1,raw_mean,6969,True,original_target_zero,0.6979361401833383,0.6873760578373697,0.17696181756531715,0.3439932555161234,48.55660257065048,0.008257361504852286,0.004184891173652375,0.3439250714971016,0.1873007702692857,0.7695508681302913,6969.0
tumor_2,HALLMARK_MYC_TARGETS_V2,raw_mean,6969,False,original_target_zero,,,,,,,,,,,
tumor_2,HALLMARK_MYOGENESIS,raw_mean,6969,True,original_target_zero,0.6876259301747467,0.670972494112625,0.027653166605236933,0.05218420931796169,47.008554950513016,0.0012509169829688872,0.010280522818260023,0.05218264452466341,0.027219147775099657,0.7734251686038169,6969.0
tumor_2,HALLMARK_NOTCH_SIGNALING,raw_mean,6969,True,original_target_zero,0.5751392920048195,0.5319586612666395,0.016611926780453083,0.024595201621514053,32.458668011396966,0.0010413842239834692,0.000982418552569342,0.024594117140412094,0.010521164050937422,0.7153106615009327,6969.0
tumor_2,HALLMARK_OXIDATIVE_PHOSPHORYLATION,raw_mean,6969,True,original_target_zero,0.6644449653957258,0.6472432990763536,0.13915512042702835,0.24879148687468441,44.06757153345829,0.003908576234086789,-0.00757208224051882,0.24877620990650676,0.11578622621810643,0.7490314248816186,6969.0
tumor_2,HALLMARK_P53_PATHWAY,raw_mean,6969,True,original_target_zero,0.6940191391170325,0.6801437816507852,0.052186394234351625,0.10012062060950393,47.87647747621149,0.0022208153117141026,0.008728870843273997,0.10011568858885517,0.055421099784558635,0.7695508681302913,6969.0
tumor_2,HALLMARK_PANCREAS_BETA_CELLS,raw_mean,6969,True,original_target_zero,0.5105603491805946,0.4691996372201251,0.023545736678610017,0.031784778719452185,25.921344658598798,0.002493372546290549,0.0016862757901692771,0.03177856181279759,0.009625091221806987,0.6894819916774286,6969.0
tumor_2,HALLMARK_PEROXISOME,raw_mean,6969,False,original_target_zero,,,,,,,,,,,
tumor_2,HALLMARK_PI3K_AKT_MTOR_SIGNALING,raw_mean,6969,True,original_target_zero,0.6875352702608393,0.6719381202697878,0.08099057979197503,0.15327581061813803,47.1602339173074,0.002317242531932025,0.008001184640795517,0.15327044100518622,0.07894939198406058,0.7711292868417277,6969.0
tumor_2,HALLMARK_PROTEIN_SECRETION,raw_mean,6969,True,original_target_zero,0.6806152262421185,0.6650369753646264,0.14680162694068474,0.2727494981419413,46.17712298620332,0.003997352848986936,0.008001010166354922,0.272733519312142,0.14081394175256298,0.7616587745731095,6969.0
tumor_2,HALLMARK_REACTIVE_OXYGEN_SPECIES_PATHWAY,raw_mean,6969,True,original_target_zero,0.6829419502303911,0.6703429726237111,0.1362962716882039,0.2545857765043767,46.463516713448136,0.007264794532700638,0.01605803779908525,0.25453299926477435,0.13294633103922465,0.7579279667097144,6969.0
tumor_2,HALLMARK_SPERMATOGENESIS,raw_mean,6969,True,original_target_zero,0.5224122454625807,0.4698053758933477,0.016774473150048597,0.02282887520055775,26.52080751819622,0.0015994848568662292,0.00886627070952254,0.02282631684875041,0.00811939126478705,0.6937867699813459,6969.0
tumor_2,HALLMARK_TGF_BETA_SIGNALING,raw_mean,6969,True,original_target_zero,0.6050492389284389,0.5799063162094173,0.022696559556277033,0.0355499308344837,36.15582640104267,0.001509482823699451,0.0018671601384251512,0.03554765229608865,0.016081619221839146,0.7298034151241211,6969.0
tumor_2,HALLMARK_TNFA_SIGNALING_VIA_NFKB,raw_mean,6969,True,original_target_zero,0.6809236461139249,0.6640248111913932,0.0239408683154145,0.04445862638934336,46.150229416100274,0.0012421805067916454,0.0016641028752597711,0.04445708337693191,0.023529221722664653,0.7692638829100301,6969.0
tumor_2,HALLMARK_UNFOLDED_PROTEIN_RESPONSE,raw_mean,6969,True,original_target_zero,0.6226689040921901,0.6096212344586015,0.08616547205070793,0.14027745336758585,38.574966979962056,0.00020218713608533904,-0.005999627536511872,0.14027741248794784,0.061813027279863667,0.7365475678002583,6969.0
tumor_2,HALLMARK_UV_RESPONSE_DN,raw_mean,6969,True,original_target_zero,0.675454722189846,0.655540964499551,0.021694897526420853,0.03965632333392764,45.2927157574894,0.0015465124986113177,0.007993987933313452,0.03965393163301928,0.020749917136607836,0.7688334050796384,6969.0
tumor_2,HALLMARK_UV_RESPONSE_UP,raw_mean,6969,True,original_target_zero,0.6825079415282685,0.6693719533555232,0.053889176717509646,0.10054801332958753,46.4045335825128,0.0034426365785162846,0.004110126592989992,0.10053616158297582,0.05288694380125536,0.7658200602668963,6969.0
tumor_2,HALLMARK_WNT_BETA_CATENIN_SIGNALING,raw_mean,6969,True,original_target_zero,0.6125884440246642,0.5882876426043551,0.018681281613635293,0.02952398338028146,36.72506391494521,0.00091894179263291,0.009105188425669486,0.02952313892626321,0.0139948114760637,0.7352561343090831,6969.0
tumor_2,HALLMARK_XENOBIOTIC_METABOLISM,raw_mean,6969,True,original_target_zero,0.6722975372041445,0.6579808848430067,0.04600256796759246,0.0836550106773488,45.00919001131807,0.0016710469536582175,0.005536082102471286,0.08365221827942748,0.042635188018550305,0.7570670110489309,6969.0
