receiver,program,full_set_size,panel_genes,panel_coverage,gene_set_url,panel_gene_list,library_gene_list,raw_evaluable,standardized_evaluable,standardized_genes,excluded_zero_variance,passes_10_gene_sensitivity
tumor_1,HALLMARK_ADIPOGENESIS,200,20,0.1,https://www.gsea-msigdb.org/gsea/msigdb/human/geneset/HALLMARK_ADIPOGENESIS,ADIPOQ;ANGPT1;APOE;CD36;CIDEA;COL15A1;COL4A1;FABP4;FZD4;GPX3;IFNGR1;LAMA4;LEP;LIFR;PPARG;SOD1;SORBS1;SPARCL1;STAT5A;VEGFB,ADIPOQ;ANGPT1;APOE;CD36;CIDEA;COL15A1;COL4A1;FABP4;FZD4;GPX3;IFNGR1;LAMA4;LEP;LIFR;PPARG;SOD1;SORBS1;SPARCL1;STAT5A;VEGFB,True,True,20,0,True
tumor_1,HALLMARK_ALLOGRAFT_REJECTION,200,101,0.505,https://www.gsea-msigdb.org/gsea/msigdb/human/geneset/HALLMARK_ALLOGRAFT_REJECTION,ACVR2A;AKT1;B2M;BRCA1;CCL11;CCL13;CCL19;CCL2;CCL22;CCL4;CCL5;CCR1;CCR2;CCR5;CD2;CD28;CD3D;CD3E;CD3G;CD4;CD40;CD40LG;CD47;CD74;CD79A;CD80;CD86;CD8A;CD8B;CSF1;CSK;CXCL13;CXCL9;CXCR3;EGFR;EIF5A;ELANE;ETS1;FAS;FASLG;FGR;FYB1;GZMA;GZMB;HIF1A;HLA.A;HLA.DQA1;HLA.DRA;ICAM1;ICOSLG;IFNAR2;IFNG;IFNGR1;IFNGR2;IL10;IL11;IL12A;IL12B;IL12RB1;IL15;IL16;IL18;IL1B;IL2;IL27RA;IL2RA;IL2RB;IL2RG;IL4R;IL6;IL7;INHBA;INHBB;IRF4;ITGAL;ITGB2;ITK;JAK2;KRT1;LIF;LTB;LY75;LYN;MMP9;NCR1;NLRP3;PF4;PRF1;PTPRC;SRGN;STAT1;STAT4;TAP1;TAP2;TGFB1;TGFB2;TIMP1;TLR1;TLR2;TLR3;TNF,ACVR2A;AKT1;B2M;BRCA1;CCL11;CCL13;CCL19;CCL2;CCL22;CCL4;CCL5;CCR1;CCR2;CCR5;CD2;CD28;CD3D;CD3E;CD3G;CD4;CD40;CD40LG;CD47;CD74;CD79A;CD80;CD86;CD8A;CD8B;CSF1;CSK;CXCL13;CXCL9;CXCR3;EGFR;EIF5A;ELANE;ETS1;FAS;FASLG;FGR;FYB1;GZMA;GZMB;HIF1A;HLA-A;HLA-DQA1;HLA-DRA;ICAM1;ICOSLG;IFNAR2;IFNG;IFNGR1;IFNGR2;IL10;IL11;IL12A;IL12B;IL12RB1;IL15;IL16;IL18;IL1B;IL2;IL27RA;IL2RA;IL2RB;IL2RG;IL4R;IL6;IL7;INHBA;INHBB;IRF4;ITGAL;ITGB2;ITK;JAK2;KRT1;LIF;LTB;LY75;LYN;MMP9;NCR1;NLRP3;PF4;PRF1;PTPRC;SRGN;STAT1;STAT4;TAP1;TAP2;TGFB1;TGFB2;TIMP1;TLR1;TLR2;TLR3;TNF,True,True,101,0,True
tumor_1,HALLMARK_ANDROGEN_RESPONSE,101,20,0.19801980198019803,https://www.gsea-msigdb.org/gsea/msigdb/human/geneset/HALLMARK_ANDROGEN_RESPONSE,AKT1;ARID5B;AZGP1;B2M;CCND1;FKBP5;HMGCS1;INSIG1;ITGAV;KLK3;KRT19;KRT8;LIFR;MAF;MERTK;MYL12A;NDRG1;SAT1;SELENOP;TSC22D1,AKT1;ARID5B;AZGP1;B2M;CCND1;FKBP5;HMGCS1;INSIG1;ITGAV;KLK3;KRT19;KRT8;LIFR;MAF;MERTK;MYL12A;NDRG1;SAT1;SELENOP;TSC22D1,True,True,20,0,True
tumor_1,HALLMARK_ANGIOGENESIS,36,18,0.5,https://www.gsea-msigdb.org/gsea/msigdb/human/geneset/HALLMARK_ANGIOGENESIS,APP;COL3A1;COL5A2;FGFR1;ITGAV;JAG1;LUM;OLR1;PDGFA;PF4;PTK2;S100A4;SPP1;TIMP1;TNFRSF21;VCAN;VEGFA;VTN,APP;COL3A1;COL5A2;FGFR1;ITGAV;JAG1;LUM;OLR1;PDGFA;PF4;PTK2;S100A4;SPP1;TIMP1;TNFRSF21;VCAN;VEGFA;VTN,True,True,18,0,True
tumor_1,HALLMARK_APICAL_JUNCTION,200,42,0.21,https://www.gsea-msigdb.org/gsea/msigdb/human/geneset/HALLMARK_APICAL_JUNCTION,ACTG2;BMP1;CD209;CD274;CD276;CD34;CD86;CDH1;CDH11;CLDN4;COL16A1;COL17A1;CX3CL1;EGFR;FYB1;ICAM1;ICAM2;INSIG1;ITGA2;ITGA3;ITGA9;ITGB1;ITGB4;MAPK13;MAPK14;MMP2;MMP9;MYL9;PECAM1;PFN1;PLCG1;PTEN;PTK2;PTPRC;RAC2;SRC;SYK;TGFBI;TNFRSF11B;VCAM1;VCAN;VWF,ACTG2;BMP1;CD209;CD274;CD276;CD34;CD86;CDH1;CDH11;CLDN4;COL16A1;COL17A1;CX3CL1;EGFR;FYB1;ICAM1;ICAM2;INSIG1;ITGA2;ITGA3;ITGA9;ITGB1;ITGB4;MAPK13;MAPK14;MMP2;MMP9;MYL9;PECAM1;PFN1;PLCG1;PTEN;PTK2;PTPRC;RAC2;SRC;SYK;TGFBI;TNFRSF11B;VCAM1;VCAN;VWF,True,True,42,0,True
tumor_1,HALLMARK_APICAL_SURFACE,44,10,0.22727272727272727,https://www.gsea-msigdb.org/gsea/msigdb/human/geneset/HALLMARK_APICAL_SURFACE,APP;BRCA1;CX3CL1;EFNA5;EPHB4;GATA3;HSPB1;IL2RB;IL2RG;LYN,APP;BRCA1;CX3CL1;EFNA5;EPHB4;GATA3;HSPB1;IL2RB;IL2RG;LYN,True,True,10,0,True
tumor_1,HALLMARK_APOPTOSIS,161,67,0.4161490683229814,https://www.gsea-msigdb.org/gsea/msigdb/human/geneset/HALLMARK_APOPTOSIS,ANXA1;APP;ATF3;BAX;BCL2L1;BGN;BID;BIRC3;BMP2;BRCA1;CASP3;CASP8;CAV1;CCND1;CD14;CD2;CD38;CD44;CD69;CDKN1A;CFLAR;CLU;CTNNB1;DCN;DDIT3;ERBB2;ERBB3;FAS;FASLG;GADD45B;GPX1;GPX3;GSN;HGF;HMGB2;HSPB1;IER3;IFITM3;IFNGR1;IGF2R;IGFBP6;IL18;IL1A;IL1B;IL6;JUN;KRT18;LGALS3;LMNA;LUM;MMP2;PDGFRB;PRF1;PTK2;RARA;RELA;SAT1;SOD1;SOD2;SQSTM1;TAP1;TGFB2;TIMP1;TNF;TNFRSF12A;TNFSF10;TOP2A,ANXA1;APP;ATF3;BAX;BCL2L1;BGN;BID;BIRC3;BMP2;BRCA1;CASP3;CASP8;CAV1;CCND1;CD14;CD2;CD38;CD44;CD69;CDKN1A;CFLAR;CLU;CTNNB1;DCN;DDIT3;ERBB2;ERBB3;FAS;FASLG;GADD45B;GPX1;GPX3;GSN;HGF;HMGB2;HSPB1;IER3;IFITM3;IFNGR1;IGF2R;IGFBP6;IL18;IL1A;IL1B;IL6;JUN;KRT18;LGALS3;LMNA;LUM;MMP2;PDGFRB;PRF1;PTK2;RARA;RELA;SAT1;SOD1;SOD2;SQSTM1;TAP1;TGFB2;TIMP1;TNF;TNFRSF12A;TNFSF10;TOP2A,True,True,67,0,True
tumor_1,HALLMARK_BILE_ACID_METABOLISM,112,6,0.05357142857142857,https://www.gsea-msigdb.org/gsea/msigdb/human/geneset/HALLMARK_BILE_ACID_METABOLISM,APOA1;AR;GC;RXRA;SOD1;TTR,APOA1;AR;GC;RXRA;SOD1;TTR,True,True,6,0,False
tumor_1,HALLMARK_CHOLESTEROL_HOMEOSTASIS,74,15,0.20270270270270271,https://www.gsea-msigdb.org/gsea/msigdb/human/geneset/HALLMARK_CHOLESTEROL_HOMEOSTASIS,ALCAM;ATF3;CD9;CLU;CTNNB1;CXCL16;FABP5;FASN;HMGCS1;JAG1;LDLR;LGALS3;PPARG;SQLE;TNFRSF12A,ALCAM;ATF3;CD9;CLU;CTNNB1;CXCL16;FABP5;FASN;HMGCS1;JAG1;LDLR;LGALS3;PPARG;SQLE;TNFRSF12A,True,True,15,0,True
tumor_1,HALLMARK_COAGULATION,138,30,0.21739130434782608,https://www.gsea-msigdb.org/gsea/msigdb/human/geneset/HALLMARK_COAGULATION,ANXA1;APOA1;APOC1;BMP1;C1QA;CD9;CFD;CLU;DPP4;DUSP6;FGG;FN1;FYN;GSN;ITGA2;LAMP2;MMP1;MMP14;MMP2;MMP7;MMP9;OLR1;PDGFB;PECAM1;PF4;RAC1;SERPINA1;THBS1;TIMP1;VWF,ANXA1;APOA1;APOC1;BMP1;C1QA;CD9;CFD;CLU;DPP4;DUSP6;FGG;FN1;FYN;GSN;ITGA2;LAMP2;MMP1;MMP14;MMP2;MMP7;MMP9;OLR1;PDGFB;PECAM1;PF4;RAC1;SERPINA1;THBS1;TIMP1;VWF,True,True,30,0,True
tumor_1,HALLMARK_COMPLEMENT,200,43,0.215,https://www.gsea-msigdb.org/gsea/msigdb/human/geneset/HALLMARK_COMPLEMENT,APOC1;C1QA;C1QC;CALM1;CALM3;CASP3;CCL5;CD36;CD40LG;CD55;CD59;CLU;COL4A2;CTSD;CXCL1;DPP4;DUSP5;DUSP6;FCER1G;FN1;FYN;GATA3;GZMA;GZMB;GZMK;HSPA1A;IL6;ITGAM;JAK2;LAMP2;LGALS3;LTF;LYN;MMP12;MMP14;OLR1;PDGFB;PFN1;S100A9;SERPINA1;SPOCK2;SRC;TIMP1,APOC1;C1QA;C1QC;CALM1;CALM3;CASP3;CCL5;CD36;CD40LG;CD55;CD59;CLU;COL4A2;CTSD;CXCL1;DPP4;DUSP5;DUSP6;FCER1G;FN1;FYN;GATA3;GZMA;GZMB;GZMK;HSPA1A;IL6;ITGAM;JAK2;LAMP2;LGALS3;LTF;LYN;MMP12;MMP14;OLR1;PDGFB;PFN1;S100A9;SERPINA1;SPOCK2;SRC;TIMP1,True,True,43,0,True
tumor_1,HALLMARK_DNA_REPAIR,150,4,0.02666666666666667,https://www.gsea-msigdb.org/gsea/msigdb/human/geneset/HALLMARK_DNA_REPAIR,NPR2;PCNA;TP53;TYMS,NPR2;PCNA;TP53;TYMS,False,False,4,0,False
tumor_1,HALLMARK_E2F_TARGETS,200,19,0.095,https://www.gsea-msigdb.org/gsea/msigdb/human/geneset/HALLMARK_E2F_TARGETS,BIRC5;BRCA1;CDKN1A;CDKN3;CHEK1;CHEK2;DNMT1;EZH2;H2AZ1;HMGB2;MKI67;MYC;PCNA;PTTG1;SRSF2;STMN1;TOP2A;TP53;TUBB,BIRC5;BRCA1;CDKN1A;CDKN3;CHEK1;CHEK2;DNMT1;EZH2;H2AZ1;HMGB2;MKI67;MYC;PCNA;PTTG1;SRSF2;STMN1;TOP2A;TP53;TUBB,True,True,19,0,True
tumor_1,HALLMARK_EPITHELIAL_MESENCHYMAL_TRANSITION,200,76,0.38,https://www.gsea-msigdb.org/gsea/msigdb/human/geneset/HALLMARK_EPITHELIAL_MESENCHYMAL_TRANSITION,ACTA2;AREG;BASP1;BGN;BMP1;CALD1;CD44;CD59;CDH11;COL11A1;COL12A1;COL16A1;COL1A1;COL1A2;COL3A1;COL4A1;COL4A2;COL5A1;COL5A2;COL5A3;COL6A2;COL6A3;CXCL1;CXCL12;CXCL8;DCN;DST;EMP3;FAP;FAS;FGF2;FN1;FZD8;GADD45B;IGFBP3;IL15;IL32;IL6;INHBA;ITGA2;ITGA5;ITGAV;ITGB1;ITGB5;JUN;LGALS1;LUM;MFAP5;MGP;MMP1;MMP14;MMP2;MYL9;NOTCH2;PDGFRB;PRSS2;SAT1;SERPINH1;SNAI2;SPP1;TAGLN;TGFB1;TGFBI;THBS1;THBS2;TIMP1;TNFRSF11B;TNFRSF12A;TPM1;TPM2;VCAM1;VCAN;VEGFA;VEGFC;VIM;WNT5A,ACTA2;AREG;BASP1;BGN;BMP1;CALD1;CD44;CD59;CDH11;COL11A1;COL12A1;COL16A1;COL1A1;COL1A2;COL3A1;COL4A1;COL4A2;COL5A1;COL5A2;COL5A3;COL6A2;COL6A3;CXCL1;CXCL12;CXCL8;DCN;DST;EMP3;FAP;FAS;FGF2;FN1;FZD8;GADD45B;IGFBP3;IL15;IL32;IL6;INHBA;ITGA2;ITGA5;ITGAV;ITGB1;ITGB5;JUN;LGALS1;LUM;MFAP5;MGP;MMP1;MMP14;MMP2;MYL9;NOTCH2;PDGFRB;PRSS2;SAT1;SERPINH1;SNAI2;SPP1;TAGLN;TGFB1;TGFBI;THBS1;THBS2;TIMP1;TNFRSF11B;TNFRSF12A;TPM1;TPM2;VCAM1;VCAN;VEGFA;VEGFC;VIM;WNT5A,True,True,76,0,True
tumor_1,HALLMARK_ESTROGEN_RESPONSE_EARLY,200,32,0.16,https://www.gsea-msigdb.org/gsea/msigdb/human/geneset/HALLMARK_ESTROGEN_RESPONSE_EARLY,AQP3;AR;AREG;BCL2;CCND1;CD44;CELSR1;CELSR2;CXCL12;DHRS2;FASN;FKBP5;FOS;IGF1R;IL17RB;IL6ST;INHBB;JAK2;KRT13;KRT15;KRT18;KRT19;KRT8;MSMB;MYC;PGR;PTGES;RARA;SFN;SLC2A1;THSD4;XBP1,AQP3;AR;AREG;BCL2;CCND1;CD44;CELSR1;CELSR2;CXCL12;DHRS2;FASN;FKBP5;FOS;IGF1R;IL17RB;IL6ST;INHBB;JAK2;KRT13;KRT15;KRT18;KRT19;KRT8;MSMB;MYC;PGR;PTGES;RARA;SFN;SLC2A1;THSD4;XBP1,True,True,32,0,True
tumor_1,HALLMARK_ESTROGEN_RESPONSE_LATE,200,37,0.185,https://www.gsea-msigdb.org/gsea/msigdb/human/geneset/HALLMARK_ESTROGEN_RESPONSE_LATE,AGR2;AREG;BCL2;CAV1;CCND1;CD44;CD9;CDH1;CELSR2;CXCL12;CXCL14;DHRS2;DUSP2;FABP5;FGFR3;FKBP5;FOS;GPER1;IL17RB;IL6ST;JAK1;JAK2;KRT13;KRT19;LTF;MAPK13;PGR;PTGES;S100A9;SERPINA1;SERPINA3;SFN;TNNC1;TOP2A;TPSAB1;XBP1;ZFP36,AGR2;AREG;BCL2;CAV1;CCND1;CD44;CD9;CDH1;CELSR2;CXCL12;CXCL14;DHRS2;DUSP2;FABP5;FGFR3;FKBP5;FOS;GPER1;IL17RB;IL6ST;JAK1;JAK2;KRT13;KRT19;LTF;MAPK13;PGR;PTGES;S100A9;SERPINA1;SERPINA3;SFN;TNNC1;TOP2A;TPSAB1;XBP1;ZFP36,True,True,37,0,True
tumor_1,HALLMARK_FATTY_ACID_METABOLISM,158,13,0.08227848101265822,https://www.gsea-msigdb.org/gsea/msigdb/human/geneset/HALLMARK_FATTY_ACID_METABOLISM,CD36;CIDEA;FASN;G0S2;GLUL;H2AZ1;HMGCS1;HSP90AA1;LDHA;LGALS1;MIF;PPARA;S100A10,CD36;CIDEA;FASN;G0S2;GLUL;H2AZ1;HMGCS1;HSP90AA1;LDHA;LGALS1;MIF;PPARA;S100A10,True,True,13,0,True
tumor_1,HALLMARK_G2M_CHECKPOINT,200,26,0.13,https://www.gsea-msigdb.org/gsea/msigdb/human/geneset/HALLMARK_G2M_CHECKPOINT,ABL1;BIRC5;CCND1;CDKN3;CENPF;CHEK1;EFNA5;EGF;EZH2;H2AZ1;HIF1A;HMGN2;MAPK14;MKI67;MT2A;MYC;NOTCH2;NUSAP1;PTTG1;SMAD3;SQLE;SRSF2;STMN1;TGFB1;TOP2A;UBE2C,ABL1;BIRC5;CCND1;CDKN3;CENPF;CHEK1;EFNA5;EGF;EZH2;H2AZ1;HIF1A;HMGN2;MAPK14;MKI67;MT2A;MYC;NOTCH2;NUSAP1;PTTG1;SMAD3;SQLE;SRSF2;STMN1;TGFB1;TOP2A;UBE2C,True,True,26,0,True
tumor_1,HALLMARK_GLYCOLYSIS,200,23,0.115,https://www.gsea-msigdb.org/gsea/msigdb/human/geneset/HALLMARK_GLYCOLYSIS,CD44;COL5A1;CXCR4;DCN;EGFR;ENO1;G6PD;IER3;IGFBP3;IL13RA1;LDHA;MERTK;MET;MIF;PGK1;PPIA;SOD1;SOX9;STMN1;TGFBI;TPI1;VCAN;VEGFA,CD44;COL5A1;CXCR4;DCN;EGFR;ENO1;G6PD;IER3;IGFBP3;IL13RA1;LDHA;MERTK;MET;MIF;PGK1;PPIA;SOD1;SOX9;STMN1;TGFBI;TPI1;VCAN;VEGFA,True,True,23,0,True
tumor_1,HALLMARK_HEDGEHOG_SIGNALING,36,5,0.1388888888888889,https://www.gsea-msigdb.org/gsea/msigdb/human/geneset/HALLMARK_HEDGEHOG_SIGNALING,ADGRG1;CELSR1;CNTFR;HEY1;VEGFA,ADGRG1;CELSR1;CNTFR;HEY1;VEGFA,True,True,5,0,False
tumor_1,HALLMARK_HEME_METABOLISM,200,10,0.05,https://www.gsea-msigdb.org/gsea/msigdb/human/geneset/HALLMARK_HEME_METABOLISM,ACKR1;ACP5;AQP3;EPOR;H4C3;HBB;LAMP2;MYL4;NR3C1;SLC2A1,ACKR1;ACP5;AQP3;EPOR;H4C3;HBB;LAMP2;MYL4;NR3C1;SLC2A1,True,True,10,0,True
tumor_1,HALLMARK_HYPOXIA,200,42,0.21,https://www.gsea-msigdb.org/gsea/msigdb/human/geneset/HALLMARK_HYPOXIA,ACKR3;ANXA2;ATF3;BCL2;BGN;BTG1;CAV1;CDKN1A;COL5A1;CXCR4;DCN;DDIT3;DUSP1;EFNA1;EGFR;ENO1;ETS1;FOS;IER3;IGFBP3;IL6;INHA;JUN;LDHA;MIF;MT2A;NDRG1;NR3C1;PDGFB;PGF;PGK1;PLAC8;RBPJ;RORA;S100A4;SLC2A1;TGFB3;TGFBI;TPI1;VEGFA;VHL;ZFP36,ACKR3;ANXA2;ATF3;BCL2;BGN;BTG1;CAV1;CDKN1A;COL5A1;CXCR4;DCN;DDIT3;DUSP1;EFNA1;EGFR;ENO1;ETS1;FOS;IER3;IGFBP3;IL6;INHA;JUN;LDHA;MIF;MT2A;NDRG1;NR3C1;PDGFB;PGF;PGK1;PLAC8;RBPJ;RORA;S100A4;SLC2A1;TGFB3;TGFBI;TPI1;VEGFA;VHL;ZFP36,True,True,42,0,True
tumor_1,HALLMARK_IL2_STAT5_SIGNALING,199,57,0.2864321608040201,https://www.gsea-msigdb.org/gsea/msigdb/human/geneset/HALLMARK_IL2_STAT5_SIGNALING,AHR;ALCAM;ANXA4;BCL2;BCL2L1;BMP2;BMPR2;CASP3;CD44;CD48;CD81;CD83;CD86;COL6A1;CSF1;CSF2;CST7;CTLA4;CXCL10;EOMES;ETV4;FLT3LG;GADD45B;ICOS;IFITM3;IFNGR1;IGF1R;IGF2R;IL10;IL10RA;IL18R1;IL1R2;IL1RL1;IL2RA;IL2RB;IL3RA;IL4R;IRF4;ITGA6;ITGAE;ITGAV;LIF;LTB;MYC;NDRG1;RORA;SELL;SPP1;SPRY4;TLR7;TNFRSF18;TNFRSF1B;TNFRSF21;TNFRSF4;TNFRSF9;TNFSF10;XBP1,AHR;ALCAM;ANXA4;BCL2;BCL2L1;BMP2;BMPR2;CASP3;CD44;CD48;CD81;CD83;CD86;COL6A1;CSF1;CSF2;CST7;CTLA4;CXCL10;EOMES;ETV4;FLT3LG;GADD45B;ICOS;IFITM3;IFNGR1;IGF1R;IGF2R;IL10;IL10RA;IL18R1;IL1R2;IL1RL1;IL2RA;IL2RB;IL3RA;IL4R;IRF4;ITGA6;ITGAE;ITGAV;LIF;LTB;MYC;NDRG1;RORA;SELL;SPP1;SPRY4;TLR7;TNFRSF18;TNFRSF1B;TNFRSF21;TNFRSF4;TNFRSF9;TNFSF10;XBP1,True,True,57,0,True
tumor_1,HALLMARK_IL6_JAK_STAT3_SIGNALING,87,56,0.6436781609195402,https://www.gsea-msigdb.org/gsea/msigdb/human/geneset/HALLMARK_IL6_JAK_STAT3_SIGNALING,ACVR1B;ACVRL1;CCR1;CD14;CD36;CD38;CD44;CD9;CNTFR;CSF1;CSF2;CSF2RA;CSF2RB;CSF3R;CXCL1;CXCL10;CXCL13;CXCL9;FAS;IFNAR1;IFNGR1;IFNGR2;IL10RB;IL12RB1;IL13RA1;IL15RA;IL17RA;IL17RB;IL18R1;IL1B;IL1R1;IL1R2;IL2RA;IL2RG;IL3RA;IL4R;IL6;IL6ST;IL7;JUN;LTB;LTBR;OSMR;PDGFC;PF4;REG1A;STAT1;STAT3;TGFB1;TLR2;TNF;TNFRSF12A;TNFRSF1A;TNFRSF1B;TNFRSF21;TYK2,ACVR1B;ACVRL1;CCR1;CD14;CD36;CD38;CD44;CD9;CNTFR;CSF1;CSF2;CSF2RA;CSF2RB;CSF3R;CXCL1;CXCL10;CXCL13;CXCL9;FAS;IFNAR1;IFNGR1;IFNGR2;IL10RB;IL12RB1;IL13RA1;IL15RA;IL17RA;IL17RB;IL18R1;IL1B;IL1R1;IL1R2;IL2RA;IL2RG;IL3RA;IL4R;IL6;IL6ST;IL7;JUN;LTB;LTBR;OSMR;PDGFC;PF4;REG1A;STAT1;STAT3;TGFB1;TLR2;TNF;TNFRSF12A;TNFRSF1A;TNFRSF1B;TNFRSF21;TYK2,True,True,56,0,True
tumor_1,HALLMARK_INFLAMMATORY_RESPONSE,200,87,0.435,https://www.gsea-msigdb.org/gsea/msigdb/human/geneset/HALLMARK_INFLAMMATORY_RESPONSE,ACVR1B;ACVR2A;AHR;AXL;BEST1;BST2;CCL17;CCL2;CCL20;CCL22;CCL5;CCR7;CCRL2;CD14;CD40;CD48;CD55;CD69;CD70;CDKN1A;CLEC5A;CMKLR1;CSF1;CSF3;CSF3R;CX3CL1;CXCL10;CXCL8;CXCL9;CXCR6;EMP3;FFAR2;FPR1;FZD5;GPR183;HIF1A;ICAM1;ICOSLG;IFITM1;IFNAR1;IFNGR2;IL10;IL10RA;IL12B;IL15;IL15RA;IL18;IL18R1;IL1A;IL1B;IL1R1;IL2RB;IL4R;IL6;IL7R;INHBA;ITGA5;ITGB8;LAMP3;LDLR;LIF;LYN;MARCO;MET;MMP14;MSR1;MYC;NFKB1;NFKBIA;NLRP3;NOD2;OLR1;OSM;OSMR;RELA;RGS1;SELL;TIMP1;TLR1;TLR2;TLR3;TNFAIP6;TNFRSF1B;TNFRSF9;TNFSF10;TNFSF15;TNFSF9,ACVR1B;ACVR2A;AHR;AXL;BEST1;BST2;CCL17;CCL2;CCL20;CCL22;CCL5;CCR7;CCRL2;CD14;CD40;CD48;CD55;CD69;CD70;CDKN1A;CLEC5A;CMKLR1;CSF1;CSF3;CSF3R;CX3CL1;CXCL10;CXCL8;CXCL9;CXCR6;EMP3;FFAR2;FPR1;FZD5;GPR183;HIF1A;ICAM1;ICOSLG;IFITM1;IFNAR1;IFNGR2;IL10;IL10RA;IL12B;IL15;IL15RA;IL18;IL18R1;IL1A;IL1B;IL1R1;IL2RB;IL4R;IL6;IL7R;INHBA;ITGA5;ITGB8;LAMP3;LDLR;LIF;LYN;MARCO;MET;MMP14;MSR1;MYC;NFKB1;NFKBIA;NLRP3;NOD2;OLR1;OSM;OSMR;RELA;RGS1;SELL;TIMP1;TLR1;TLR2;TLR3;TNFAIP6;TNFRSF1B;TNFRSF9;TNFSF10;TNFSF15;TNFSF9,True,True,87,0,True
tumor_1,HALLMARK_INTERFERON_ALPHA_RESPONSE,97,25,0.25773195876288657,https://www.gsea-msigdb.org/gsea/msigdb/human/geneset/HALLMARK_INTERFERON_ALPHA_RESPONSE,B2M;BST2;CASP8;CCRL2;CD47;CD74;CSF1;CXCL10;IFI27;IFI44L;IFIH1;IFIT3;IFITM1;IFITM3;IL15;IL4R;IL7;ISG15;LAMP3;LGALS3BP;MX1;OAS1;OASL;SELL;TAP1,B2M;BST2;CASP8;CCRL2;CD47;CD74;CSF1;CXCL10;IFI27;IFI44L;IFIH1;IFIT3;IFITM1;IFITM3;IL15;IL4R;IL7;ISG15;LAMP3;LGALS3BP;MX1;OAS1;OASL;SELL;TAP1,True,True,25,0,True
tumor_1,HALLMARK_INTERFERON_GAMMA_RESPONSE,200,66,0.33,https://www.gsea-msigdb.org/gsea/msigdb/human/geneset/HALLMARK_INTERFERON_GAMMA_RESPONSE,ARID5B;B2M;BST2;BTG1;CASP3;CASP8;CCL2;CCL5;CD274;CD38;CD40;CD69;CD74;CD86;CDKN1A;CIITA;CMKLR1;CSF2RB;CXCL10;CXCL9;FAS;FPR1;GZMA;HIF1A;HLA.A;HLA.DQA1;HLA.DRB1;ICAM1;IDO1;IFI27;IFI44L;IFIH1;IFIT1;IFIT3;IFITM3;IFNAR2;IL10RA;IL15;IL15RA;IL2RB;IL4R;IL6;IL7;IRF4;ISG15;JAK2;KLRK1;LGALS3BP;MT2A;MX1;NFKB1;NFKBIA;NLRC5;OAS2;OAS3;OASL;PTGS2;SOD2;STAT1;STAT3;STAT4;TAP1;TNFAIP6;TNFSF10;VCAM1;XCL1,ARID5B;B2M;BST2;BTG1;CASP3;CASP8;CCL2;CCL5;CD274;CD38;CD40;CD69;CD74;CD86;CDKN1A;CIITA;CMKLR1;CSF2RB;CXCL10;CXCL9;FAS;FPR1;GZMA;HIF1A;HLA-A;HLA-DQA1;HLA-DRB1;ICAM1;IDO1;IFI27;IFI44L;IFIH1;IFIT1;IFIT3;IFITM3;IFNAR2;IL10RA;IL15;IL15RA;IL2RB;IL4R;IL6;IL7;IRF4;ISG15;JAK2;KLRK1;LGALS3BP;MT2A;MX1;NFKB1;NFKBIA;NLRC5;OAS2;OAS3;OASL;PTGS2;SOD2;STAT1;STAT3;STAT4;TAP1;TNFAIP6;TNFSF10;VCAM1;XCL1,True,True,66,0,True
tumor_1,HALLMARK_KRAS_SIGNALING_DN,200,22,0.11,https://www.gsea-msigdb.org/gsea/msigdb/human/geneset/HALLMARK_KRAS_SIGNALING_DN,CD40LG;CD80;CELSR2;CNTFR;CPB1;EGF;FGFR3;IFI44L;IFNG;IL12B;KRT1;KRT13;KRT15;KRT4;KRT5;MX1;PDCD1;RYR2;SELENOP;TCL1A;TGFB2;ZBTB16,CD40LG;CD80;CELSR2;CNTFR;CPB1;EGF;FGFR3;IFI44L;IFNG;IL12B;KRT1;KRT13;KRT15;KRT4;KRT5;MX1;PDCD1;RYR2;SELENOP;TCL1A;TGFB2;ZBTB16,True,True,22,0,True
tumor_1,HALLMARK_KRAS_SIGNALING_UP,200,55,0.275,https://www.gsea-msigdb.org/gsea/msigdb/human/geneset/HALLMARK_KRAS_SIGNALING_UP,ACE;ADGRA2;ADGRL4;APOD;ARG1;ATG10;BIRC3;BMP2;CCL20;CD37;CIDEA;CLEC4A;CMKLR1;CSF2;CSF2RA;CXCL10;CXCR4;DUSP6;ENG;EPHB2;ETS1;ETV4;ETV5;FCER1G;FGF9;G0S2;GPNMB;IGF2;IGFBP3;IL10RA;IL1B;IL2RG;IL33;IL7R;INHBA;ITGA2;ITGB2;LIF;MMP9;PDCD1LG2;PECAM1;PIGR;PTGS2;SCG5;SERPINA3;SLPI;SOX9;SPARCL1;SPP1;SPRY2;ST6GAL1;TLR8;TNFRSF1B;TNNT2;WNT7A,ACE;ADGRA2;ADGRL4;APOD;ARG1;ATG10;BIRC3;BMP2;CCL20;CD37;CIDEA;CLEC4A;CMKLR1;CSF2;CSF2RA;CXCL10;CXCR4;DUSP6;ENG;EPHB2;ETS1;ETV4;ETV5;FCER1G;FGF9;G0S2;GPNMB;IGF2;IGFBP3;IL10RA;IL1B;IL2RG;IL33;IL7R;INHBA;ITGA2;ITGB2;LIF;MMP9;PDCD1LG2;PECAM1;PIGR;PTGS2;SCG5;SERPINA3;SLPI;SOX9;SPARCL1;SPP1;SPRY2;ST6GAL1;TLR8;TNFRSF1B;TNNT2;WNT7A,True,True,55,0,True
tumor_1,HALLMARK_MITOTIC_SPINDLE,199,9,0.04522613065326633,https://www.gsea-msigdb.org/gsea/msigdb/human/geneset/HALLMARK_MITOTIC_SPINDLE,ABL1;BIRC5;CENPF;DST;EZR;GSN;NOTCH2;NUSAP1;TOP2A,ABL1;BIRC5;CENPF;DST;EZR;GSN;NOTCH2;NUSAP1;TOP2A,True,True,9,0,False
tumor_1,HALLMARK_MTORC1_SIGNALING,200,24,0.12,https://www.gsea-msigdb.org/gsea/msigdb/human/geneset/HALLMARK_MTORC1_SIGNALING,CD9;CDKN1A;CXCR4;DDIT3;ENO1;G6PD;GSK3B;HMGCS1;HSP90B1;IGFBP5;INSIG1;ITGB2;LDHA;LDLR;NUPR1;PGK1;PPIA;SERPINH1;SLA;SLC2A1;SQLE;SQSTM1;TPI1;XBP1,CD9;CDKN1A;CXCR4;DDIT3;ENO1;G6PD;GSK3B;HMGCS1;HSP90B1;IGFBP5;INSIG1;ITGB2;LDHA;LDLR;NUPR1;PGK1;PPIA;SERPINH1;SLA;SLC2A1;SQLE;SQSTM1;TPI1;XBP1,True,True,24,0,True
tumor_1,HALLMARK_MYC_TARGETS_V1,200,13,0.065,https://www.gsea-msigdb.org/gsea/msigdb/human/geneset/HALLMARK_MYC_TARGETS_V1,H2AZ1;HSP90AB1;LDHA;MYC;PCNA;PGK1;PPIA;PTGES3;RACK1;RPL22;RPL34;SRSF2;TYMS,H2AZ1;HSP90AB1;LDHA;MYC;PCNA;PGK1;PPIA;PTGES3;RACK1;RPL22;RPL34;SRSF2;TYMS,True,True,13,0,True
tumor_1,HALLMARK_MYC_TARGETS_V2,58,2,0.034482758620689655,https://www.gsea-msigdb.org/gsea/msigdb/human/geneset/HALLMARK_MYC_TARGETS_V2,DUSP2;MYC,DUSP2;MYC,False,False,2,0,False
tumor_1,HALLMARK_MYOGENESIS,200,41,0.205,https://www.gsea-msigdb.org/gsea/msigdb/human/geneset/HALLMARK_MYOGENESIS,APOD;APP;CD36;CDKN1A;CFD;CLU;COL15A1;COL1A1;COL3A1;COL4A2;COL6A2;COL6A3;CRYAB;EPHB3;ERBB3;FGF2;GADD45B;GPX3;GSN;HDAC5;IGF1;IGFBP3;IGFBP7;ITGB1;ITGB4;ITGB5;MB;MYH11;MYL4;MYL7;NCAM1;NOTCH1;PTGIS;RB1;SORBS1;TAGLN;TCAP;TGFB1;TNNC1;TNNT2;TPM2,APOD;APP;CD36;CDKN1A;CFD;CLU;COL15A1;COL1A1;COL3A1;COL4A2;COL6A2;COL6A3;CRYAB;EPHB3;ERBB3;FGF2;GADD45B;GPX3;GSN;HDAC5;IGF1;IGFBP3;IGFBP7;ITGB1;ITGB4;ITGB5;MB;MYH11;MYL4;MYL7;NCAM1;NOTCH1;PTGIS;RB1;SORBS1;TAGLN;TCAP;TGFB1;TNNC1;TNNT2;TPM2,True,True,41,0,True
tumor_1,HALLMARK_NOTCH_SIGNALING,32,12,0.375,https://www.gsea-msigdb.org/gsea/msigdb/human/geneset/HALLMARK_NOTCH_SIGNALING,CCND1;DLL1;FZD1;FZD5;FZD7;JAG1;MAML2;NOTCH1;NOTCH2;NOTCH3;PPARD;WNT5A,CCND1;DLL1;FZD1;FZD5;FZD7;JAG1;MAML2;NOTCH1;NOTCH2;NOTCH3;PPARD;WNT5A,True,True,12,0,True
tumor_1,HALLMARK_OXIDATIVE_PHOSPHORYLATION,200,5,0.025,https://www.gsea-msigdb.org/gsea/msigdb/human/geneset/HALLMARK_OXIDATIVE_PHOSPHORYLATION,ATP5F1B;ATP5F1E;BAX;GLUD1;LDHA,ATP5F1B;ATP5F1E;BAX;GLUD1;LDHA,True,True,5,0,False
tumor_1,HALLMARK_P53_PATHWAY,200,42,0.21,https://www.gsea-msigdb.org/gsea/msigdb/human/geneset/HALLMARK_P53_PATHWAY,ACVR1B;APP;ATF3;BAX;BMP2;BTG1;CD81;CDKN1A;CTSD;DDIT3;EPHA2;FAS;FGF13;FOS;HDAC3;IER3;IL1A;INHBB;ITGB4;JUN;KRT17;LIF;NDRG1;NOTCH1;NUPR1;PCNA;PDGFA;RACK1;RB1;RXRA;S100A10;S100A4;SAT1;SERPINB5;SFN;TAP1;TGFB1;TM4SF1;TNFSF9;TP53;TSC22D1;ZBTB16,ACVR1B;APP;ATF3;BAX;BMP2;BTG1;CD81;CDKN1A;CTSD;DDIT3;EPHA2;FAS;FGF13;FOS;HDAC3;IER3;IL1A;INHBB;ITGB4;JUN;KRT17;LIF;NDRG1;NOTCH1;NUPR1;PCNA;PDGFA;RACK1;RB1;RXRA;S100A10;S100A4;SAT1;SERPINB5;SFN;TAP1;TGFB1;TM4SF1;TNFSF9;TP53;TSC22D1;ZBTB16,True,True,42,0,True
tumor_1,HALLMARK_PANCREAS_BETA_CELLS,40,5,0.125,https://www.gsea-msigdb.org/gsea/msigdb/human/geneset/HALLMARK_PANCREAS_BETA_CELLS,DPP4;GCG;IAPP;INS;SST,DPP4;GCG;IAPP;INS;SST,True,True,5,0,False
tumor_1,HALLMARK_PEROXISOME,104,4,0.038461538461538464,https://www.gsea-msigdb.org/gsea/msigdb/human/geneset/HALLMARK_PEROXISOME,SOD1;SOD2;TOP2A;TTR,SOD1;SOD2;TOP2A;TTR,False,False,4,0,False
tumor_1,HALLMARK_PI3K_AKT_MTOR_SIGNALING,105,20,0.19047619047619047,https://www.gsea-msigdb.org/gsea/msigdb/human/geneset/HALLMARK_PI3K_AKT_MTOR_SIGNALING,AKT1;ARF1;CDKN1A;CXCR4;DDIT3;EGFR;FASLG;GSK3B;HSP90B1;IL2RG;PFN1;PLCG1;PTEN;RAC1;SFN;SLA;SLC2A1;SMAD2;SQSTM1;TNFRSF1A,AKT1;ARF1;CDKN1A;CXCR4;DDIT3;EGFR;FASLG;GSK3B;HSP90B1;IL2RG;PFN1;PLCG1;PTEN;RAC1;SFN;SLA;SLC2A1;SMAD2;SQSTM1;TNFRSF1A,True,True,20,0,True
tumor_1,HALLMARK_PROTEIN_SECRETION,96,9,0.09375,https://www.gsea-msigdb.org/gsea/msigdb/human/geneset/HALLMARK_PROTEIN_SECRETION,ARF1;CD63;DST;EGFR;ICA1;IGF2R;KRT18;LAMP2;SOD1,ARF1;CD63;DST;EGFR;ICA1;IGF2R;KRT18;LAMP2;SOD1,True,True,9,0,False
tumor_1,HALLMARK_REACTIVE_OXYGEN_SPECIES_PATHWAY,49,7,0.14285714285714285,https://www.gsea-msigdb.org/gsea/msigdb/human/geneset/HALLMARK_REACTIVE_OXYGEN_SPECIES_PATHWAY,FES;G6PD;GPX3;JUNB;MPO;SOD1;SOD2,FES;G6PD;GPX3;JUNB;MPO;SOD1;SOD2,True,True,7,0,False
tumor_1,HALLMARK_SPERMATOGENESIS,135,7,0.05185185185185185,https://www.gsea-msigdb.org/gsea/msigdb/human/geneset/HALLMARK_SPERMATOGENESIS,ACE;BRAF;CDKN3;EZH2;IL12RB2;MTOR;SCG5,ACE;BRAF;CDKN3;EZH2;IL12RB2;MTOR;SCG5,True,True,7,0,False
tumor_1,HALLMARK_TGF_BETA_SIGNALING,54,14,0.25925925925925924,https://www.gsea-msigdb.org/gsea/msigdb/human/geneset/HALLMARK_TGF_BETA_SIGNALING,ACVR1;BMP2;BMPR1A;BMPR2;CDH1;CTNNB1;ENG;HDAC1;IFNGR2;JUNB;SMAD3;TGFB1;TGFBR1;THBS1,ACVR1;BMP2;BMPR1A;BMPR2;CDH1;CTNNB1;ENG;HDAC1;IFNGR2;JUNB;SMAD3;TGFB1;TGFBR1;THBS1,True,True,14,0,True
tumor_1,HALLMARK_TNFA_SIGNALING_VIA_NFKB,200,74,0.37,https://www.gsea-msigdb.org/gsea/msigdb/human/geneset/HALLMARK_TNFA_SIGNALING_VIA_NFKB,ACKR3;AREG;ATF3;BIRC3;BMP2;BTG1;CCL2;CCL20;CCL4;CCL5;CCND1;CCRL2;CD44;CD69;CD80;CD83;CDKN1A;CFLAR;CLCF1;CSF1;CSF2;CXCL1;CXCL10;DUSP1;DUSP2;DUSP4;DUSP5;EFNA1;FOS;G0S2;GADD45B;GPR183;ICAM1;ICOSLG;IER3;IFIH1;IFNGR2;IL12B;IL15RA;IL18;IL1A;IL1B;IL23A;IL6;IL6ST;IL7R;INHBA;JAG1;JUN;JUNB;KLF2;LDLR;LIF;MYC;NFKB1;NFKBIA;OLR1;PHLDA2;PTGS2;RELA;SAT1;SMAD3;SOD2;SQSTM1;STAT5A;TAP1;TLR2;TNF;TNFAIP6;TNFRSF9;TNFSF9;TSC22D1;VEGFA;ZFP36,ACKR3;AREG;ATF3;BIRC3;BMP2;BTG1;CCL2;CCL20;CCL4;CCL5;CCND1;CCRL2;CD44;CD69;CD80;CD83;CDKN1A;CFLAR;CLCF1;CSF1;CSF2;CXCL1;CXCL10;DUSP1;DUSP2;DUSP4;DUSP5;EFNA1;FOS;G0S2;GADD45B;GPR183;ICAM1;ICOSLG;IER3;IFIH1;IFNGR2;IL12B;IL15RA;IL18;IL1A;IL1B;IL23A;IL6;IL6ST;IL7R;INHBA;JAG1;JUN;JUNB;KLF2;LDLR;LIF;MYC;NFKB1;NFKBIA;OLR1;PHLDA2;PTGS2;RELA;SAT1;SMAD3;SOD2;SQSTM1;STAT5A;TAP1;TLR2;TNF;TNFAIP6;TNFRSF9;TNFSF9;TSC22D1;VEGFA;ZFP36,True,True,74,0,True
tumor_1,HALLMARK_UNFOLDED_PROTEIN_RESPONSE,113,7,0.061946902654867256,https://www.gsea-msigdb.org/gsea/msigdb/human/geneset/HALLMARK_UNFOLDED_PROTEIN_RESPONSE,ATF3;BAG3;CCL2;HSP90B1;IFIT1;VEGFA;XBP1,ATF3;BAG3;CCL2;HSP90B1;IFIT1;VEGFA;XBP1,True,True,7,0,False
tumor_1,HALLMARK_UV_RESPONSE_DN,144,33,0.22916666666666666,https://www.gsea-msigdb.org/gsea/msigdb/human/geneset/HALLMARK_UV_RESPONSE_DN,ACVR2A;ADGRL2;ANXA2;ANXA4;BMPR1A;CAV1;COL11A1;COL1A1;COL1A2;COL3A1;COL5A2;DUSP1;ERBB2;FYN;ICA1;IGF1R;IGFBP5;INSIG1;KIT;LDLR;MAPK14;MET;MYC;NFKB1;NOTCH2;NR3C1;PDGFRB;PPARG;PTEN;RXRA;SMAD3;SNAI2;TGFBR2,ACVR2A;ADGRL2;ANXA2;ANXA4;BMPR1A;CAV1;COL11A1;COL1A1;COL1A2;COL3A1;COL5A2;DUSP1;ERBB2;FYN;ICA1;IGF1R;IGFBP5;INSIG1;KIT;LDLR;MAPK14;MET;MYC;NFKB1;NOTCH2;NR3C1;PDGFRB;PPARG;PTEN;RXRA;SMAD3;SNAI2;TGFBR2,True,True,33,0,True
tumor_1,HALLMARK_UV_RESPONSE_UP,158,21,0.13291139240506328,https://www.gsea-msigdb.org/gsea/msigdb/human/geneset/HALLMARK_UV_RESPONSE_UP,AQP3;ATF3;BID;BMP2;BTG1;CASP3;EPCAM;FGF18;FOS;GPX3;ICAM1;IL6;IL6ST;JUNB;LYN;MMP14;NFKBIA;RXRB;SOD2;SQSTM1;TAP1,AQP3;ATF3;BID;BMP2;BTG1;CASP3;EPCAM;FGF18;FOS;GPX3;ICAM1;IL6;IL6ST;JUNB;LYN;MMP14;NFKBIA;RXRB;SOD2;SQSTM1;TAP1,True,True,21,0,True
tumor_1,HALLMARK_WNT_BETA_CATENIN_SIGNALING,42,15,0.35714285714285715,https://www.gsea-msigdb.org/gsea/msigdb/human/geneset/HALLMARK_WNT_BETA_CATENIN_SIGNALING,CTNNB1;DLL1;FZD1;FZD8;HDAC11;HDAC5;HEY1;JAG1;MYC;NOTCH1;PPARD;RBPJ;TCF7;TP53;WNT5B,CTNNB1;DLL1;FZD1;FZD8;HDAC11;HDAC5;HEY1;JAG1;MYC;NOTCH1;PPARD;RBPJ;TCF7;TP53;WNT5B,True,True,15,0,True
tumor_1,HALLMARK_XENOBIOTIC_METABOLISM,200,20,0.1,https://www.gsea-msigdb.org/gsea/msigdb/human/geneset/HALLMARK_XENOBIOTIC_METABOLISM,APOE;ARG1;CD36;CRP;DDC;EPHA2;ESR1;FAS;HSD17B2;IGF1;IL1R1;MT2A;PPARD;PTGDS;PTGES;PTGES3;REG1A;TGFB2;TNFRSF1A;VTN,APOE;ARG1;CD36;CRP;DDC;EPHA2;ESR1;FAS;HSD17B2;IGF1;IL1R1;MT2A;PPARD;PTGDS;PTGES;PTGES3;REG1A;TGFB2;TNFRSF1A;VTN,True,True,20,0,True
tumor_2,HALLMARK_ADIPOGENESIS,200,20,0.1,https://www.gsea-msigdb.org/gsea/msigdb/human/geneset/HALLMARK_ADIPOGENESIS,ADIPOQ;ANGPT1;APOE;CD36;CIDEA;COL15A1;COL4A1;FABP4;FZD4;GPX3;IFNGR1;LAMA4;LEP;LIFR;PPARG;SOD1;SORBS1;SPARCL1;STAT5A;VEGFB,ADIPOQ;ANGPT1;APOE;CD36;CIDEA;COL15A1;COL4A1;FABP4;FZD4;GPX3;IFNGR1;LAMA4;LEP;LIFR;PPARG;SOD1;SORBS1;SPARCL1;STAT5A;VEGFB,True,True,20,0,True
tumor_2,HALLMARK_ALLOGRAFT_REJECTION,200,101,0.505,https://www.gsea-msigdb.org/gsea/msigdb/human/geneset/HALLMARK_ALLOGRAFT_REJECTION,ACVR2A;AKT1;B2M;BRCA1;CCL11;CCL13;CCL19;CCL2;CCL22;CCL4;CCL5;CCR1;CCR2;CCR5;CD2;CD28;CD3D;CD3E;CD3G;CD4;CD40;CD40LG;CD47;CD74;CD79A;CD80;CD86;CD8A;CD8B;CSF1;CSK;CXCL13;CXCL9;CXCR3;EGFR;EIF5A;ELANE;ETS1;FAS;FASLG;FGR;FYB1;GZMA;GZMB;HIF1A;HLA.A;HLA.DQA1;HLA.DRA;ICAM1;ICOSLG;IFNAR2;IFNG;IFNGR1;IFNGR2;IL10;IL11;IL12A;IL12B;IL12RB1;IL15;IL16;IL18;IL1B;IL2;IL27RA;IL2RA;IL2RB;IL2RG;IL4R;IL6;IL7;INHBA;INHBB;IRF4;ITGAL;ITGB2;ITK;JAK2;KRT1;LIF;LTB;LY75;LYN;MMP9;NCR1;NLRP3;PF4;PRF1;PTPRC;SRGN;STAT1;STAT4;TAP1;TAP2;TGFB1;TGFB2;TIMP1;TLR1;TLR2;TLR3;TNF,ACVR2A;AKT1;B2M;BRCA1;CCL11;CCL13;CCL19;CCL2;CCL22;CCL4;CCL5;CCR1;CCR2;CCR5;CD2;CD28;CD3D;CD3E;CD3G;CD4;CD40;CD40LG;CD47;CD74;CD79A;CD80;CD86;CD8A;CD8B;CSF1;CSK;CXCL13;CXCL9;CXCR3;EGFR;EIF5A;ELANE;ETS1;FAS;FASLG;FGR;FYB1;GZMA;GZMB;HIF1A;HLA-A;HLA-DQA1;HLA-DRA;ICAM1;ICOSLG;IFNAR2;IFNG;IFNGR1;IFNGR2;IL10;IL11;IL12A;IL12B;IL12RB1;IL15;IL16;IL18;IL1B;IL2;IL27RA;IL2RA;IL2RB;IL2RG;IL4R;IL6;IL7;INHBA;INHBB;IRF4;ITGAL;ITGB2;ITK;JAK2;KRT1;LIF;LTB;LY75;LYN;MMP9;NCR1;NLRP3;PF4;PRF1;PTPRC;SRGN;STAT1;STAT4;TAP1;TAP2;TGFB1;TGFB2;TIMP1;TLR1;TLR2;TLR3;TNF,True,True,101,0,True
tumor_2,HALLMARK_ANDROGEN_RESPONSE,101,20,0.19801980198019803,https://www.gsea-msigdb.org/gsea/msigdb/human/geneset/HALLMARK_ANDROGEN_RESPONSE,AKT1;ARID5B;AZGP1;B2M;CCND1;FKBP5;HMGCS1;INSIG1;ITGAV;KLK3;KRT19;KRT8;LIFR;MAF;MERTK;MYL12A;NDRG1;SAT1;SELENOP;TSC22D1,AKT1;ARID5B;AZGP1;B2M;CCND1;FKBP5;HMGCS1;INSIG1;ITGAV;KLK3;KRT19;KRT8;LIFR;MAF;MERTK;MYL12A;NDRG1;SAT1;SELENOP;TSC22D1,True,True,20,0,True
tumor_2,HALLMARK_ANGIOGENESIS,36,18,0.5,https://www.gsea-msigdb.org/gsea/msigdb/human/geneset/HALLMARK_ANGIOGENESIS,APP;COL3A1;COL5A2;FGFR1;ITGAV;JAG1;LUM;OLR1;PDGFA;PF4;PTK2;S100A4;SPP1;TIMP1;TNFRSF21;VCAN;VEGFA;VTN,APP;COL3A1;COL5A2;FGFR1;ITGAV;JAG1;LUM;OLR1;PDGFA;PF4;PTK2;S100A4;SPP1;TIMP1;TNFRSF21;VCAN;VEGFA;VTN,True,True,18,0,True
tumor_2,HALLMARK_APICAL_JUNCTION,200,42,0.21,https://www.gsea-msigdb.org/gsea/msigdb/human/geneset/HALLMARK_APICAL_JUNCTION,ACTG2;BMP1;CD209;CD274;CD276;CD34;CD86;CDH1;CDH11;CLDN4;COL16A1;COL17A1;CX3CL1;EGFR;FYB1;ICAM1;ICAM2;INSIG1;ITGA2;ITGA3;ITGA9;ITGB1;ITGB4;MAPK13;MAPK14;MMP2;MMP9;MYL9;PECAM1;PFN1;PLCG1;PTEN;PTK2;PTPRC;RAC2;SRC;SYK;TGFBI;TNFRSF11B;VCAM1;VCAN;VWF,ACTG2;BMP1;CD209;CD274;CD276;CD34;CD86;CDH1;CDH11;CLDN4;COL16A1;COL17A1;CX3CL1;EGFR;FYB1;ICAM1;ICAM2;INSIG1;ITGA2;ITGA3;ITGA9;ITGB1;ITGB4;MAPK13;MAPK14;MMP2;MMP9;MYL9;PECAM1;PFN1;PLCG1;PTEN;PTK2;PTPRC;RAC2;SRC;SYK;TGFBI;TNFRSF11B;VCAM1;VCAN;VWF,True,True,42,0,True
tumor_2,HALLMARK_APICAL_SURFACE,44,10,0.22727272727272727,https://www.gsea-msigdb.org/gsea/msigdb/human/geneset/HALLMARK_APICAL_SURFACE,APP;BRCA1;CX3CL1;EFNA5;EPHB4;GATA3;HSPB1;IL2RB;IL2RG;LYN,APP;BRCA1;CX3CL1;EFNA5;EPHB4;GATA3;HSPB1;IL2RB;IL2RG;LYN,True,True,10,0,True
tumor_2,HALLMARK_APOPTOSIS,161,67,0.4161490683229814,https://www.gsea-msigdb.org/gsea/msigdb/human/geneset/HALLMARK_APOPTOSIS,ANXA1;APP;ATF3;BAX;BCL2L1;BGN;BID;BIRC3;BMP2;BRCA1;CASP3;CASP8;CAV1;CCND1;CD14;CD2;CD38;CD44;CD69;CDKN1A;CFLAR;CLU;CTNNB1;DCN;DDIT3;ERBB2;ERBB3;FAS;FASLG;GADD45B;GPX1;GPX3;GSN;HGF;HMGB2;HSPB1;IER3;IFITM3;IFNGR1;IGF2R;IGFBP6;IL18;IL1A;IL1B;IL6;JUN;KRT18;LGALS3;LMNA;LUM;MMP2;PDGFRB;PRF1;PTK2;RARA;RELA;SAT1;SOD1;SOD2;SQSTM1;TAP1;TGFB2;TIMP1;TNF;TNFRSF12A;TNFSF10;TOP2A,ANXA1;APP;ATF3;BAX;BCL2L1;BGN;BID;BIRC3;BMP2;BRCA1;CASP3;CASP8;CAV1;CCND1;CD14;CD2;CD38;CD44;CD69;CDKN1A;CFLAR;CLU;CTNNB1;DCN;DDIT3;ERBB2;ERBB3;FAS;FASLG;GADD45B;GPX1;GPX3;GSN;HGF;HMGB2;HSPB1;IER3;IFITM3;IFNGR1;IGF2R;IGFBP6;IL18;IL1A;IL1B;IL6;JUN;KRT18;LGALS3;LMNA;LUM;MMP2;PDGFRB;PRF1;PTK2;RARA;RELA;SAT1;SOD1;SOD2;SQSTM1;TAP1;TGFB2;TIMP1;TNF;TNFRSF12A;TNFSF10;TOP2A,True,True,67,0,True
tumor_2,HALLMARK_BILE_ACID_METABOLISM,112,6,0.05357142857142857,https://www.gsea-msigdb.org/gsea/msigdb/human/geneset/HALLMARK_BILE_ACID_METABOLISM,APOA1;AR;GC;RXRA;SOD1;TTR,APOA1;AR;GC;RXRA;SOD1;TTR,True,True,6,0,False
tumor_2,HALLMARK_CHOLESTEROL_HOMEOSTASIS,74,15,0.20270270270270271,https://www.gsea-msigdb.org/gsea/msigdb/human/geneset/HALLMARK_CHOLESTEROL_HOMEOSTASIS,ALCAM;ATF3;CD9;CLU;CTNNB1;CXCL16;FABP5;FASN;HMGCS1;JAG1;LDLR;LGALS3;PPARG;SQLE;TNFRSF12A,ALCAM;ATF3;CD9;CLU;CTNNB1;CXCL16;FABP5;FASN;HMGCS1;JAG1;LDLR;LGALS3;PPARG;SQLE;TNFRSF12A,True,True,15,0,True
tumor_2,HALLMARK_COAGULATION,138,30,0.21739130434782608,https://www.gsea-msigdb.org/gsea/msigdb/human/geneset/HALLMARK_COAGULATION,ANXA1;APOA1;APOC1;BMP1;C1QA;CD9;CFD;CLU;DPP4;DUSP6;FGG;FN1;FYN;GSN;ITGA2;LAMP2;MMP1;MMP14;MMP2;MMP7;MMP9;OLR1;PDGFB;PECAM1;PF4;RAC1;SERPINA1;THBS1;TIMP1;VWF,ANXA1;APOA1;APOC1;BMP1;C1QA;CD9;CFD;CLU;DPP4;DUSP6;FGG;FN1;FYN;GSN;ITGA2;LAMP2;MMP1;MMP14;MMP2;MMP7;MMP9;OLR1;PDGFB;PECAM1;PF4;RAC1;SERPINA1;THBS1;TIMP1;VWF,True,True,30,0,True
tumor_2,HALLMARK_COMPLEMENT,200,43,0.215,https://www.gsea-msigdb.org/gsea/msigdb/human/geneset/HALLMARK_COMPLEMENT,APOC1;C1QA;C1QC;CALM1;CALM3;CASP3;CCL5;CD36;CD40LG;CD55;CD59;CLU;COL4A2;CTSD;CXCL1;DPP4;DUSP5;DUSP6;FCER1G;FN1;FYN;GATA3;GZMA;GZMB;GZMK;HSPA1A;IL6;ITGAM;JAK2;LAMP2;LGALS3;LTF;LYN;MMP12;MMP14;OLR1;PDGFB;PFN1;S100A9;SERPINA1;SPOCK2;SRC;TIMP1,APOC1;C1QA;C1QC;CALM1;CALM3;CASP3;CCL5;CD36;CD40LG;CD55;CD59;CLU;COL4A2;CTSD;CXCL1;DPP4;DUSP5;DUSP6;FCER1G;FN1;FYN;GATA3;GZMA;GZMB;GZMK;HSPA1A;IL6;ITGAM;JAK2;LAMP2;LGALS3;LTF;LYN;MMP12;MMP14;OLR1;PDGFB;PFN1;S100A9;SERPINA1;SPOCK2;SRC;TIMP1,True,True,43,0,True
tumor_2,HALLMARK_DNA_REPAIR,150,4,0.02666666666666667,https://www.gsea-msigdb.org/gsea/msigdb/human/geneset/HALLMARK_DNA_REPAIR,NPR2;PCNA;TP53;TYMS,NPR2;PCNA;TP53;TYMS,False,False,4,0,False
tumor_2,HALLMARK_E2F_TARGETS,200,19,0.095,https://www.gsea-msigdb.org/gsea/msigdb/human/geneset/HALLMARK_E2F_TARGETS,BIRC5;BRCA1;CDKN1A;CDKN3;CHEK1;CHEK2;DNMT1;EZH2;H2AZ1;HMGB2;MKI67;MYC;PCNA;PTTG1;SRSF2;STMN1;TOP2A;TP53;TUBB,BIRC5;BRCA1;CDKN1A;CDKN3;CHEK1;CHEK2;DNMT1;EZH2;H2AZ1;HMGB2;MKI67;MYC;PCNA;PTTG1;SRSF2;STMN1;TOP2A;TP53;TUBB,True,True,19,0,True
tumor_2,HALLMARK_EPITHELIAL_MESENCHYMAL_TRANSITION,200,76,0.38,https://www.gsea-msigdb.org/gsea/msigdb/human/geneset/HALLMARK_EPITHELIAL_MESENCHYMAL_TRANSITION,ACTA2;AREG;BASP1;BGN;BMP1;CALD1;CD44;CD59;CDH11;COL11A1;COL12A1;COL16A1;COL1A1;COL1A2;COL3A1;COL4A1;COL4A2;COL5A1;COL5A2;COL5A3;COL6A2;COL6A3;CXCL1;CXCL12;CXCL8;DCN;DST;EMP3;FAP;FAS;FGF2;FN1;FZD8;GADD45B;IGFBP3;IL15;IL32;IL6;INHBA;ITGA2;ITGA5;ITGAV;ITGB1;ITGB5;JUN;LGALS1;LUM;MFAP5;MGP;MMP1;MMP14;MMP2;MYL9;NOTCH2;PDGFRB;PRSS2;SAT1;SERPINH1;SNAI2;SPP1;TAGLN;TGFB1;TGFBI;THBS1;THBS2;TIMP1;TNFRSF11B;TNFRSF12A;TPM1;TPM2;VCAM1;VCAN;VEGFA;VEGFC;VIM;WNT5A,ACTA2;AREG;BASP1;BGN;BMP1;CALD1;CD44;CD59;CDH11;COL11A1;COL12A1;COL16A1;COL1A1;COL1A2;COL3A1;COL4A1;COL4A2;COL5A1;COL5A2;COL5A3;COL6A2;COL6A3;CXCL1;CXCL12;CXCL8;DCN;DST;EMP3;FAP;FAS;FGF2;FN1;FZD8;GADD45B;IGFBP3;IL15;IL32;IL6;INHBA;ITGA2;ITGA5;ITGAV;ITGB1;ITGB5;JUN;LGALS1;LUM;MFAP5;MGP;MMP1;MMP14;MMP2;MYL9;NOTCH2;PDGFRB;PRSS2;SAT1;SERPINH1;SNAI2;SPP1;TAGLN;TGFB1;TGFBI;THBS1;THBS2;TIMP1;TNFRSF11B;TNFRSF12A;TPM1;TPM2;VCAM1;VCAN;VEGFA;VEGFC;VIM;WNT5A,True,True,76,0,True
tumor_2,HALLMARK_ESTROGEN_RESPONSE_EARLY,200,32,0.16,https://www.gsea-msigdb.org/gsea/msigdb/human/geneset/HALLMARK_ESTROGEN_RESPONSE_EARLY,AQP3;AR;AREG;BCL2;CCND1;CD44;CELSR1;CELSR2;CXCL12;DHRS2;FASN;FKBP5;FOS;IGF1R;IL17RB;IL6ST;INHBB;JAK2;KRT13;KRT15;KRT18;KRT19;KRT8;MSMB;MYC;PGR;PTGES;RARA;SFN;SLC2A1;THSD4;XBP1,AQP3;AR;AREG;BCL2;CCND1;CD44;CELSR1;CELSR2;CXCL12;DHRS2;FASN;FKBP5;FOS;IGF1R;IL17RB;IL6ST;INHBB;JAK2;KRT13;KRT15;KRT18;KRT19;KRT8;MSMB;MYC;PGR;PTGES;RARA;SFN;SLC2A1;THSD4;XBP1,True,True,32,0,True
tumor_2,HALLMARK_ESTROGEN_RESPONSE_LATE,200,37,0.185,https://www.gsea-msigdb.org/gsea/msigdb/human/geneset/HALLMARK_ESTROGEN_RESPONSE_LATE,AGR2;AREG;BCL2;CAV1;CCND1;CD44;CD9;CDH1;CELSR2;CXCL12;CXCL14;DHRS2;DUSP2;FABP5;FGFR3;FKBP5;FOS;GPER1;IL17RB;IL6ST;JAK1;JAK2;KRT13;KRT19;LTF;MAPK13;PGR;PTGES;S100A9;SERPINA1;SERPINA3;SFN;TNNC1;TOP2A;TPSAB1;XBP1;ZFP36,AGR2;AREG;BCL2;CAV1;CCND1;CD44;CD9;CDH1;CELSR2;CXCL12;CXCL14;DHRS2;DUSP2;FABP5;FGFR3;FKBP5;FOS;GPER1;IL17RB;IL6ST;JAK1;JAK2;KRT13;KRT19;LTF;MAPK13;PGR;PTGES;S100A9;SERPINA1;SERPINA3;SFN;TNNC1;TOP2A;TPSAB1;XBP1;ZFP36,True,True,37,0,True
tumor_2,HALLMARK_FATTY_ACID_METABOLISM,158,13,0.08227848101265822,https://www.gsea-msigdb.org/gsea/msigdb/human/geneset/HALLMARK_FATTY_ACID_METABOLISM,CD36;CIDEA;FASN;G0S2;GLUL;H2AZ1;HMGCS1;HSP90AA1;LDHA;LGALS1;MIF;PPARA;S100A10,CD36;CIDEA;FASN;G0S2;GLUL;H2AZ1;HMGCS1;HSP90AA1;LDHA;LGALS1;MIF;PPARA;S100A10,True,True,13,0,True
tumor_2,HALLMARK_G2M_CHECKPOINT,200,26,0.13,https://www.gsea-msigdb.org/gsea/msigdb/human/geneset/HALLMARK_G2M_CHECKPOINT,ABL1;BIRC5;CCND1;CDKN3;CENPF;CHEK1;EFNA5;EGF;EZH2;H2AZ1;HIF1A;HMGN2;MAPK14;MKI67;MT2A;MYC;NOTCH2;NUSAP1;PTTG1;SMAD3;SQLE;SRSF2;STMN1;TGFB1;TOP2A;UBE2C,ABL1;BIRC5;CCND1;CDKN3;CENPF;CHEK1;EFNA5;EGF;EZH2;H2AZ1;HIF1A;HMGN2;MAPK14;MKI67;MT2A;MYC;NOTCH2;NUSAP1;PTTG1;SMAD3;SQLE;SRSF2;STMN1;TGFB1;TOP2A;UBE2C,True,True,26,0,True
tumor_2,HALLMARK_GLYCOLYSIS,200,23,0.115,https://www.gsea-msigdb.org/gsea/msigdb/human/geneset/HALLMARK_GLYCOLYSIS,CD44;COL5A1;CXCR4;DCN;EGFR;ENO1;G6PD;IER3;IGFBP3;IL13RA1;LDHA;MERTK;MET;MIF;PGK1;PPIA;SOD1;SOX9;STMN1;TGFBI;TPI1;VCAN;VEGFA,CD44;COL5A1;CXCR4;DCN;EGFR;ENO1;G6PD;IER3;IGFBP3;IL13RA1;LDHA;MERTK;MET;MIF;PGK1;PPIA;SOD1;SOX9;STMN1;TGFBI;TPI1;VCAN;VEGFA,True,True,23,0,True
tumor_2,HALLMARK_HEDGEHOG_SIGNALING,36,5,0.1388888888888889,https://www.gsea-msigdb.org/gsea/msigdb/human/geneset/HALLMARK_HEDGEHOG_SIGNALING,ADGRG1;CELSR1;CNTFR;HEY1;VEGFA,ADGRG1;CELSR1;CNTFR;HEY1;VEGFA,True,True,5,0,False
tumor_2,HALLMARK_HEME_METABOLISM,200,10,0.05,https://www.gsea-msigdb.org/gsea/msigdb/human/geneset/HALLMARK_HEME_METABOLISM,ACKR1;ACP5;AQP3;EPOR;H4C3;HBB;LAMP2;MYL4;NR3C1;SLC2A1,ACKR1;ACP5;AQP3;EPOR;H4C3;HBB;LAMP2;MYL4;NR3C1;SLC2A1,True,True,10,0,True
tumor_2,HALLMARK_HYPOXIA,200,42,0.21,https://www.gsea-msigdb.org/gsea/msigdb/human/geneset/HALLMARK_HYPOXIA,ACKR3;ANXA2;ATF3;BCL2;BGN;BTG1;CAV1;CDKN1A;COL5A1;CXCR4;DCN;DDIT3;DUSP1;EFNA1;EGFR;ENO1;ETS1;FOS;IER3;IGFBP3;IL6;INHA;JUN;LDHA;MIF;MT2A;NDRG1;NR3C1;PDGFB;PGF;PGK1;PLAC8;RBPJ;RORA;S100A4;SLC2A1;TGFB3;TGFBI;TPI1;VEGFA;VHL;ZFP36,ACKR3;ANXA2;ATF3;BCL2;BGN;BTG1;CAV1;CDKN1A;COL5A1;CXCR4;DCN;DDIT3;DUSP1;EFNA1;EGFR;ENO1;ETS1;FOS;IER3;IGFBP3;IL6;INHA;JUN;LDHA;MIF;MT2A;NDRG1;NR3C1;PDGFB;PGF;PGK1;PLAC8;RBPJ;RORA;S100A4;SLC2A1;TGFB3;TGFBI;TPI1;VEGFA;VHL;ZFP36,True,True,42,0,True
tumor_2,HALLMARK_IL2_STAT5_SIGNALING,199,57,0.2864321608040201,https://www.gsea-msigdb.org/gsea/msigdb/human/geneset/HALLMARK_IL2_STAT5_SIGNALING,AHR;ALCAM;ANXA4;BCL2;BCL2L1;BMP2;BMPR2;CASP3;CD44;CD48;CD81;CD83;CD86;COL6A1;CSF1;CSF2;CST7;CTLA4;CXCL10;EOMES;ETV4;FLT3LG;GADD45B;ICOS;IFITM3;IFNGR1;IGF1R;IGF2R;IL10;IL10RA;IL18R1;IL1R2;IL1RL1;IL2RA;IL2RB;IL3RA;IL4R;IRF4;ITGA6;ITGAE;ITGAV;LIF;LTB;MYC;NDRG1;RORA;SELL;SPP1;SPRY4;TLR7;TNFRSF18;TNFRSF1B;TNFRSF21;TNFRSF4;TNFRSF9;TNFSF10;XBP1,AHR;ALCAM;ANXA4;BCL2;BCL2L1;BMP2;BMPR2;CASP3;CD44;CD48;CD81;CD83;CD86;COL6A1;CSF1;CSF2;CST7;CTLA4;CXCL10;EOMES;ETV4;FLT3LG;GADD45B;ICOS;IFITM3;IFNGR1;IGF1R;IGF2R;IL10;IL10RA;IL18R1;IL1R2;IL1RL1;IL2RA;IL2RB;IL3RA;IL4R;IRF4;ITGA6;ITGAE;ITGAV;LIF;LTB;MYC;NDRG1;RORA;SELL;SPP1;SPRY4;TLR7;TNFRSF18;TNFRSF1B;TNFRSF21;TNFRSF4;TNFRSF9;TNFSF10;XBP1,True,True,57,0,True
tumor_2,HALLMARK_IL6_JAK_STAT3_SIGNALING,87,56,0.6436781609195402,https://www.gsea-msigdb.org/gsea/msigdb/human/geneset/HALLMARK_IL6_JAK_STAT3_SIGNALING,ACVR1B;ACVRL1;CCR1;CD14;CD36;CD38;CD44;CD9;CNTFR;CSF1;CSF2;CSF2RA;CSF2RB;CSF3R;CXCL1;CXCL10;CXCL13;CXCL9;FAS;IFNAR1;IFNGR1;IFNGR2;IL10RB;IL12RB1;IL13RA1;IL15RA;IL17RA;IL17RB;IL18R1;IL1B;IL1R1;IL1R2;IL2RA;IL2RG;IL3RA;IL4R;IL6;IL6ST;IL7;JUN;LTB;LTBR;OSMR;PDGFC;PF4;REG1A;STAT1;STAT3;TGFB1;TLR2;TNF;TNFRSF12A;TNFRSF1A;TNFRSF1B;TNFRSF21;TYK2,ACVR1B;ACVRL1;CCR1;CD14;CD36;CD38;CD44;CD9;CNTFR;CSF1;CSF2;CSF2RA;CSF2RB;CSF3R;CXCL1;CXCL10;CXCL13;CXCL9;FAS;IFNAR1;IFNGR1;IFNGR2;IL10RB;IL12RB1;IL13RA1;IL15RA;IL17RA;IL17RB;IL18R1;IL1B;IL1R1;IL1R2;IL2RA;IL2RG;IL3RA;IL4R;IL6;IL6ST;IL7;JUN;LTB;LTBR;OSMR;PDGFC;PF4;REG1A;STAT1;STAT3;TGFB1;TLR2;TNF;TNFRSF12A;TNFRSF1A;TNFRSF1B;TNFRSF21;TYK2,True,True,56,0,True
tumor_2,HALLMARK_INFLAMMATORY_RESPONSE,200,87,0.435,https://www.gsea-msigdb.org/gsea/msigdb/human/geneset/HALLMARK_INFLAMMATORY_RESPONSE,ACVR1B;ACVR2A;AHR;AXL;BEST1;BST2;CCL17;CCL2;CCL20;CCL22;CCL5;CCR7;CCRL2;CD14;CD40;CD48;CD55;CD69;CD70;CDKN1A;CLEC5A;CMKLR1;CSF1;CSF3;CSF3R;CX3CL1;CXCL10;CXCL8;CXCL9;CXCR6;EMP3;FFAR2;FPR1;FZD5;GPR183;HIF1A;ICAM1;ICOSLG;IFITM1;IFNAR1;IFNGR2;IL10;IL10RA;IL12B;IL15;IL15RA;IL18;IL18R1;IL1A;IL1B;IL1R1;IL2RB;IL4R;IL6;IL7R;INHBA;ITGA5;ITGB8;LAMP3;LDLR;LIF;LYN;MARCO;MET;MMP14;MSR1;MYC;NFKB1;NFKBIA;NLRP3;NOD2;OLR1;OSM;OSMR;RELA;RGS1;SELL;TIMP1;TLR1;TLR2;TLR3;TNFAIP6;TNFRSF1B;TNFRSF9;TNFSF10;TNFSF15;TNFSF9,ACVR1B;ACVR2A;AHR;AXL;BEST1;BST2;CCL17;CCL2;CCL20;CCL22;CCL5;CCR7;CCRL2;CD14;CD40;CD48;CD55;CD69;CD70;CDKN1A;CLEC5A;CMKLR1;CSF1;CSF3;CSF3R;CX3CL1;CXCL10;CXCL8;CXCL9;CXCR6;EMP3;FFAR2;FPR1;FZD5;GPR183;HIF1A;ICAM1;ICOSLG;IFITM1;IFNAR1;IFNGR2;IL10;IL10RA;IL12B;IL15;IL15RA;IL18;IL18R1;IL1A;IL1B;IL1R1;IL2RB;IL4R;IL6;IL7R;INHBA;ITGA5;ITGB8;LAMP3;LDLR;LIF;LYN;MARCO;MET;MMP14;MSR1;MYC;NFKB1;NFKBIA;NLRP3;NOD2;OLR1;OSM;OSMR;RELA;RGS1;SELL;TIMP1;TLR1;TLR2;TLR3;TNFAIP6;TNFRSF1B;TNFRSF9;TNFSF10;TNFSF15;TNFSF9,True,True,87,0,True
tumor_2,HALLMARK_INTERFERON_ALPHA_RESPONSE,97,25,0.25773195876288657,https://www.gsea-msigdb.org/gsea/msigdb/human/geneset/HALLMARK_INTERFERON_ALPHA_RESPONSE,B2M;BST2;CASP8;CCRL2;CD47;CD74;CSF1;CXCL10;IFI27;IFI44L;IFIH1;IFIT3;IFITM1;IFITM3;IL15;IL4R;IL7;ISG15;LAMP3;LGALS3BP;MX1;OAS1;OASL;SELL;TAP1,B2M;BST2;CASP8;CCRL2;CD47;CD74;CSF1;CXCL10;IFI27;IFI44L;IFIH1;IFIT3;IFITM1;IFITM3;IL15;IL4R;IL7;ISG15;LAMP3;LGALS3BP;MX1;OAS1;OASL;SELL;TAP1,True,True,25,0,True
tumor_2,HALLMARK_INTERFERON_GAMMA_RESPONSE,200,66,0.33,https://www.gsea-msigdb.org/gsea/msigdb/human/geneset/HALLMARK_INTERFERON_GAMMA_RESPONSE,ARID5B;B2M;BST2;BTG1;CASP3;CASP8;CCL2;CCL5;CD274;CD38;CD40;CD69;CD74;CD86;CDKN1A;CIITA;CMKLR1;CSF2RB;CXCL10;CXCL9;FAS;FPR1;GZMA;HIF1A;HLA.A;HLA.DQA1;HLA.DRB1;ICAM1;IDO1;IFI27;IFI44L;IFIH1;IFIT1;IFIT3;IFITM3;IFNAR2;IL10RA;IL15;IL15RA;IL2RB;IL4R;IL6;IL7;IRF4;ISG15;JAK2;KLRK1;LGALS3BP;MT2A;MX1;NFKB1;NFKBIA;NLRC5;OAS2;OAS3;OASL;PTGS2;SOD2;STAT1;STAT3;STAT4;TAP1;TNFAIP6;TNFSF10;VCAM1;XCL1,ARID5B;B2M;BST2;BTG1;CASP3;CASP8;CCL2;CCL5;CD274;CD38;CD40;CD69;CD74;CD86;CDKN1A;CIITA;CMKLR1;CSF2RB;CXCL10;CXCL9;FAS;FPR1;GZMA;HIF1A;HLA-A;HLA-DQA1;HLA-DRB1;ICAM1;IDO1;IFI27;IFI44L;IFIH1;IFIT1;IFIT3;IFITM3;IFNAR2;IL10RA;IL15;IL15RA;IL2RB;IL4R;IL6;IL7;IRF4;ISG15;JAK2;KLRK1;LGALS3BP;MT2A;MX1;NFKB1;NFKBIA;NLRC5;OAS2;OAS3;OASL;PTGS2;SOD2;STAT1;STAT3;STAT4;TAP1;TNFAIP6;TNFSF10;VCAM1;XCL1,True,True,66,0,True
tumor_2,HALLMARK_KRAS_SIGNALING_DN,200,22,0.11,https://www.gsea-msigdb.org/gsea/msigdb/human/geneset/HALLMARK_KRAS_SIGNALING_DN,CD40LG;CD80;CELSR2;CNTFR;CPB1;EGF;FGFR3;IFI44L;IFNG;IL12B;KRT1;KRT13;KRT15;KRT4;KRT5;MX1;PDCD1;RYR2;SELENOP;TCL1A;TGFB2;ZBTB16,CD40LG;CD80;CELSR2;CNTFR;CPB1;EGF;FGFR3;IFI44L;IFNG;IL12B;KRT1;KRT13;KRT15;KRT4;KRT5;MX1;PDCD1;RYR2;SELENOP;TCL1A;TGFB2;ZBTB16,True,True,22,0,True
tumor_2,HALLMARK_KRAS_SIGNALING_UP,200,55,0.275,https://www.gsea-msigdb.org/gsea/msigdb/human/geneset/HALLMARK_KRAS_SIGNALING_UP,ACE;ADGRA2;ADGRL4;APOD;ARG1;ATG10;BIRC3;BMP2;CCL20;CD37;CIDEA;CLEC4A;CMKLR1;CSF2;CSF2RA;CXCL10;CXCR4;DUSP6;ENG;EPHB2;ETS1;ETV4;ETV5;FCER1G;FGF9;G0S2;GPNMB;IGF2;IGFBP3;IL10RA;IL1B;IL2RG;IL33;IL7R;INHBA;ITGA2;ITGB2;LIF;MMP9;PDCD1LG2;PECAM1;PIGR;PTGS2;SCG5;SERPINA3;SLPI;SOX9;SPARCL1;SPP1;SPRY2;ST6GAL1;TLR8;TNFRSF1B;TNNT2;WNT7A,ACE;ADGRA2;ADGRL4;APOD;ARG1;ATG10;BIRC3;BMP2;CCL20;CD37;CIDEA;CLEC4A;CMKLR1;CSF2;CSF2RA;CXCL10;CXCR4;DUSP6;ENG;EPHB2;ETS1;ETV4;ETV5;FCER1G;FGF9;G0S2;GPNMB;IGF2;IGFBP3;IL10RA;IL1B;IL2RG;IL33;IL7R;INHBA;ITGA2;ITGB2;LIF;MMP9;PDCD1LG2;PECAM1;PIGR;PTGS2;SCG5;SERPINA3;SLPI;SOX9;SPARCL1;SPP1;SPRY2;ST6GAL1;TLR8;TNFRSF1B;TNNT2;WNT7A,True,True,55,0,True
tumor_2,HALLMARK_MITOTIC_SPINDLE,199,9,0.04522613065326633,https://www.gsea-msigdb.org/gsea/msigdb/human/geneset/HALLMARK_MITOTIC_SPINDLE,ABL1;BIRC5;CENPF;DST;EZR;GSN;NOTCH2;NUSAP1;TOP2A,ABL1;BIRC5;CENPF;DST;EZR;GSN;NOTCH2;NUSAP1;TOP2A,True,True,9,0,False
tumor_2,HALLMARK_MTORC1_SIGNALING,200,24,0.12,https://www.gsea-msigdb.org/gsea/msigdb/human/geneset/HALLMARK_MTORC1_SIGNALING,CD9;CDKN1A;CXCR4;DDIT3;ENO1;G6PD;GSK3B;HMGCS1;HSP90B1;IGFBP5;INSIG1;ITGB2;LDHA;LDLR;NUPR1;PGK1;PPIA;SERPINH1;SLA;SLC2A1;SQLE;SQSTM1;TPI1;XBP1,CD9;CDKN1A;CXCR4;DDIT3;ENO1;G6PD;GSK3B;HMGCS1;HSP90B1;IGFBP5;INSIG1;ITGB2;LDHA;LDLR;NUPR1;PGK1;PPIA;SERPINH1;SLA;SLC2A1;SQLE;SQSTM1;TPI1;XBP1,True,True,24,0,True
tumor_2,HALLMARK_MYC_TARGETS_V1,200,13,0.065,https://www.gsea-msigdb.org/gsea/msigdb/human/geneset/HALLMARK_MYC_TARGETS_V1,H2AZ1;HSP90AB1;LDHA;MYC;PCNA;PGK1;PPIA;PTGES3;RACK1;RPL22;RPL34;SRSF2;TYMS,H2AZ1;HSP90AB1;LDHA;MYC;PCNA;PGK1;PPIA;PTGES3;RACK1;RPL22;RPL34;SRSF2;TYMS,True,True,13,0,True
tumor_2,HALLMARK_MYC_TARGETS_V2,58,2,0.034482758620689655,https://www.gsea-msigdb.org/gsea/msigdb/human/geneset/HALLMARK_MYC_TARGETS_V2,DUSP2;MYC,DUSP2;MYC,False,False,2,0,False
tumor_2,HALLMARK_MYOGENESIS,200,41,0.205,https://www.gsea-msigdb.org/gsea/msigdb/human/geneset/HALLMARK_MYOGENESIS,APOD;APP;CD36;CDKN1A;CFD;CLU;COL15A1;COL1A1;COL3A1;COL4A2;COL6A2;COL6A3;CRYAB;EPHB3;ERBB3;FGF2;GADD45B;GPX3;GSN;HDAC5;IGF1;IGFBP3;IGFBP7;ITGB1;ITGB4;ITGB5;MB;MYH11;MYL4;MYL7;NCAM1;NOTCH1;PTGIS;RB1;SORBS1;TAGLN;TCAP;TGFB1;TNNC1;TNNT2;TPM2,APOD;APP;CD36;CDKN1A;CFD;CLU;COL15A1;COL1A1;COL3A1;COL4A2;COL6A2;COL6A3;CRYAB;EPHB3;ERBB3;FGF2;GADD45B;GPX3;GSN;HDAC5;IGF1;IGFBP3;IGFBP7;ITGB1;ITGB4;ITGB5;MB;MYH11;MYL4;MYL7;NCAM1;NOTCH1;PTGIS;RB1;SORBS1;TAGLN;TCAP;TGFB1;TNNC1;TNNT2;TPM2,True,True,41,0,True
tumor_2,HALLMARK_NOTCH_SIGNALING,32,12,0.375,https://www.gsea-msigdb.org/gsea/msigdb/human/geneset/HALLMARK_NOTCH_SIGNALING,CCND1;DLL1;FZD1;FZD5;FZD7;JAG1;MAML2;NOTCH1;NOTCH2;NOTCH3;PPARD;WNT5A,CCND1;DLL1;FZD1;FZD5;FZD7;JAG1;MAML2;NOTCH1;NOTCH2;NOTCH3;PPARD;WNT5A,True,True,12,0,True
tumor_2,HALLMARK_OXIDATIVE_PHOSPHORYLATION,200,5,0.025,https://www.gsea-msigdb.org/gsea/msigdb/human/geneset/HALLMARK_OXIDATIVE_PHOSPHORYLATION,ATP5F1B;ATP5F1E;BAX;GLUD1;LDHA,ATP5F1B;ATP5F1E;BAX;GLUD1;LDHA,True,True,5,0,False
tumor_2,HALLMARK_P53_PATHWAY,200,42,0.21,https://www.gsea-msigdb.org/gsea/msigdb/human/geneset/HALLMARK_P53_PATHWAY,ACVR1B;APP;ATF3;BAX;BMP2;BTG1;CD81;CDKN1A;CTSD;DDIT3;EPHA2;FAS;FGF13;FOS;HDAC3;IER3;IL1A;INHBB;ITGB4;JUN;KRT17;LIF;NDRG1;NOTCH1;NUPR1;PCNA;PDGFA;RACK1;RB1;RXRA;S100A10;S100A4;SAT1;SERPINB5;SFN;TAP1;TGFB1;TM4SF1;TNFSF9;TP53;TSC22D1;ZBTB16,ACVR1B;APP;ATF3;BAX;BMP2;BTG1;CD81;CDKN1A;CTSD;DDIT3;EPHA2;FAS;FGF13;FOS;HDAC3;IER3;IL1A;INHBB;ITGB4;JUN;KRT17;LIF;NDRG1;NOTCH1;NUPR1;PCNA;PDGFA;RACK1;RB1;RXRA;S100A10;S100A4;SAT1;SERPINB5;SFN;TAP1;TGFB1;TM4SF1;TNFSF9;TP53;TSC22D1;ZBTB16,True,True,42,0,True
tumor_2,HALLMARK_PANCREAS_BETA_CELLS,40,5,0.125,https://www.gsea-msigdb.org/gsea/msigdb/human/geneset/HALLMARK_PANCREAS_BETA_CELLS,DPP4;GCG;IAPP;INS;SST,DPP4;GCG;IAPP;INS;SST,True,True,5,0,False
tumor_2,HALLMARK_PEROXISOME,104,4,0.038461538461538464,https://www.gsea-msigdb.org/gsea/msigdb/human/geneset/HALLMARK_PEROXISOME,SOD1;SOD2;TOP2A;TTR,SOD1;SOD2;TOP2A;TTR,False,False,4,0,False
tumor_2,HALLMARK_PI3K_AKT_MTOR_SIGNALING,105,20,0.19047619047619047,https://www.gsea-msigdb.org/gsea/msigdb/human/geneset/HALLMARK_PI3K_AKT_MTOR_SIGNALING,AKT1;ARF1;CDKN1A;CXCR4;DDIT3;EGFR;FASLG;GSK3B;HSP90B1;IL2RG;PFN1;PLCG1;PTEN;RAC1;SFN;SLA;SLC2A1;SMAD2;SQSTM1;TNFRSF1A,AKT1;ARF1;CDKN1A;CXCR4;DDIT3;EGFR;FASLG;GSK3B;HSP90B1;IL2RG;PFN1;PLCG1;PTEN;RAC1;SFN;SLA;SLC2A1;SMAD2;SQSTM1;TNFRSF1A,True,True,20,0,True
tumor_2,HALLMARK_PROTEIN_SECRETION,96,9,0.09375,https://www.gsea-msigdb.org/gsea/msigdb/human/geneset/HALLMARK_PROTEIN_SECRETION,ARF1;CD63;DST;EGFR;ICA1;IGF2R;KRT18;LAMP2;SOD1,ARF1;CD63;DST;EGFR;ICA1;IGF2R;KRT18;LAMP2;SOD1,True,True,9,0,False
tumor_2,HALLMARK_REACTIVE_OXYGEN_SPECIES_PATHWAY,49,7,0.14285714285714285,https://www.gsea-msigdb.org/gsea/msigdb/human/geneset/HALLMARK_REACTIVE_OXYGEN_SPECIES_PATHWAY,FES;G6PD;GPX3;JUNB;MPO;SOD1;SOD2,FES;G6PD;GPX3;JUNB;MPO;SOD1;SOD2,True,True,7,0,False
tumor_2,HALLMARK_SPERMATOGENESIS,135,7,0.05185185185185185,https://www.gsea-msigdb.org/gsea/msigdb/human/geneset/HALLMARK_SPERMATOGENESIS,ACE;BRAF;CDKN3;EZH2;IL12RB2;MTOR;SCG5,ACE;BRAF;CDKN3;EZH2;IL12RB2;MTOR;SCG5,True,True,7,0,False
tumor_2,HALLMARK_TGF_BETA_SIGNALING,54,14,0.25925925925925924,https://www.gsea-msigdb.org/gsea/msigdb/human/geneset/HALLMARK_TGF_BETA_SIGNALING,ACVR1;BMP2;BMPR1A;BMPR2;CDH1;CTNNB1;ENG;HDAC1;IFNGR2;JUNB;SMAD3;TGFB1;TGFBR1;THBS1,ACVR1;BMP2;BMPR1A;BMPR2;CDH1;CTNNB1;ENG;HDAC1;IFNGR2;JUNB;SMAD3;TGFB1;TGFBR1;THBS1,True,True,14,0,True
tumor_2,HALLMARK_TNFA_SIGNALING_VIA_NFKB,200,74,0.37,https://www.gsea-msigdb.org/gsea/msigdb/human/geneset/HALLMARK_TNFA_SIGNALING_VIA_NFKB,ACKR3;AREG;ATF3;BIRC3;BMP2;BTG1;CCL2;CCL20;CCL4;CCL5;CCND1;CCRL2;CD44;CD69;CD80;CD83;CDKN1A;CFLAR;CLCF1;CSF1;CSF2;CXCL1;CXCL10;DUSP1;DUSP2;DUSP4;DUSP5;EFNA1;FOS;G0S2;GADD45B;GPR183;ICAM1;ICOSLG;IER3;IFIH1;IFNGR2;IL12B;IL15RA;IL18;IL1A;IL1B;IL23A;IL6;IL6ST;IL7R;INHBA;JAG1;JUN;JUNB;KLF2;LDLR;LIF;MYC;NFKB1;NFKBIA;OLR1;PHLDA2;PTGS2;RELA;SAT1;SMAD3;SOD2;SQSTM1;STAT5A;TAP1;TLR2;TNF;TNFAIP6;TNFRSF9;TNFSF9;TSC22D1;VEGFA;ZFP36,ACKR3;AREG;ATF3;BIRC3;BMP2;BTG1;CCL2;CCL20;CCL4;CCL5;CCND1;CCRL2;CD44;CD69;CD80;CD83;CDKN1A;CFLAR;CLCF1;CSF1;CSF2;CXCL1;CXCL10;DUSP1;DUSP2;DUSP4;DUSP5;EFNA1;FOS;G0S2;GADD45B;GPR183;ICAM1;ICOSLG;IER3;IFIH1;IFNGR2;IL12B;IL15RA;IL18;IL1A;IL1B;IL23A;IL6;IL6ST;IL7R;INHBA;JAG1;JUN;JUNB;KLF2;LDLR;LIF;MYC;NFKB1;NFKBIA;OLR1;PHLDA2;PTGS2;RELA;SAT1;SMAD3;SOD2;SQSTM1;STAT5A;TAP1;TLR2;TNF;TNFAIP6;TNFRSF9;TNFSF9;TSC22D1;VEGFA;ZFP36,True,True,74,0,True
tumor_2,HALLMARK_UNFOLDED_PROTEIN_RESPONSE,113,7,0.061946902654867256,https://www.gsea-msigdb.org/gsea/msigdb/human/geneset/HALLMARK_UNFOLDED_PROTEIN_RESPONSE,ATF3;BAG3;CCL2;HSP90B1;IFIT1;VEGFA;XBP1,ATF3;BAG3;CCL2;HSP90B1;IFIT1;VEGFA;XBP1,True,True,7,0,False
tumor_2,HALLMARK_UV_RESPONSE_DN,144,33,0.22916666666666666,https://www.gsea-msigdb.org/gsea/msigdb/human/geneset/HALLMARK_UV_RESPONSE_DN,ACVR2A;ADGRL2;ANXA2;ANXA4;BMPR1A;CAV1;COL11A1;COL1A1;COL1A2;COL3A1;COL5A2;DUSP1;ERBB2;FYN;ICA1;IGF1R;IGFBP5;INSIG1;KIT;LDLR;MAPK14;MET;MYC;NFKB1;NOTCH2;NR3C1;PDGFRB;PPARG;PTEN;RXRA;SMAD3;SNAI2;TGFBR2,ACVR2A;ADGRL2;ANXA2;ANXA4;BMPR1A;CAV1;COL11A1;COL1A1;COL1A2;COL3A1;COL5A2;DUSP1;ERBB2;FYN;ICA1;IGF1R;IGFBP5;INSIG1;KIT;LDLR;MAPK14;MET;MYC;NFKB1;NOTCH2;NR3C1;PDGFRB;PPARG;PTEN;RXRA;SMAD3;SNAI2;TGFBR2,True,True,33,0,True
tumor_2,HALLMARK_UV_RESPONSE_UP,158,21,0.13291139240506328,https://www.gsea-msigdb.org/gsea/msigdb/human/geneset/HALLMARK_UV_RESPONSE_UP,AQP3;ATF3;BID;BMP2;BTG1;CASP3;EPCAM;FGF18;FOS;GPX3;ICAM1;IL6;IL6ST;JUNB;LYN;MMP14;NFKBIA;RXRB;SOD2;SQSTM1;TAP1,AQP3;ATF3;BID;BMP2;BTG1;CASP3;EPCAM;FGF18;FOS;GPX3;ICAM1;IL6;IL6ST;JUNB;LYN;MMP14;NFKBIA;RXRB;SOD2;SQSTM1;TAP1,True,True,21,0,True
tumor_2,HALLMARK_WNT_BETA_CATENIN_SIGNALING,42,15,0.35714285714285715,https://www.gsea-msigdb.org/gsea/msigdb/human/geneset/HALLMARK_WNT_BETA_CATENIN_SIGNALING,CTNNB1;DLL1;FZD1;FZD8;HDAC11;HDAC5;HEY1;JAG1;MYC;NOTCH1;PPARD;RBPJ;TCF7;TP53;WNT5B,CTNNB1;DLL1;FZD1;FZD8;HDAC11;HDAC5;HEY1;JAG1;MYC;NOTCH1;PPARD;RBPJ;TCF7;TP53;WNT5B,True,True,15,0,True
tumor_2,HALLMARK_XENOBIOTIC_METABOLISM,200,20,0.1,https://www.gsea-msigdb.org/gsea/msigdb/human/geneset/HALLMARK_XENOBIOTIC_METABOLISM,APOE;ARG1;CD36;CRP;DDC;EPHA2;ESR1;FAS;HSD17B2;IGF1;IL1R1;MT2A;PPARD;PTGDS;PTGES;PTGES3;REG1A;TGFB2;TNFRSF1A;VTN,APOE;ARG1;CD36;CRP;DDC;EPHA2;ESR1;FAS;HSD17B2;IGF1;IL1R1;MT2A;PPARD;PTGDS;PTGES;PTGES3;REG1A;TGFB2;TNFRSF1A;VTN,True,True,20,0,True
