receiver,condition,program,n_receivers,mean_signed_score_delta,SD_across_masking_repeats,min_repeat_mean,max_repeat_mean,mean_absolute_of_cellwise_repeat_mean_delta,fraction_cells_positive_repeat_mean_delta,fraction_cells_negative_repeat_mean_delta,same_sign_in_all_repeat_means
tumor_1,random,HALLMARK_ADIPOGENESIS,19659,0.02030018295454301,0.0011978630840204206,0.018568137153922738,0.02263620813478104,0.029154138832949303,0.5758176916425047,0.4241823083574953,True
tumor_1,random,HALLMARK_ALLOGRAFT_REJECTION,19659,0.017797463722136867,0.0010322465659033612,0.016299500468292486,0.019866370401664706,0.025372839514267314,0.5755633552062669,0.42443664479373316,True
tumor_1,random,HALLMARK_ANDROGEN_RESPONSE,19659,0.02634734598475754,0.001576635872606487,0.02410981363685925,0.02932081822636537,0.03882296718398596,0.5715957068009563,0.4284042931990437,True
tumor_1,random,HALLMARK_ANGIOGENESIS,19659,0.021939861476895486,0.0012958387210827422,0.020063303896571832,0.024421408256184232,0.03174793383396512,0.5734777964291164,0.42652220357088355,True
tumor_1,random,HALLMARK_APICAL_JUNCTION,19659,0.02066286096529047,0.0011999430888491348,0.018940054644463983,0.0230558030130888,0.029449321279515835,0.5755124879190193,0.42448751208098073,True
tumor_1,random,HALLMARK_APICAL_SURFACE,19659,0.020926155573194587,0.0012239009005731067,0.01915365765849718,0.02328366643313531,0.02985954086686379,0.5794801363243298,0.4205198636756702,True
tumor_1,random,HALLMARK_APOPTOSIS,19659,0.024052494397277392,0.0014205956035473206,0.022012476021221316,0.02680346369305411,0.03467220732312345,0.5752072841955338,0.42479271580446615,True
tumor_1,random,HALLMARK_BILE_ACID_METABOLISM,19659,0.027997640004547818,0.0017951785019530329,0.02536043201239555,0.03115044169228323,0.04243519713324136,0.5754616206317718,0.4245383793682283,True
tumor_1,random,HALLMARK_CHOLESTEROL_HOMEOSTASIS,19659,0.0229017879836478,0.0013640829344651855,0.020942277421954373,0.02551346541672028,0.03366960498515833,0.5730708581311359,0.42692914186886416,True
tumor_1,random,HALLMARK_COAGULATION,19659,0.02280630736866347,0.0013738437443055647,0.020828535341652788,0.025451047741057265,0.033079303612121906,0.5736303982908592,0.42636960170914084,True
tumor_1,random,HALLMARK_COMPLEMENT,19659,0.022125674051869965,0.001317569116238345,0.020240087728062295,0.024684731030614467,0.0320005392407372,0.5754107533445242,0.42458924665547587,True
tumor_1,random,HALLMARK_E2F_TARGETS,19659,0.024152228935004284,0.001429954547139527,0.0221110356980836,0.026878064314766317,0.03508689068624788,0.5726639198331553,0.4273360801668447,True
tumor_1,random,HALLMARK_EPITHELIAL_MESENCHYMAL_TRANSITION,19659,0.021118878398235973,0.0012440758447692373,0.01933059979841329,0.023591744314815526,0.030381588828491398,0.5729691235566408,0.4270308764433593,True
tumor_1,random,HALLMARK_ESTROGEN_RESPONSE_EARLY,19659,0.02247357945199058,0.0013199983076815835,0.020549191883811088,0.02502596520783373,0.03228637401157751,0.5740373365888397,0.4259626634111603,True
tumor_1,random,HALLMARK_ESTROGEN_RESPONSE_LATE,19659,0.022523633223462146,0.0013208894413107351,0.020580668493305764,0.025078032971805178,0.032260057105397824,0.5755633552062669,0.42443664479373316,True
tumor_1,random,HALLMARK_FATTY_ACID_METABOLISM,19659,0.027439429535431485,0.0016726668370437628,0.025010303255433276,0.030523955719122007,0.0413391235739201,0.5677297929701409,0.4322702070298591,True
tumor_1,random,HALLMARK_G2M_CHECKPOINT,19659,0.02350949263056724,0.0013802544139861006,0.02153371084177946,0.026148771741761567,0.03400174732420833,0.5752072841955338,0.42479271580446615,True
tumor_1,random,HALLMARK_GLYCOLYSIS,19659,0.026580447267175605,0.0016101203157233952,0.024222342337561445,0.029619261383797512,0.03947475232142835,0.5686962714278447,0.43130372857215526,True
tumor_1,random,HALLMARK_HEDGEHOG_SIGNALING,19659,0.022964817624020105,0.0014062500004919738,0.020896368448567283,0.025659717030995073,0.03338085555303985,0.5695610153110534,0.43043898468894654,True
tumor_1,random,HALLMARK_HEME_METABOLISM,19659,0.02328969641998336,0.0013864906020363628,0.02128889370079399,0.025963004223010365,0.03356724315754497,0.5741899384505824,0.4258100615494176,True
tumor_1,random,HALLMARK_HYPOXIA,19659,0.024682930305158758,0.0014775412398047429,0.022520089763632397,0.027521599255527968,0.0359352858809576,0.5707818302049952,0.4292181697950048,True
tumor_1,random,HALLMARK_IL2_STAT5_SIGNALING,19659,0.019242797356289473,0.0011275760923899955,0.017580840615701202,0.021458376893100622,0.02742328734891561,0.575665089780762,0.424334910219238,True
tumor_1,random,HALLMARK_IL6_JAK_STAT3_SIGNALING,19659,0.020698718607710772,0.001204178807591306,0.0189549917253936,0.02307118555063356,0.02960453241594767,0.5766824355257134,0.4233175644742866,True
tumor_1,random,HALLMARK_INFLAMMATORY_RESPONSE,19659,0.017652010480919796,0.0010293406179986554,0.016156102616354563,0.01971577899954182,0.025153169132736807,0.5759702935042474,0.42402970649575256,True
tumor_1,random,HALLMARK_INTERFERON_ALPHA_RESPONSE,19659,0.021282173650650604,0.0012837496666283444,0.01944117971701337,0.02373919681756303,0.030993955779918838,0.5743934075995727,0.4256065924004273,True
tumor_1,random,HALLMARK_INTERFERON_GAMMA_RESPONSE,19659,0.020857219995159042,0.0012406118361858061,0.01905846844367433,0.02326310894275928,0.030066542645622602,0.576021160791495,0.423978839208505,True
tumor_1,random,HALLMARK_KRAS_SIGNALING_DN,19659,0.0184491954492862,0.0010755937057001258,0.016892052692618273,0.020553018525759217,0.026100677282379428,0.5782593214303882,0.4217406785696119,True
tumor_1,random,HALLMARK_KRAS_SIGNALING_UP,19659,0.01761182094069476,0.0010252449810725134,0.01609876361235167,0.019670679336332226,0.025151740565197842,0.575665089780762,0.424334910219238,True
tumor_1,random,HALLMARK_MITOTIC_SPINDLE,19659,0.02377400055926183,0.0014009774652066274,0.02177133689271617,0.026465651233010888,0.03429250031332861,0.5747494786103057,0.42525052138969427,True
tumor_1,random,HALLMARK_MTORC1_SIGNALING,19659,0.026828292234566085,0.0016138860627477,0.02449199518499929,0.029891319158802863,0.039732236983337735,0.5708835647794903,0.4291164352205097,True
tumor_1,random,HALLMARK_MYC_TARGETS_V1,19659,0.03052485908647589,0.0018442192640691513,0.02788970776354165,0.03389497021865919,0.0457039031480402,0.5684928022788545,0.43150719772114554,True
tumor_1,random,HALLMARK_MYOGENESIS,19659,0.021162937494677285,0.0012495710998270825,0.019371144962840564,0.0236571101302603,0.030444957644940842,0.5733760618546213,0.4266239381453787,True
tumor_1,random,HALLMARK_NOTCH_SIGNALING,19659,0.019622484146805553,0.0011512872774911021,0.017961617431990144,0.02192885821126292,0.02830814133322173,0.5720535123861844,0.42794648761381554,True
tumor_1,random,HALLMARK_OXIDATIVE_PHOSPHORYLATION,19659,0.028384436190600642,0.001717435128890596,0.02593402788669716,0.031521254258982764,0.042798348066851157,0.5699170863217865,0.43008291367821355,True
tumor_1,random,HALLMARK_P53_PATHWAY,19659,0.02419392523027574,0.0014390957916527755,0.022117661789969514,0.02695295996845908,0.03500588670976195,0.5730708581311359,0.42692914186886416,True
tumor_1,random,HALLMARK_PANCREAS_BETA_CELLS,19659,0.017562076983055865,0.001028718477143311,0.016046600643164696,0.019577554669407124,0.024814181040549586,0.577445444834427,0.422554555165573,True
tumor_1,random,HALLMARK_PI3K_AKT_MTOR_SIGNALING,19659,0.026297862168863373,0.001556228588483469,0.024099454325228302,0.029237708286442367,0.03833247478923955,0.5750038150465435,0.4249961849534564,True
tumor_1,random,HALLMARK_PROTEIN_SECRETION,19659,0.029499447864503387,0.001786194959764762,0.026960769668671294,0.03273912900676345,0.0436023917270336,0.5729182562693932,0.42708174373060687,True
tumor_1,random,HALLMARK_REACTIVE_OXYGEN_SPECIES_PATHWAY,19659,0.02838451591684101,0.0017202155628761068,0.025870623896959048,0.03154416759621747,0.04201653905905757,0.5715448395137087,0.4284551604862913,True
tumor_1,random,HALLMARK_SPERMATOGENESIS,19659,0.01964414000762471,0.0011494299454146754,0.017986882800357363,0.021909221899245573,0.02798647186579052,0.5778015158451599,0.42219848415484,True
tumor_1,random,HALLMARK_TGF_BETA_SIGNALING,19659,0.021577767247599515,0.0012585851938982026,0.01977059224121449,0.024081508343816966,0.030901004403462887,0.5768350373874561,0.4231649626125439,True
tumor_1,random,HALLMARK_TNFA_SIGNALING_VIA_NFKB,19659,0.020281307397537668,0.0011929951744500049,0.018531100075239684,0.02262150568724969,0.029128611642632554,0.5744442748868203,0.42555572511317974,True
tumor_1,random,HALLMARK_UNFOLDED_PROTEIN_RESPONSE,19659,0.02330125356452927,0.0014101108061420717,0.02124304000612978,0.025942648683894474,0.03394170468866,0.572816521694898,0.427183478305102,True
tumor_1,random,HALLMARK_UV_RESPONSE_DN,19659,0.020071614720359558,0.0011748443378083407,0.018394416406894213,0.022401695849117415,0.02892739357660073,0.5751055496210387,0.4248944503789613,True
tumor_1,random,HALLMARK_UV_RESPONSE_UP,19659,0.024096053380098105,0.0014286272429694232,0.02200756315037046,0.02681599585504927,0.034858524899949374,0.5751564169082862,0.4248435830917137,True
tumor_1,random,HALLMARK_WNT_BETA_CATENIN_SIGNALING,19659,0.020553555342099007,0.0011925777718253692,0.01882258857294786,0.022931421377743472,0.029511436106634075,0.5746477440358105,0.4253522559641894,True
tumor_1,random,HALLMARK_XENOBIOTIC_METABOLISM,19659,0.021773806253516045,0.0012944810797601701,0.01988069149109786,0.024210770303504322,0.03148554840138651,0.5745460094613154,0.42545399053868455,True
tumor_1,tumor_1,HALLMARK_ADIPOGENESIS,19659,0.023079777290130127,0.0008247596502408437,0.022174730837349395,0.024388130615812256,0.0448117225492744,0.5153873543923903,0.48461264560760975,True
tumor_1,tumor_1,HALLMARK_ALLOGRAFT_REJECTION,19659,0.02342497082605509,0.000723488677520888,0.022636823747425268,0.024568344621195604,0.03992360767482367,0.5351238618444478,0.4648761381555522,True
tumor_1,tumor_1,HALLMARK_ANDROGEN_RESPONSE,19659,0.023232559673188886,0.0010793383896365583,0.021936785462872598,0.025162584199270425,0.057598089233478755,0.4867490716720077,0.5132509283279922,True
tumor_1,tumor_1,HALLMARK_ANGIOGENESIS,19659,0.025904032284591854,0.0008961995757606347,0.024924106701365238,0.027407003151270908,0.04870434661368034,0.5185919934889872,0.4814080065110128,True
tumor_1,tumor_1,HALLMARK_APICAL_JUNCTION,19659,0.02578227653200856,0.0008365226816262052,0.024858493026138465,0.027100843993806314,0.04591621860291938,0.5287654509385015,0.47123454906149853,True
tumor_1,tumor_1,HALLMARK_APICAL_SURFACE,19659,0.023847656039519195,0.0008306331667402146,0.022943574660528546,0.02522667557224263,0.045606185660049585,0.514827814232667,0.485172185767333,True
tumor_1,tumor_1,HALLMARK_APOPTOSIS,19659,0.02689635124909363,0.0009725406882198378,0.025830265979614766,0.028507276375493128,0.05280436077992857,0.5143700086474389,0.4856299913525612,True
tumor_1,tumor_1,HALLMARK_BILE_ACID_METABOLISM,19659,-0.0005619960543382437,0.001160265630098093,-0.002081556331330029,0.0015846755322483084,0.06178423210441976,0.40419146446919985,0.5958085355308002,False
tumor_1,tumor_1,HALLMARK_CHOLESTEROL_HOMEOSTASIS,19659,0.02009131835081991,0.0009398151175389894,0.019035915386754552,0.021633299584866404,0.0502229875478729,0.49102192380080373,0.5089780761991963,True
tumor_1,tumor_1,HALLMARK_COAGULATION,19659,0.02204757953048703,0.000932881087045155,0.020987299272453665,0.023651537288342878,0.04986079433534247,0.4955999796530851,0.5044000203469149,True
tumor_1,tumor_1,HALLMARK_COMPLEMENT,19659,0.022479767775998083,0.0009035288915625969,0.02147026451805022,0.024008880666572384,0.04840192371634812,0.5021109924207742,0.4978890075792258,True
tumor_1,tumor_1,HALLMARK_E2F_TARGETS,19659,0.02046439492510952,0.0009862586332998625,0.01933121299141968,0.02209577202304241,0.052157771555218474,0.49493870491886666,0.5050612950811333,True
tumor_1,tumor_1,HALLMARK_EPITHELIAL_MESENCHYMAL_TRANSITION,19659,0.029732076131345597,0.0008650943452455691,0.028777419331533705,0.031108541445005182,0.04841031101709866,0.5416348746121369,0.45836512538786306,True
tumor_1,tumor_1,HALLMARK_ESTROGEN_RESPONSE_EARLY,19659,0.026569880970421296,0.0009132046619538054,0.02557514038405817,0.028053027449939327,0.049707918316203956,0.5180833206165115,0.4819166793834885,True
tumor_1,tumor_1,HALLMARK_ESTROGEN_RESPONSE_LATE,19659,0.026990983009181745,0.000913850472244483,0.025977792281924806,0.028456587266734813,0.049839799457756434,0.520524950404395,0.47947504959560505,True
tumor_1,tumor_1,HALLMARK_FATTY_ACID_METABOLISM,19659,0.02436288393337596,0.0011475639368017754,0.02292611626881854,0.026454851434833383,0.06109285319780217,0.4871560099699883,0.5128439900300117,True
tumor_1,tumor_1,HALLMARK_G2M_CHECKPOINT,19659,0.022486558198212166,0.0009572356817226542,0.02142914767057061,0.024045298076295803,0.0509679929723447,0.5038404801871916,0.49615951981280837,True
tumor_1,tumor_1,HALLMARK_GLYCOLYSIS,19659,0.03372428648866928,0.0011075893781010775,0.03244313267778735,0.035667087499290075,0.060588066083141774,0.520524950404395,0.47947504959560505,True
tumor_1,tumor_1,HALLMARK_HEDGEHOG_SIGNALING,19659,0.03419490180917218,0.000946652107872435,0.033164063269060094,0.03574370707772852,0.05328418283661001,0.546365532326161,0.45363446767383897,True
tumor_1,tumor_1,HALLMARK_HEME_METABOLISM,19659,0.02802610191470592,0.0009547433642000434,0.02699771449385531,0.029585608451312587,0.051727259409007575,0.519202400935958,0.4807975990640419,True
tumor_1,tumor_1,HALLMARK_HYPOXIA,19659,0.033982409191696546,0.0010117127611182126,0.03286688108590974,0.0357142453935526,0.05634737183758318,0.530952744290147,0.469047255709853,True
tumor_1,tumor_1,HALLMARK_IL2_STAT5_SIGNALING,19659,0.025814539234192423,0.0007800783132401939,0.02494608001843003,0.027038206230099542,0.043234697690200524,0.5355308001424284,0.46446919985757157,True
tumor_1,tumor_1,HALLMARK_IL6_JAK_STAT3_SIGNALING,19659,0.02503211926374943,0.000839402933331603,0.024097409508694972,0.026347220022558824,0.0457130195724599,0.5260694847143802,0.4739305152856198,True
tumor_1,tumor_1,HALLMARK_INFLAMMATORY_RESPONSE,19659,0.02340815806422664,0.0007201960069151878,0.02259167107749265,0.024567159065283995,0.03971120528024191,0.5350729945572003,0.46492700544279975,True
tumor_1,tumor_1,HALLMARK_INTERFERON_ALPHA_RESPONSE,19659,0.018501247346405472,0.0008685322529611646,0.01747870712805628,0.02003204922253048,0.046010978806448735,0.48807162114044456,0.5119283788595554,True
tumor_1,tumor_1,HALLMARK_INTERFERON_GAMMA_RESPONSE,19659,0.021590267967452677,0.0008430794972174851,0.020641485392976795,0.02302804435465948,0.045339591846537464,0.5057225698153518,0.49427743018464826,True
tumor_1,tumor_1,HALLMARK_KRAS_SIGNALING_DN,19659,0.02058889805338193,0.0007411945597341319,0.019764332704725853,0.021750925625783568,0.04003752179885196,0.5154382216796378,0.4845617783203622,True
tumor_1,tumor_1,HALLMARK_KRAS_SIGNALING_UP,19659,0.02633403374804603,0.0007230313658273591,0.02550526560925548,0.027515852237023096,0.04078550010609582,0.5532326161045832,0.44676738389541687,True
tumor_1,tumor_1,HALLMARK_MITOTIC_SPINDLE,19659,0.02514268661714788,0.0009645718485341544,0.024086948595682216,0.026705136390878747,0.05183998417914659,0.5150821506689048,0.48491784933109516,True
tumor_1,tumor_1,HALLMARK_MTORC1_SIGNALING,19659,0.028707463036112636,0.0011162431107793085,0.02740078840169838,0.030679274463691335,0.05990815629139619,0.5012462485375655,0.4987537514624345,True
tumor_1,tumor_1,HALLMARK_MYC_TARGETS_V1,19659,0.023235622587200935,0.0012777832737245133,0.0216006540953765,0.02561098646440392,0.06709092775192642,0.47398138257286737,0.5260186174271326,True
tumor_1,tumor_1,HALLMARK_MYOGENESIS,19659,0.02964720145678818,0.0008691908643204077,0.02868429617199301,0.031030219448592723,0.04847571608114777,0.5392441121115011,0.4607558878884989,True
tumor_1,tumor_1,HALLMARK_NOTCH_SIGNALING,19659,0.02511611898629142,0.0008124448621137746,0.024215935667503224,0.02639626345818308,0.04431836723335535,0.532733099343812,0.467266900656188,True
tumor_1,tumor_1,HALLMARK_OXIDATIVE_PHOSPHORYLATION,19659,0.016935121897322717,0.001188802340033273,0.015410525939124953,0.019111263294467485,0.06234177430108044,0.4622310392186785,0.5377689607813215,True
tumor_1,tumor_1,HALLMARK_P53_PATHWAY,19659,0.026154605108156648,0.0009825557447677626,0.025048039137238895,0.02781037853959838,0.05304855481630101,0.5083676687522255,0.49163233124777456,True
tumor_1,tumor_1,HALLMARK_PANCREAS_BETA_CELLS,19659,0.023208576350448228,0.0007028237394666746,0.02237593957458458,0.02431843048814308,0.03943496943670507,0.528816318225749,0.47118368177425096,True
tumor_1,tumor_1,HALLMARK_PI3K_AKT_MTOR_SIGNALING,19659,0.02227778270723672,0.0010696224530578977,0.021014444625790663,0.02413489869892547,0.05661254629195502,0.4868508062465029,0.5131491937534971,True
tumor_1,tumor_1,HALLMARK_PROTEIN_SECRETION,19659,0.019362898226792206,0.0012088166009228114,0.017856089779483705,0.021546460085305596,0.0637371023851061,0.4677755735286637,0.5322244264713363,True
tumor_1,tumor_1,HALLMARK_REACTIVE_OXYGEN_SPECIES_PATHWAY,19659,0.024031778107339995,0.0011757969137839296,0.02261566635469028,0.02611550194060133,0.06209846520554698,0.48527392034182815,0.5147260796581719,True
tumor_1,tumor_1,HALLMARK_SPERMATOGENESIS,19659,0.021003704861053747,0.0008011988597034028,0.020117765461773417,0.022280411355267087,0.042666976829167265,0.5171168421588077,0.48288315784119235,True
tumor_1,tumor_1,HALLMARK_TGF_BETA_SIGNALING,19659,0.026290157248502227,0.0008848870560446819,0.025297013828020683,0.02769011836397436,0.04806209068520291,0.5231191820540211,0.4768808179459789,True
tumor_1,tumor_1,HALLMARK_TNFA_SIGNALING_VIA_NFKB,19659,0.027068064988139927,0.0008262636811492698,0.02614332317388167,0.02838388409546124,0.04575629697081104,0.5342591179612391,0.46574088203876085,True
tumor_1,tumor_1,HALLMARK_UNFOLDED_PROTEIN_RESPONSE,19659,0.021747954992618418,0.0009530214257447271,0.02065929170626009,0.02338627229758519,0.050607379725002725,0.49183580039676483,0.5081641996032351,True
tumor_1,tumor_1,HALLMARK_UV_RESPONSE_DN,19659,0.025430660427128944,0.0008267440991206421,0.0245142541739398,0.02674492359602309,0.045269358913441436,0.5268833613103413,0.4731166386896587,True
tumor_1,tumor_1,HALLMARK_UV_RESPONSE_UP,19659,0.02580770912624828,0.0009778576000507386,0.02473171002048321,0.027443270080019972,0.05281036592786696,0.5085711379012158,0.4914288620987843,True
tumor_1,tumor_1,HALLMARK_WNT_BETA_CATENIN_SIGNALING,19659,0.02577207943375348,0.000846787853741192,0.024834436387443596,0.0271036087291941,0.04603662515137637,0.5270868304593316,0.4729131695406684,True
tumor_1,tumor_1,HALLMARK_XENOBIOTIC_METABOLISM,19659,0.01922369006044554,0.0008807019757463547,0.018235153660467286,0.02072326208845061,0.046873943334757924,0.48934330332163384,0.5106566966783661,True
tumor_1,tumor_2,HALLMARK_ADIPOGENESIS,19659,0.013570341860373009,0.00029344361643516344,0.013190443626506234,0.014006480976997785,0.06204747263094105,0.4634518541126202,0.5365481458873799,True
tumor_1,tumor_2,HALLMARK_ALLOGRAFT_REJECTION,19659,0.009124490480757932,0.0002498682200947413,0.008838951201201586,0.009486133570858736,0.04948413240952365,0.43567831527544637,0.5643216847245537,True
tumor_1,tumor_2,HALLMARK_ANDROGEN_RESPONSE,19659,0.023783448305224563,0.0004058374051309132,0.02329304833614275,0.024388749165310152,0.09511529549606837,0.4779490309781779,0.522050969021822,True
tumor_1,tumor_2,HALLMARK_ANGIOGENESIS,19659,0.0022364432115678018,0.00031581404227418766,0.0018598709876597088,0.00269918923289745,0.07107613816440222,0.3978330535632535,0.6021669464367465,True
tumor_1,tumor_2,HALLMARK_APICAL_JUNCTION,19659,0.01378530479281847,0.0002880735373372805,0.013440541567354792,0.014221587093935596,0.05672462951751118,0.44503789612899947,0.5549621038710005,True
tumor_1,tumor_2,HALLMARK_APICAL_SURFACE,19659,0.016253513359843274,0.0003015440794834202,0.015908310391143245,0.01670984633465589,0.06491371980863431,0.46350272139986776,0.5364972786001323,True
tumor_1,tumor_2,HALLMARK_APOPTOSIS,19659,0.008363057336441363,0.0003512603708199586,0.007947379863174578,0.008876144115526586,0.07657919216741432,0.41212676127982095,0.587873238720179,True
tumor_1,tumor_2,HALLMARK_BILE_ACID_METABOLISM,19659,0.14218402659526616,0.0004447624660664468,0.14161046717213413,0.14297490653444764,0.16707556048197475,0.8053308917035454,0.19466910829645456,True
tumor_1,tumor_2,HALLMARK_CHOLESTEROL_HOMEOSTASIS,19659,0.025625617306897802,0.0003320496670609817,0.02522120978615551,0.026137645902907642,0.07918375763102312,0.5046543567831527,0.49534564321684726,True
tumor_1,tumor_2,HALLMARK_COAGULATION,19659,0.03745735446594279,0.0003361189442807088,0.03705746709654239,0.03798352742347473,0.07251223940456414,0.5892975227631111,0.41070247723688896,True
tumor_1,tumor_2,HALLMARK_COMPLEMENT,19659,0.030316483307193092,0.0003192463025480714,0.029932176173831086,0.03080327545573273,0.06932375440452272,0.5491123658375299,0.45088763416247013,True
tumor_1,tumor_2,HALLMARK_E2F_TARGETS,19659,0.01729157874299483,0.0003276895059102824,0.016878950866684245,0.01777828193935371,0.07596683217436949,0.4353222442647134,0.5646777557352867,True
tumor_1,tumor_2,HALLMARK_EPITHELIAL_MESENCHYMAL_TRANSITION,19659,-0.0012981432996756763,0.0003085994414049588,-0.0016676981370905403,-0.0008572756575159668,0.06421087273781477,0.3683808942469098,0.6316191057530902,True
tumor_1,tumor_2,HALLMARK_ESTROGEN_RESPONSE_EARLY,19659,0.00821047862242982,0.00032531950900050875,0.007835569189466238,0.008690378498966611,0.06744192970102741,0.41355104532275294,0.5864489546772471,True
tumor_1,tumor_2,HALLMARK_ESTROGEN_RESPONSE_LATE,19659,0.009219235929157878,0.00032559624653845425,0.00883480728124866,0.009697192208218863,0.06616379262556076,0.42057073096291775,0.5794292690370823,True
tumor_1,tumor_2,HALLMARK_FATTY_ACID_METABOLISM,19659,-0.013355693216310745,0.00043537329371097825,-0.013887923545695477,-0.012690356847671927,0.1163511436525663,0.36293809451141973,0.6370619054885803,True
tumor_1,tumor_2,HALLMARK_G2M_CHECKPOINT,19659,0.01335264018796169,0.00032125673103726736,0.012950966680571082,0.013823268670899707,0.07334724751169688,0.426115265272903,0.573884734727097,True
tumor_1,tumor_2,HALLMARK_GLYCOLYSIS,19659,-0.04881844745030645,0.00042350354309478387,-0.049328536102870524,-0.04818587922684898,0.11817782783966613,0.25291215219492347,0.7470878478050765,True
tumor_1,tumor_2,HALLMARK_HEDGEHOG_SIGNALING,19659,-0.05008092783962179,0.00034235159961916895,-0.05051336307947787,-0.04959665233265984,0.0964095007481187,0.19090492904013429,0.8090950709598657,True
tumor_1,tumor_2,HALLMARK_HEME_METABOLISM,19659,0.0018930876748567628,0.00034098308214717583,0.0014850541090911773,0.002396296554898202,0.0743890253540611,0.38587924106007426,0.6141207589399257,True
tumor_1,tumor_2,HALLMARK_HYPOXIA,19659,-0.03177059946694606,0.0003848129218103108,-0.03221323574058147,-0.031183011083758278,0.094637137296322,0.25983010326059314,0.7401698967394069,True
tumor_1,tumor_2,HALLMARK_IL2_STAT5_SIGNALING,19659,-0.0007558436786180723,0.00027269530044430056,-0.0010706652944399984,-0.0003575220062057335,0.0556089725445474,0.341675568441935,0.658324431558065,True
tumor_1,tumor_2,HALLMARK_IL6_JAK_STAT3_SIGNALING,19659,0.00675109397930819,0.00029301361145753696,0.006404156054515113,0.007171574499275455,0.061143945331281827,0.40683656340607355,0.5931634365939265,True
tumor_1,tumor_2,HALLMARK_INFLAMMATORY_RESPONSE,19659,0.006550622061907631,0.00024749533760453827,0.006257239225654738,0.006916924128248033,0.04846640477499638,0.4069382979805687,0.5930617020194313,True
tumor_1,tumor_2,HALLMARK_INTERFERON_ALPHA_RESPONSE,19659,0.03489945246297142,0.00030412277312538407,0.034527360774077864,0.035348216726631417,0.07115638453057137,0.5777506485579124,0.4222493514420876,True
tumor_1,tumor_2,HALLMARK_INTERFERON_GAMMA_RESPONSE,19659,0.02539055071563966,0.00029798818616901326,0.025047736264090632,0.025827218671519846,0.0638034002817877,0.5327839666310595,0.4672160333689404,True
tumor_1,tumor_2,HALLMARK_KRAS_SIGNALING_DN,19659,0.019806913721201535,0.0002528525002717884,0.019490560977178918,0.020183393070561648,0.048800172493059665,0.5153873543923903,0.48461264560760975,True
tumor_1,tumor_2,HALLMARK_KRAS_SIGNALING_UP,19659,-0.00440466666651318,0.0002521803218178789,-0.004707042227645111,-0.004036427173309097,0.050990014859787026,0.3033216338572664,0.6966783661427336,True
tumor_1,tumor_2,HALLMARK_MITOTIC_SPINDLE,19659,-0.012863667689309449,0.00032858144834690067,-0.013286684601233516,-0.012405834940014753,0.08231914701368277,0.298031435983519,0.701968564016481,True
tumor_1,tumor_2,HALLMARK_MTORC1_SIGNALING,19659,-0.007812873304300501,0.0004103650978979455,-0.008313156453838476,-0.007196049999883573,0.10298071689571435,0.3715855333435068,0.6284144666564933,True
tumor_1,tumor_2,HALLMARK_MYC_TARGETS_V1,19659,0.01196423891148914,0.00046939121015847216,0.011404886507500532,0.012668408376477544,0.11976389893665595,0.43572918256269394,0.5642708174373061,True
tumor_1,tumor_2,HALLMARK_MYOGENESIS,19659,0.0021326471680248476,0.00031236905936587615,0.0017613328046716067,0.0025804513798435096,0.06363529614050707,0.4002238160638893,0.5997761839361107,True
tumor_1,tumor_2,HALLMARK_NOTCH_SIGNALING,19659,-0.0028504108930085554,0.0002740264725571755,-0.0031927098478257356,-0.002457022758242936,0.058690667554909856,0.33201078386489646,0.6679892161351035,True
tumor_1,tumor_2,HALLMARK_OXIDATIVE_PHOSPHORYLATION,19659,0.023787973861973923,0.00044347913188969685,0.02321868775880957,0.024450780915982726,0.11753488254058805,0.4748461264560761,0.525153873543924,True
tumor_1,tumor_2,HALLMARK_P53_PATHWAY,19659,0.007552650367036046,0.00035189207059546434,0.007140480533824026,0.008070546068133821,0.07782398653233068,0.4081591128745104,0.5918408871254895,True
tumor_1,tumor_2,HALLMARK_PANCREAS_BETA_CELLS,19659,0.0006867694703157118,0.00025131499675320405,0.00038404439402537445,0.001061596353370542,0.05022527134705016,0.3625820235006867,0.6374179764993133,True
tumor_1,tumor_2,HALLMARK_PI3K_AKT_MTOR_SIGNALING,19659,0.028468824955761602,0.00038334009569536746,0.028008197318384893,0.02904479185979669,0.09097014135767653,0.4962612543873035,0.5037387456126965,True
tumor_1,tumor_2,HALLMARK_PROTEIN_SECRETION,19659,0.04120653771213613,0.00044716463141320493,0.04065978964960042,0.041886409259451585,0.11196506466421033,0.5303423368431761,0.46965766315682383,True
tumor_1,tumor_2,HALLMARK_REACTIVE_OXYGEN_SPECIES_PATHWAY,19659,0.023414605921503056,0.00043684274171243556,0.022890486843725844,0.02406531338194334,0.10555929656943087,0.4709802126252607,0.5290197873747393,True
tumor_1,tumor_2,HALLMARK_SPERMATOGENESIS,19659,0.019154255533284682,0.00025556614502381206,0.018825745572691184,0.019548363097074747,0.05024208996751571,0.47337097512589654,0.5266290248741035,True
tumor_1,tumor_2,HALLMARK_TGF_BETA_SIGNALING,19659,0.018724107412067485,0.0003020079491240113,0.01835491735075061,0.01915605411637721,0.06212597749406966,0.5012971158248131,0.49870288417518693,True
tumor_1,tumor_2,HALLMARK_TNFA_SIGNALING_VIA_NFKB,19659,-0.007207723919131974,0.00029651704984327967,-0.0075542938939723095,-0.006779077706497813,0.06445779191421584,0.319497431201994,0.680502568798006,True
tumor_1,tumor_2,HALLMARK_UNFOLDED_PROTEIN_RESPONSE,19659,0.006447886084663191,0.0003416771001090107,0.0060220481775190085,0.006955979328440623,0.07898343908874104,0.42250368787832543,0.5774963121216745,True
tumor_1,tumor_2,HALLMARK_UV_RESPONSE_DN,19659,0.012322038497411116,0.0002885044943392768,0.011967759384794737,0.012744684214239618,0.05912929217678217,0.46538481102802787,0.5346151889719721,True
tumor_1,tumor_2,HALLMARK_UV_RESPONSE_UP,19659,0.007758319156468298,0.00035500561797243183,0.007340871640113879,0.008274804054244756,0.07927739509174783,0.4134493107482578,0.5865506892517423,True
tumor_1,tumor_2,HALLMARK_WNT_BETA_CATENIN_SIGNALING,19659,0.0017193461657230417,0.0002835795878202927,0.0013730015867370459,0.0021330259773709366,0.06060854717081744,0.37092425860928835,0.6290757413907117,True
tumor_1,tumor_2,HALLMARK_XENOBIOTIC_METABOLISM,19659,0.04304541526010645,0.00031584380829696154,0.042676242970356014,0.043535389637611124,0.06981336596691136,0.6402665445851773,0.3597334554148227,True
tumor_2,random,HALLMARK_ADIPOGENESIS,6892,0.04179350111572605,0.0014497787442463584,0.040021050961595236,0.04447933839448724,0.05222228852417717,0.7122751015670342,0.2877248984329658,True
tumor_2,random,HALLMARK_ALLOGRAFT_REJECTION,6892,0.03656073128306901,0.0012943678992012773,0.034943868714165466,0.03892460277164764,0.04568089331837807,0.712420197330238,0.287579802669762,True
tumor_2,random,HALLMARK_ANDROGEN_RESPONSE,6892,0.05355998216236328,0.0017415973846654626,0.051236901601050086,0.05662377278178115,0.06790234937234967,0.7092280905397562,0.2907719094602438,True
tumor_2,random,HALLMARK_ANGIOGENESIS,6892,0.04496238049667593,0.0014883601671665083,0.04320949365981272,0.04761501977445161,0.05618633049949245,0.7132907719094602,0.2867092280905398,True
tumor_2,random,HALLMARK_APICAL_JUNCTION,6892,0.04233415928080054,0.0014946052424110747,0.0405017681600967,0.0450847499954878,0.05269519660483967,0.7132907719094602,0.2867092280905398,True
tumor_2,random,HALLMARK_APICAL_SURFACE,6892,0.04343509310144651,0.001463400662652291,0.041679907254127777,0.04624463731895801,0.05402614088846073,0.7135809634358676,0.2864190365641323,True
tumor_2,random,HALLMARK_APOPTOSIS,6892,0.04891748432495478,0.001671567873281747,0.04694897760815997,0.0519745009016615,0.06113224447546218,0.7122751015670342,0.2877248984329658,True
tumor_2,random,HALLMARK_BILE_ACID_METABOLISM,6892,0.05580239968102528,0.0019697614359586715,0.05306108298836566,0.05887663666058827,0.07346808791135644,0.6919616947185142,0.3080383052814858,True
tumor_2,random,HALLMARK_CHOLESTEROL_HOMEOSTASIS,6892,0.04805234275941937,0.0016901898165039132,0.0460343988583899,0.05099194744242139,0.060542701316048046,0.7111143354614046,0.2888856645385955,True
tumor_2,random,HALLMARK_COAGULATION,6892,0.04580000603770493,0.0015470332751863188,0.0438767030264448,0.04855522319713054,0.057899425569863675,0.7089378990133488,0.2910621009866512,True
tumor_2,random,HALLMARK_COMPLEMENT,6892,0.04480481878286065,0.0015473554669478422,0.04301625631707716,0.04756944672763166,0.05674233340098474,0.7064712710388856,0.2935287289611143,True
tumor_2,random,HALLMARK_E2F_TARGETS,6892,0.05312870563852666,0.0020043071663510726,0.05062100947021048,0.0568089300284428,0.06693450313249821,0.7080673244341266,0.2919326755658735,True
tumor_2,random,HALLMARK_EPITHELIAL_MESENCHYMAL_TRANSITION,6892,0.042748598616428594,0.001454756311027055,0.04098069558582997,0.04546951839672393,0.05325019927068834,0.7128554846198492,0.2871445153801509,True
tumor_2,random,HALLMARK_ESTROGEN_RESPONSE_EARLY,6892,0.046126470030233284,0.0015646165553702066,0.04422357196166712,0.0489057304736235,0.057411679239541935,0.7135809634358676,0.2864190365641323,True
tumor_2,random,HALLMARK_ESTROGEN_RESPONSE_LATE,6892,0.04658143240186562,0.0015998306422289857,0.04463518503506929,0.049469481772499074,0.05804667482227689,0.7132907719094602,0.2867092280905398,True
tumor_2,random,HALLMARK_FATTY_ACID_METABOLISM,6892,0.05737304350096219,0.0018441195846366943,0.05492364808538284,0.06035149779626207,0.07283820782866397,0.707777132907719,0.2922228670922809,True
tumor_2,random,HALLMARK_G2M_CHECKPOINT,6892,0.05111414843162203,0.0018719557912529447,0.04886888392635827,0.054502610405167996,0.0639744346583519,0.711839814277423,0.2881601857225769,True
tumor_2,random,HALLMARK_GLYCOLYSIS,6892,0.054948808542071646,0.0017384363031505083,0.05270223564365682,0.05790920288615964,0.06901548137994559,0.7115496227510156,0.2884503772489843,True
tumor_2,random,HALLMARK_HEDGEHOG_SIGNALING,6892,0.046342814000068414,0.001539668789563832,0.044386181540811406,0.04925900206024855,0.05729830210790015,0.7190946024376088,0.2809053975623912,True
tumor_2,random,HALLMARK_HEME_METABOLISM,6892,0.048215027718719286,0.0015994400141314472,0.04616565138306946,0.0509995961976597,0.06013755751594723,0.7147417295414974,0.2852582704585026,True
tumor_2,random,HALLMARK_HYPOXIA,6892,0.051542048428970325,0.0016250071510582732,0.04940725671534256,0.054415151786384536,0.06407536149148058,0.7161926871735346,0.2838073128264655,True
tumor_2,random,HALLMARK_IL2_STAT5_SIGNALING,6892,0.039902152577836504,0.001379857262083633,0.03813514881461392,0.0424421462746937,0.04940661869265817,0.7150319210679048,0.2849680789320952,True
tumor_2,random,HALLMARK_IL6_JAK_STAT3_SIGNALING,6892,0.0424645805159907,0.0015041223771783993,0.040585487592508136,0.04522048593328966,0.05291946771078213,0.715467208357516,0.284532791642484,True
tumor_2,random,HALLMARK_INFLAMMATORY_RESPONSE,6892,0.037043592147401515,0.0013061316187584478,0.03529681551123567,0.03936929407238297,0.04598226149066894,0.7161926871735346,0.2838073128264655,True
tumor_2,random,HALLMARK_INTERFERON_ALPHA_RESPONSE,6892,0.0448206704485344,0.0015500482843026652,0.042998654387221474,0.04764413016839662,0.05690192096117879,0.7074869413813116,0.2925130586186883,True
tumor_2,random,HALLMARK_INTERFERON_GAMMA_RESPONSE,6892,0.04288599389473523,0.0015082723366764775,0.04109106019042246,0.04564988794135118,0.05400093413854834,0.708792803250145,0.2912071967498549,True
tumor_2,random,HALLMARK_KRAS_SIGNALING_DN,6892,0.03817023961349708,0.001362772034883531,0.03649527456741239,0.04068427853007545,0.04738477673623632,0.7128554846198492,0.2871445153801509,True
tumor_2,random,HALLMARK_KRAS_SIGNALING_UP,6892,0.036535307872554504,0.0012802408279345683,0.034779662080056124,0.03885964932154516,0.04525800124830997,0.7166279744631456,0.2833720255368543,True
tumor_2,random,HALLMARK_MITOTIC_SPINDLE,6892,0.05254522057175913,0.001937369424460439,0.050178978632150775,0.05621190188704429,0.06525108810586597,0.7135809634358676,0.2864190365641323,True
tumor_2,random,HALLMARK_MTORC1_SIGNALING,6892,0.055574043264425985,0.0017747629743756444,0.05327328751213496,0.058588733515109716,0.07005301267351564,0.710388856645386,0.289611143354614,True
tumor_2,random,HALLMARK_MYC_TARGETS_V1,6892,0.0636404453842672,0.0020732354318598618,0.060818202807848276,0.06699344322441539,0.08139240818847639,0.7040046430644226,0.2959953569355775,True
tumor_2,random,HALLMARK_MYOGENESIS,6892,0.04342907227221672,0.0014586839948255948,0.04166228014552085,0.046141745138766344,0.05413988661416209,0.7131456761462566,0.2868543238537435,True
tumor_2,random,HALLMARK_NOTCH_SIGNALING,6892,0.04041527117370898,0.001429080405551497,0.03866556432010508,0.04308189130951539,0.050422702788814874,0.7116947185142194,0.2883052814857806,True
tumor_2,random,HALLMARK_OXIDATIVE_PHOSPHORYLATION,6892,0.058514333271305896,0.001941470223244407,0.05573894265399548,0.06144014476373683,0.07524020410142675,0.7019733023795706,0.2980266976204295,True
tumor_2,random,HALLMARK_P53_PATHWAY,6892,0.05032001409052052,0.0016936366548893928,0.04823547551852516,0.053388278797337374,0.0628121464954004,0.7127103888566454,0.2872896111433546,True
tumor_2,random,HALLMARK_PANCREAS_BETA_CELLS,6892,0.03648042682842338,0.0012726512852035694,0.0347589871283282,0.038892485042953194,0.04467728078394006,0.7248984329657574,0.2751015670342426,True
tumor_2,random,HALLMARK_PI3K_AKT_MTOR_SIGNALING,6892,0.05323468681758296,0.0017685123107126592,0.05107574430704058,0.056333319070627524,0.06728249509979424,0.7096633778293674,0.2903366221706326,True
tumor_2,random,HALLMARK_PROTEIN_SECRETION,6892,0.059976873207923456,0.002016436668685834,0.05732418697650493,0.0633677700699572,0.07647428649083403,0.7050203134068486,0.2949796865931515,True
tumor_2,random,HALLMARK_REACTIVE_OXYGEN_SPECIES_PATHWAY,6892,0.05688622738213902,0.0019196644112971378,0.054409217946258366,0.06013923368456023,0.07255970184608936,0.7048752176436448,0.2951247823563552,True
tumor_2,random,HALLMARK_SPERMATOGENESIS,6892,0.04008737945101896,0.0015398967589800435,0.03816301059756489,0.04298697257267763,0.05001025639082593,0.7079222286709228,0.2920777713290772,True
tumor_2,random,HALLMARK_TGF_BETA_SIGNALING,6892,0.04378837031343221,0.001504364088123716,0.04196296734765514,0.04652458041837676,0.054545908417261126,0.7135809634358676,0.2864190365641323,True
tumor_2,random,HALLMARK_TNFA_SIGNALING_VIA_NFKB,6892,0.042147457464452934,0.0014439089447141201,0.0403271594015245,0.044729334431458635,0.05228200014995754,0.7156123041207196,0.2843876958792803,True
tumor_2,random,HALLMARK_UNFOLDED_PROTEIN_RESPONSE,6892,0.047637690437951616,0.0015400883208843198,0.04565913806265993,0.05021826011804078,0.059444307975143995,0.7140162507254788,0.2859837492745212,True
tumor_2,random,HALLMARK_UV_RESPONSE_DN,6892,0.04179541655166724,0.0014132334699054542,0.040091226765814586,0.044345401011139235,0.05220820299137006,0.7128554846198492,0.2871445153801509,True
tumor_2,random,HALLMARK_UV_RESPONSE_UP,6892,0.04911953312439277,0.0016726601066896537,0.0470518625415333,0.05207298846234864,0.06141270552267246,0.7122751015670342,0.2877248984329658,True
tumor_2,random,HALLMARK_WNT_BETA_CATENIN_SIGNALING,6892,0.04344676964216886,0.0015218389506019372,0.04157691523428389,0.04623684011229076,0.054064719175600504,0.7132907719094602,0.2867092280905398,True
tumor_2,random,HALLMARK_XENOBIOTIC_METABOLISM,6892,0.04337310085481878,0.0014882300487056297,0.04159264966137132,0.04608735286729487,0.05471538779345105,0.7090829947765526,0.2909170052234475,True
tumor_2,tumor_1,HALLMARK_ADIPOGENESIS,6892,-0.016118415345566402,0.0010754668552257138,-0.017499388683525394,-0.014118579562305555,0.08466533624479984,0.3213871154962275,0.6786128845037724,True
tumor_2,tumor_1,HALLMARK_ALLOGRAFT_REJECTION,6892,-0.022429070617929196,0.0009715585437671506,-0.023729242848047675,-0.020648695710334626,0.07690778136375141,0.2842426001160766,0.7157573998839234,True
tumor_2,tumor_1,HALLMARK_ANDROGEN_RESPONSE,6892,-0.015278539077014788,0.0014013587390986947,-0.01706295195983256,-0.012635568046604529,0.12119664410688678,0.3788450377248984,0.6211549622751016,True
tumor_2,tumor_1,HALLMARK_ANGIOGENESIS,6892,-0.021153643936982512,0.001189093177592272,-0.02256511067050197,-0.018993808693871544,0.09420847412964997,0.3131166569936158,0.6868833430063842,True
tumor_2,tumor_1,HALLMARK_APICAL_JUNCTION,6892,-0.013289789985419362,0.001107180175167381,-0.014761869124040811,-0.011234681952705826,0.08150300250361041,0.3245792222867092,0.6754207777132908,True
tumor_2,tumor_1,HALLMARK_APICAL_SURFACE,6892,-0.021118049417553218,0.0011358665199876548,-0.02258954016938234,-0.018997050582101455,0.09079620475799129,0.3060069645966338,0.6939930354033662,True
tumor_2,tumor_1,HALLMARK_APOPTOSIS,6892,-0.025188818189936457,0.0012906119866313583,-0.02679992583888888,-0.02279168362818701,0.10359352672826029,0.3109402205455601,0.68905977945444,True
tumor_2,tumor_1,HALLMARK_BILE_ACID_METABOLISM,6892,-0.08338815823685466,0.0014146999427893628,-0.08530199049600858,-0.08092132203754271,0.17210891501589787,0.3061520603598375,0.6938479396401626,True
tumor_2,tumor_1,HALLMARK_CHOLESTEROL_HOMEOSTASIS,6892,-0.030588863056459692,0.0012784887278651322,-0.03213752241366354,-0.028155789811013448,0.10545020948969577,0.3125362739408009,0.687463726059199,True
tumor_2,tumor_1,HALLMARK_COAGULATION,6892,-0.02921143810108278,0.001173356911544596,-0.030724916067984862,-0.02707910742606686,0.10513486789353509,0.3091990713871155,0.6908009286128846,True
tumor_2,tumor_1,HALLMARK_COMPLEMENT,6892,-0.03849189384206862,0.0011947252172607515,-0.04003562840567217,-0.03626526428649835,0.1062377942294529,0.2826465467208358,0.7173534532791642,True
tumor_2,tumor_1,HALLMARK_E2F_TARGETS,6892,-0.08624401654059562,0.0014690944468951422,-0.08803704247029571,-0.0834899695010215,0.1416857578893225,0.21720835751596054,0.7827916424840394,True
tumor_2,tumor_1,HALLMARK_EPITHELIAL_MESENCHYMAL_TRANSITION,6892,0.0009970474092998063,0.0011109220167307078,-0.0004296731675657757,0.0030092214106565026,0.08016966722817724,0.379570516540917,0.620429483459083,False
tumor_2,tumor_1,HALLMARK_ESTROGEN_RESPONSE_EARLY,6892,-0.0092536752547504,0.0011947301823680505,-0.010747485154456797,-0.007071560677837794,0.08907421077217895,0.3415554265815438,0.6584445734184562,True
tumor_2,tumor_1,HALLMARK_ESTROGEN_RESPONSE_LATE,6892,-0.007091714968455354,0.0012216712835066504,-0.008646266932033915,-0.004861723151003573,0.09052262513592654,0.3508415554265815,0.6491584445734184,True
tumor_2,tumor_1,HALLMARK_FATTY_ACID_METABOLISM,6892,-0.04035158691354772,0.0015156025114333742,-0.04219583697362462,-0.0375650300443677,0.13551207071163746,0.3303830528148578,0.6696169471851422,True
tumor_2,tumor_1,HALLMARK_G2M_CHECKPOINT,6892,-0.054151059240719245,0.001413429261211235,-0.055820041027730104,-0.05152114965145495,0.11684744266684623,0.2549332559489263,0.7450667440510738,True
tumor_2,tumor_1,HALLMARK_GLYCOLYSIS,6892,-0.004589510781423863,0.0014073480602050158,-0.006277552569588405,-0.0020016358901753877,0.11436873800872606,0.3914683691236216,0.6085316308763784,True
tumor_2,tumor_1,HALLMARK_HEDGEHOG_SIGNALING,6892,0.019032806910422917,0.0011605004138226292,0.01757549962605909,0.02117172599418318,0.08627214325899751,0.4512478235635519,0.548752176436448,True
tumor_2,tumor_1,HALLMARK_HEME_METABOLISM,6892,0.021165578773225883,0.0012093369684705805,0.01958564378475666,0.023378773461347035,0.09245927464479482,0.4574869413813117,0.5425130586186884,True
tumor_2,tumor_1,HALLMARK_HYPOXIA,6892,0.03494809796703199,0.0013113943766945282,0.03329429262046533,0.03734179057549498,0.10005856031645087,0.4998549042367963,0.5001450957632038,True
tumor_2,tumor_1,HALLMARK_IL2_STAT5_SIGNALING,6892,-0.009583409926201414,0.001031199248973617,-0.010901344988446167,-0.007703310864257016,0.0752025531616175,0.3193557748113755,0.6806442251886244,True
tumor_2,tumor_1,HALLMARK_IL6_JAK_STAT3_SIGNALING,6892,-0.022344477762238944,0.001131144024635564,-0.023789926445761524,-0.020259313553669934,0.08641443083730575,0.2958502611723738,0.7041497388276262,True
tumor_2,tumor_1,HALLMARK_INFLAMMATORY_RESPONSE,6892,-0.00560591047739897,0.0009544325900934423,-0.006847034356299101,-0.0038469510094390346,0.06728661440250573,0.3353163087637841,0.664683691236216,True
tumor_2,tumor_1,HALLMARK_INTERFERON_ALPHA_RESPONSE,6892,-0.04023719453617482,0.001217490928502447,-0.04187270650491724,-0.038008421778373505,0.10983985645861691,0.2913522925130586,0.7086477074869414,True
tumor_2,tumor_1,HALLMARK_INTERFERON_GAMMA_RESPONSE,6892,-0.03489699745481469,0.0011558012868561505,-0.03643154751945151,-0.03278588721405726,0.09929554803192019,0.286564132327336,0.713435867672664,True
tumor_2,tumor_1,HALLMARK_KRAS_SIGNALING_DN,6892,-0.02396233673046394,0.0009877667670424406,-0.025283934626815444,-0.022170054426831672,0.07741923149442842,0.2797446314567615,0.7202553685432386,True
tumor_2,tumor_1,HALLMARK_KRAS_SIGNALING_UP,6892,0.0002707868146365741,0.0009654706759041558,-0.0009705613794618572,0.002035545323568894,0.06507027083649917,0.3570806732443413,0.6429193267556588,False
tumor_2,tumor_1,HALLMARK_MITOTIC_SPINDLE,6892,-0.04364615456247001,0.0014167747106197902,-0.04534477079320045,-0.040999262692230885,0.11291821181752751,0.2822112594312246,0.7177887405687754,True
tumor_2,tumor_1,HALLMARK_MTORC1_SIGNALING,6892,8.956331446423826e-05,0.0014631228324110848,-0.0016859983330724522,0.002834066498896326,0.11743486020784193,0.4056877539175856,0.5943122460824144,False
tumor_2,tumor_1,HALLMARK_MYC_TARGETS_V1,6892,-0.08274177390640149,0.0016930111356599589,-0.08488195831970079,-0.079691104376463,0.16949369767688666,0.2700232153221126,0.7299767846778874,True
tumor_2,tumor_1,HALLMARK_MYOGENESIS,6892,0.006382666609935533,0.0011012561389206847,0.004933251447709528,0.00837686120549415,0.08190338211376029,0.3965467208357516,0.6034532791642484,True
tumor_2,tumor_1,HALLMARK_NOTCH_SIGNALING,6892,-0.006991016888876972,0.0010231068459723523,-0.008316335705973284,-0.005116148995835508,0.07786037476225417,0.3467788740568775,0.6532211259431224,True
tumor_2,tumor_1,HALLMARK_OXIDATIVE_PHOSPHORYLATION,6892,-0.0790599912930284,0.0015223121568465245,-0.08089494169644303,-0.07618189670012679,0.15816497118768688,0.2806152060359837,0.7193847939640162,True
tumor_2,tumor_1,HALLMARK_P53_PATHWAY,6892,-0.004912650970328533,0.0013020805201322753,-0.006546170351966119,-0.002510610897088782,0.09939729093967688,0.3669471851421938,0.6330528148578062,True
tumor_2,tumor_1,HALLMARK_PANCREAS_BETA_CELLS,6892,0.013965803554101921,0.000895875151372574,0.012836343683286797,0.015616095605234082,0.059801254675038835,0.4397852582704585,0.5602147417295414,True
tumor_2,tumor_1,HALLMARK_PI3K_AKT_MTOR_SIGNALING,6892,-0.03205068920303148,0.0014227223348154403,-0.0338377815247543,-0.02940547191480458,0.11994969104670214,0.3186302959953569,0.681369704004643,True
tumor_2,tumor_1,HALLMARK_PROTEIN_SECRETION,6892,-0.07470781498620874,0.0015594612489400507,-0.07660489029406645,-0.07178471417121124,0.15795773626185797,0.2710388856645386,0.7289611143354614,True
tumor_2,tumor_1,HALLMARK_REACTIVE_OXYGEN_SPECIES_PATHWAY,6892,-0.08677297269108633,0.0015149374852215498,-0.08864105406478917,-0.08398388300435611,0.15826976574026785,0.24245502031340685,0.7575449796865932,True
tumor_2,tumor_1,HALLMARK_SPERMATOGENESIS,6892,-0.04406562931492598,0.0011031629865715204,-0.04547026415184527,-0.04201610062537289,0.09222872575445029,0.24027858386535114,0.7597214161346488,True
tumor_2,tumor_1,HALLMARK_TGF_BETA_SIGNALING,6892,-0.003316445420819732,0.001161215857599262,-0.00479460863491508,-0.0011784985067892421,0.08265346193948403,0.3594022054556007,0.6405977945443994,True
tumor_2,tumor_1,HALLMARK_TNFA_SIGNALING_VIA_NFKB,6892,0.00012391937158692503,0.0010751345946144084,-0.0012279179961317856,0.0021023602710750974,0.07751895042933353,0.3728961114335461,0.6271038885664538,False
tumor_2,tumor_1,HALLMARK_UNFOLDED_PROTEIN_RESPONSE,6892,0.008060439456225605,0.0012289641830187277,0.0065086378438816445,0.010281864222041746,0.09291905332226774,0.4210679048171793,0.5789320951828206,True
tumor_2,tumor_1,HALLMARK_UV_RESPONSE_DN,6892,0.0023707834978094018,0.0010909945223320362,0.0009891989434834061,0.004391925467863385,0.07935709816624434,0.3881311665699362,0.6118688334300638,True
tumor_2,tumor_1,HALLMARK_UV_RESPONSE_UP,6892,-0.029646315086640274,0.0012712876250711817,-0.031215977550737323,-0.0272948042464091,0.10575566713481732,0.3035403366221706,0.6964596633778294,True
tumor_2,tumor_1,HALLMARK_WNT_BETA_CATENIN_SIGNALING,6892,-0.005882384643650877,0.001115257646556247,-0.007302725185968225,-0.0038108121261612236,0.08127659011331818,0.3506964596633778,0.6493035403366222,True
tumor_2,tumor_1,HALLMARK_XENOBIOTIC_METABOLISM,6892,-0.03260357910962719,0.0011560141949725434,-0.03416583576895029,-0.030496945774213205,0.1003552803924146,0.3019442832269298,0.6980557167730702,True
tumor_2,tumor_2,HALLMARK_ADIPOGENESIS,6892,0.13316695706367931,0.0013519780856477127,0.1306326237253905,0.13558219599296137,0.17636462012659376,0.6185432385374348,0.3814567614625653,True
tumor_2,tumor_2,HALLMARK_ALLOGRAFT_REJECTION,6892,0.12294931867036674,0.0011963357756855277,0.12071802407461205,0.12510571336133736,0.15787848883780128,0.6404526987811956,0.3595473012188044,True
tumor_2,tumor_2,HALLMARK_ANDROGEN_RESPONSE,6892,0.1566190225931786,0.0016752502591848638,0.1534827199246305,0.15954296655422037,0.21872825818141242,0.5975043528728962,0.4024956471271039,True
tumor_2,tumor_2,HALLMARK_ANGIOGENESIS,6892,0.13584674398012686,0.0014102745045259098,0.13321637041516457,0.13832717545017292,0.1841309184277856,0.614335461404527,0.385664538595473,True
tumor_2,tumor_2,HALLMARK_APICAL_JUNCTION,6892,0.14206044450305275,0.0013897383065299793,0.13945828518300915,0.14455222688921782,0.18275971738795113,0.6365351131746952,0.3634648868253047,True
tumor_2,tumor_2,HALLMARK_APICAL_SURFACE,6892,0.13986397829734676,0.0013584604715070829,0.13733008354613227,0.14227707316361915,0.18167882316336811,0.6256529309344168,0.3743470690655833,True
tumor_2,tumor_2,HALLMARK_APOPTOSIS,6892,0.15585378375800857,0.0015470609995629858,0.15296944555530015,0.15859201520062263,0.20555939086971053,0.6218804410911202,0.3781195589088799,True
tumor_2,tumor_2,HALLMARK_BILE_ACID_METABOLISM,6892,0.21938518044550062,0.0018838788928554136,0.2158774863744593,0.22262496005187446,0.2668684513389089,0.6456761462565294,0.3543238537434707,True
tumor_2,tumor_2,HALLMARK_CHOLESTEROL_HOMEOSTASIS,6892,0.16002234984004635,0.0015444785345438245,0.15711719592146492,0.1627457131669489,0.20778947561665445,0.6282646546720836,0.3717353453279164,True
tumor_2,tumor_2,HALLMARK_COAGULATION,6892,0.14341749658335495,0.0014856147374081893,0.14063343636099243,0.14603246025566735,0.19188502098450458,0.6182530470110272,0.3817469529889727,True
tumor_2,tumor_2,HALLMARK_COMPLEMENT,6892,0.1483679785228726,0.0014681396555188233,0.14561991301189442,0.15098034043404313,0.19289117432020092,0.6352292513058618,0.3647707486941381,True
tumor_2,tumor_2,HALLMARK_E2F_TARGETS,6892,0.21671494267179456,0.0017410560043108773,0.21354603640482123,0.21987238153700892,0.25545781327764455,0.6835461404526988,0.3164538595473012,True
tumor_2,tumor_2,HALLMARK_EPITHELIAL_MESENCHYMAL_TRANSITION,6892,0.13335213028280735,0.0013869677952343762,0.1307563560640759,0.13582717084089135,0.17841154008326582,0.6169471851421938,0.3830528148578062,True
tumor_2,tumor_2,HALLMARK_ESTROGEN_RESPONSE_EARLY,6892,0.13896841872780216,0.0014507645160979664,0.1362383101396204,0.14152267773213,0.1888326831200727,0.6099825885084156,0.3900174114915844,True
tumor_2,tumor_2,HALLMARK_ESTROGEN_RESPONSE_LATE,6892,0.13856921317616125,0.001480692783250726,0.13577376080685197,0.14119655730750796,0.19054277732118266,0.6076610562971562,0.3923389437028439,True
tumor_2,tumor_2,HALLMARK_FATTY_ACID_METABOLISM,6892,0.17665568061523662,0.0017774495422560462,0.17332486119270277,0.17969003594351773,0.23809017820375766,0.6073708647707486,0.3926291352292513,True
tumor_2,tumor_2,HALLMARK_G2M_CHECKPOINT,6892,0.19129886445526637,0.001646171910490179,0.18825428820461,0.19425741155670803,0.2338819052385017,0.6567034242600116,0.3432965757399884,True
tumor_2,tumor_2,HALLMARK_GLYCOLYSIS,6892,0.14897886308240488,0.0016755924548189395,0.14584508412541325,0.15186176027131382,0.21598728581525126,0.5861868833430064,0.4138131166569936,True
tumor_2,tumor_2,HALLMARK_HEDGEHOG_SIGNALING,6892,0.11561818959201298,0.001400787863587495,0.1129511469114632,0.11807913595256683,0.17725706872421546,0.5658734764944864,0.4341265235055136,True
tumor_2,tumor_2,HALLMARK_HEME_METABOLISM,6892,0.13174597291484788,0.0015150739691355312,0.12884713738248363,0.13439851826598073,0.1903568352091239,0.5886535113174696,0.4113464886825305,True
tumor_2,tumor_2,HALLMARK_HYPOXIA,6892,0.1263517787692724,0.0015719917940848899,0.12337335019356205,0.12905372114827865,0.1950710736291895,0.5671793383633198,0.4328206616366802,True
tumor_2,tumor_2,HALLMARK_IL2_STAT5_SIGNALING,6892,0.12486331292872124,0.0012740255812985306,0.12247206198820995,0.12713875916342632,0.16594840215202483,0.6205745792222868,0.3794254207777133,True
tumor_2,tumor_2,HALLMARK_IL6_JAK_STAT3_SIGNALING,6892,0.1427365579760545,0.0013698183235345497,0.1401724122288389,0.14519716774973315,0.183216036302709,0.6340684852002322,0.3659315147997678,True
tumor_2,tumor_2,HALLMARK_INFLAMMATORY_RESPONSE,6892,0.1210185583094073,0.0012129311247712964,0.11873266625503877,0.12318771933125794,0.15762196852888247,0.6324724318049912,0.3675275681950087,True
tumor_2,tumor_2,HALLMARK_INTERFERON_ALPHA_RESPONSE,6892,0.14834083783110835,0.0014413827324951558,0.1456372434623869,0.15089636511856455,0.1942081549472108,0.623476494486361,0.376523505513639,True
tumor_2,tumor_2,HALLMARK_INTERFERON_GAMMA_RESPONSE,6892,0.14597996944655361,0.0013829679914590706,0.14338721693136755,0.14844196357766407,0.18714381632907556,0.6330528148578062,0.3669471851421938,True
tumor_2,tumor_2,HALLMARK_KRAS_SIGNALING_DN,6892,0.13168364208097436,0.0012363832908505977,0.1293785707695528,0.13390329209887566,0.1665414869889576,0.6424840394660476,0.3575159605339524,True
tumor_2,tumor_2,HALLMARK_KRAS_SIGNALING_UP,6892,0.11416282227559274,0.0012005840966227085,0.11188432365635383,0.11630044290061467,0.15252856791023242,0.624492164828787,0.375507835171213,True
tumor_2,tumor_2,HALLMARK_MITOTIC_SPINDLE,6892,0.189578524516738,0.0016558855929237175,0.18652747351628113,0.19257345641440576,0.2350947231823332,0.6453859547301218,0.3546140452698781,True
tumor_2,tumor_2,HALLMARK_MTORC1_SIGNALING,6892,0.1534679370552155,0.0017134296288869087,0.1502204285360431,0.15638447163986502,0.22125651619655246,0.5854614045269878,0.4145385954730122,True
tumor_2,tumor_2,HALLMARK_MYC_TARGETS_V1,6892,0.209907895409154,0.0019739600451640013,0.20627474036995333,0.21330697556315756,0.27213268443261523,0.6242019733023796,0.3757980266976204,True
tumor_2,tumor_2,HALLMARK_MYOGENESIS,6892,0.12690047907633367,0.0013961584439464655,0.12427997902025244,0.12940471369848594,0.17633505974399025,0.6028728961114336,0.3971271038885665,True
tumor_2,tumor_2,HALLMARK_NOTCH_SIGNALING,6892,0.12340744744967891,0.0013005447779836823,0.12096516873695473,0.12575773325173398,0.1676523061373945,0.6127394080092862,0.3872605919907139,True
tumor_2,tumor_2,HALLMARK_OXIDATIVE_PHOSPHORYLATION,6892,0.2082231409291996,0.0018731982466831324,0.2047654774859755,0.2114409419846936,0.2609870007542293,0.639727219965177,0.360272780034823,True
tumor_2,tumor_2,HALLMARK_P53_PATHWAY,6892,0.14961617115088743,0.0015688769799634494,0.14665147554478958,0.15236400792902494,0.20509152682594553,0.6054846198491004,0.3945153801508996,True
tumor_2,tumor_2,HALLMARK_PANCREAS_BETA_CELLS,6892,0.10174325052271478,0.0011341891933012687,0.09958083228584395,0.10375201033523478,0.14358985218488463,0.5964886825304702,0.4035113174695299,True
tumor_2,tumor_2,HALLMARK_PI3K_AKT_MTOR_SIGNALING,6892,0.17346951577102793,0.0016769488579801,0.17035271221105627,0.17641364539473448,0.2265569512805294,0.6237666860127684,0.3762333139872316,True
tumor_2,tumor_2,HALLMARK_PROTEIN_SECRETION,6892,0.20120569364548793,0.0018871704013896078,0.19774164133424144,0.2044990541051431,0.2587951927722095,0.6276842716192688,0.3723157283807313,True
tumor_2,tumor_2,HALLMARK_REACTIVE_OXYGEN_SPECIES_PATHWAY,6892,0.20112638997230287,0.0018148246919511572,0.1977980307344611,0.20429412593068172,0.25137375548672525,0.6446604759141034,0.3553395240858967,True
tumor_2,tumor_2,HALLMARK_SPERMATOGENESIS,6892,0.154216391808034,0.0013392127492157422,0.15175646208983634,0.156661068241643,0.18724775736426555,0.6720835751596054,0.3279164248403947,True
tumor_2,tumor_2,HALLMARK_TGF_BETA_SIGNALING,6892,0.13727716067131512,0.001421647213875656,0.13460527688888482,0.13981849224894097,0.1837465503482325,0.6152060359837492,0.3847939640162507,True
tumor_2,tumor_2,HALLMARK_TNFA_SIGNALING_VIA_NFKB,6892,0.12903652851267744,0.0013428592952523372,0.12650326424232136,0.1314200743441406,0.17371982453567997,0.6140452698781196,0.3859547301218804,True
tumor_2,tumor_2,HALLMARK_UNFOLDED_PROTEIN_RESPONSE,6892,0.13882128592571807,0.0014804125618699487,0.13602093284960273,0.14135833113918939,0.1932923809997966,0.5908299477655252,0.4091700522344748,True
tumor_2,tumor_2,HALLMARK_UV_RESPONSE_DN,6892,0.12559490287912617,0.0013495504825894082,0.12304917567159923,0.12800578263515566,0.17261733646271207,0.6060650029019152,0.3939349970980847,True
tumor_2,tumor_2,HALLMARK_UV_RESPONSE_UP,6892,0.15833137137347206,0.001547125597487348,0.15545903398080663,0.16106010288018702,0.20682250309813557,0.623476494486361,0.376523505513639,True
tumor_2,tumor_2,HALLMARK_WNT_BETA_CATENIN_SIGNALING,6892,0.13280477858007383,0.0013885652695135298,0.13019340524175788,0.1352930646648732,0.18014427554049564,0.6109982588508416,0.3890017411491584,True
tumor_2,tumor_2,HALLMARK_XENOBIOTIC_METABOLISM,6892,0.15285840832464154,0.001420688443239842,0.15021105278628805,0.1553854941613549,0.1928754738191037,0.636680208937899,0.363319791062101,True
