receiver,condition,program,mean,std
tumor_1,tumor_1,HALLMARK_ADIPOGENESIS,0.002779594335587114,0.001729275353781528
tumor_1,tumor_1,HALLMARK_ALLOGRAFT_REJECTION,0.005627507103918223,0.0014939543524464173
tumor_1,tumor_1,HALLMARK_ANDROGEN_RESPONSE,-0.003114786311568655,0.002264190503992156
tumor_1,tumor_1,HALLMARK_ANGIOGENESIS,0.003964170807696369,0.0018717747648808038
tumor_1,tumor_1,HALLMARK_APICAL_JUNCTION,0.005119415566718087,0.001733727017911499
tumor_1,tumor_1,HALLMARK_APICAL_SURFACE,0.002921500466324606,0.0017554584736336066
tumor_1,tumor_1,HALLMARK_APOPTOSIS,0.0028438568518162383,0.0020448339734511272
tumor_1,tumor_1,HALLMARK_BILE_ACID_METABOLISM,-0.028559636058886062,0.0024750661551511924
tumor_1,tumor_1,HALLMARK_CHOLESTEROL_HOMEOSTASIS,-0.002810469632827886,0.001961231690474412
tumor_1,tumor_1,HALLMARK_COAGULATION,-0.0007587278381764422,0.0019636525154101015
tumor_1,tumor_1,HALLMARK_COMPLEMENT,0.00035409372412811976,0.0018938213185756743
tumor_1,tumor_1,HALLMARK_E2F_TARGETS,-0.003687834009894761,0.0020616775251870133
tumor_1,tumor_1,HALLMARK_EPITHELIAL_MESENCHYMAL_TRANSITION,0.008613197733109623,0.0017990917853436823
tumor_1,tumor_1,HALLMARK_ESTROGEN_RESPONSE_EARLY,0.004096301518430713,0.0019096085668743215
tumor_1,tumor_1,HALLMARK_ESTROGEN_RESPONSE_LATE,0.004467349785719595,0.001906289438014607
tumor_1,tumor_1,HALLMARK_FATTY_ACID_METABOLISM,-0.0030765456020555243,0.0024086837597991147
tumor_1,tumor_1,HALLMARK_G2M_CHECKPOINT,-0.0010229344323550772,0.0019999680952216036
tumor_1,tumor_1,HALLMARK_GLYCOLYSIS,0.007143839221493677,0.0023311299406447565
tumor_1,tumor_1,HALLMARK_HEDGEHOG_SIGNALING,0.011230084185152079,0.002020800728893361
tumor_1,tumor_1,HALLMARK_HEME_METABOLISM,0.004736405494722559,0.0020139771832951904
tumor_1,tumor_1,HALLMARK_HYPOXIA,0.00929947888653779,0.0021391594230388902
tumor_1,tumor_1,HALLMARK_IL2_STAT5_SIGNALING,0.006571741877902948,0.0016284206346577495
tumor_1,tumor_1,HALLMARK_IL6_JAK_STAT3_SIGNALING,0.004333400656038658,0.001741708735316332
tumor_1,tumor_1,HALLMARK_INFLAMMATORY_RESPONSE,0.005756147583306842,0.0014915018066733393
tumor_1,tumor_1,HALLMARK_INTERFERON_ALPHA_RESPONSE,-0.0027809263042451312,0.001826614204531004
tumor_1,tumor_1,HALLMARK_INTERFERON_GAMMA_RESPONSE,0.0007330479722936361,0.0017718777227515605
tumor_1,tumor_1,HALLMARK_KRAS_SIGNALING_DN,0.0021397026040957277,0.0015512458662860914
tumor_1,tumor_1,HALLMARK_KRAS_SIGNALING_UP,0.008722212807351271,0.0014863965281058866
tumor_1,tumor_1,HALLMARK_MITOTIC_SPINDLE,0.0013686860578860497,0.002024118167592053
tumor_1,tumor_1,HALLMARK_MTORC1_SIGNALING,0.0018791708015465452,0.002335242658358631
tumor_1,tumor_1,HALLMARK_MYC_TARGETS_V1,-0.007289236499274955,0.0026632369567339085
tumor_1,tumor_1,HALLMARK_MYOGENESIS,0.008484263962110893,0.0018109838968948311
tumor_1,tumor_1,HALLMARK_NOTCH_SIGNALING,0.005493634839485865,0.0016757030332745257
tumor_1,tumor_1,HALLMARK_OXIDATIVE_PHOSPHORYLATION,-0.011449314293277928,0.0024764439572241173
tumor_1,tumor_1,HALLMARK_P53_PATHWAY,0.001960679877880904,0.0020722163381503367
tumor_1,tumor_1,HALLMARK_PANCREAS_BETA_CELLS,0.0056464993673923615,0.0014874158739220976
tumor_1,tumor_1,HALLMARK_PI3K_AKT_MTOR_SIGNALING,-0.004020079461626654,0.0022443156808357565
tumor_1,tumor_1,HALLMARK_PROTEIN_SECRETION,-0.01013654963771118,0.0025536862771968496
tumor_1,tumor_1,HALLMARK_REACTIVE_OXYGEN_SPECIES_PATHWAY,-0.004352737809501012,0.002479860802159672
tumor_1,tumor_1,HALLMARK_SPERMATOGENESIS,0.0013595648534290357,0.001656810671709008
tumor_1,tumor_1,HALLMARK_TGF_BETA_SIGNALING,0.004712390000902715,0.0018288882345566936
tumor_1,tumor_1,HALLMARK_TNFA_SIGNALING_VIA_NFKB,0.006786757590602257,0.0017296383000663218
tumor_1,tumor_1,HALLMARK_UNFOLDED_PROTEIN_RESPONSE,-0.0015532985719108508,0.0020127341033744296
tumor_1,tumor_1,HALLMARK_UV_RESPONSE_DN,0.005359045706769388,0.0017097376187930754
tumor_1,tumor_1,HALLMARK_UV_RESPONSE_UP,0.0017116557461501736,0.002060093022360737
tumor_1,tumor_1,HALLMARK_WNT_BETA_CATENIN_SIGNALING,0.005218524091654475,0.0017428436735731116
tumor_1,tumor_1,HALLMARK_XENOBIOTIC_METABOLISM,-0.0025501161930705065,0.0018510948453622131
tumor_1,tumor_2,HALLMARK_ADIPOGENESIS,-0.006729841094170004,0.00107687371943965
tumor_1,tumor_2,HALLMARK_ALLOGRAFT_REJECTION,-0.008672973241378935,0.0009210947740396303
tumor_1,tumor_2,HALLMARK_ANDROGEN_RESPONSE,-0.0025638976795329775,0.0013906537864447573
tumor_1,tumor_2,HALLMARK_ANGIOGENESIS,-0.019703418265327684,0.0011727392042057724
tumor_1,tumor_2,HALLMARK_APICAL_JUNCTION,-0.006877556172472002,0.0010721167046992557
tumor_1,tumor_2,HALLMARK_APICAL_SURFACE,-0.004672642213351316,0.001085363093998333
tumor_1,tumor_2,HALLMARK_APOPTOSIS,-0.015689437060836028,0.0012702640719504334
tumor_1,tumor_2,HALLMARK_BILE_ACID_METABOLISM,0.11418638659071834,0.0015902145037250865
tumor_1,tumor_2,HALLMARK_CHOLESTEROL_HOMEOSTASIS,0.002723829323250004,0.0012165641814983936
tumor_1,tumor_2,HALLMARK_COAGULATION,0.014651047097279315,0.0012241323362800728
tumor_1,tumor_2,HALLMARK_COMPLEMENT,0.00819080925532313,0.001175541832673808
tumor_1,tumor_2,HALLMARK_E2F_TARGETS,-0.006860650192009453,0.0012853969919854528
tumor_1,tumor_2,HALLMARK_EPITHELIAL_MESENCHYMAL_TRANSITION,-0.022417021697911647,0.0011225430527209066
tumor_1,tumor_2,HALLMARK_ESTROGEN_RESPONSE_EARLY,-0.01426310082956076,0.0011822314343648559
tumor_1,tumor_2,HALLMARK_ESTROGEN_RESPONSE_LATE,-0.013304397294304271,0.0011886846030051612
tumor_1,tumor_2,HALLMARK_FATTY_ACID_METABOLISM,-0.04079512275174223,0.0014926721528487619
tumor_1,tumor_2,HALLMARK_G2M_CHECKPOINT,-0.01015685244260555,0.0012489844451698802
tumor_1,tumor_2,HALLMARK_GLYCOLYSIS,-0.07539889471748205,0.001444649024526326
tumor_1,tumor_2,HALLMARK_HEDGEHOG_SIGNALING,-0.0730457454636419,0.0012750904583302312
tumor_1,tumor_2,HALLMARK_HEME_METABOLISM,-0.021396608745126593,0.0012444828412213342
tumor_1,tumor_2,HALLMARK_HYPOXIA,-0.05645352977210481,0.0013210365101080192
tumor_1,tumor_2,HALLMARK_IL2_STAT5_SIGNALING,-0.019998641034907543,0.0010114352660494292
tumor_1,tumor_2,HALLMARK_IL6_JAK_STAT3_SIGNALING,-0.013947624628402582,0.001083384113052405
tumor_1,tumor_2,HALLMARK_INFLAMMATORY_RESPONSE,-0.011101388419012165,0.0009225490183442304
tumor_1,tumor_2,HALLMARK_INTERFERON_ALPHA_RESPONSE,0.013617278812320818,0.0011543823548171863
tumor_1,tumor_2,HALLMARK_INTERFERON_GAMMA_RESPONSE,0.004533330720480617,0.001111519222124818
tumor_1,tumor_2,HALLMARK_KRAS_SIGNALING_DN,0.001357718271915332,0.0009691671470730773
tumor_1,tumor_2,HALLMARK_KRAS_SIGNALING_UP,-0.022016487607207938,0.0009221665728926392
tumor_1,tumor_2,HALLMARK_MITOTIC_SPINDLE,-0.03663766824857128,0.0012682117939377322
tumor_1,tumor_2,HALLMARK_MTORC1_SIGNALING,-0.03464116553886659,0.0014408066353072994
tumor_1,tumor_2,HALLMARK_MYC_TARGETS_V1,-0.018560620174986754,0.0016422628512962635
tumor_1,tumor_2,HALLMARK_MYOGENESIS,-0.01903029032665244,0.0011183376120742293
tumor_1,tumor_2,HALLMARK_NOTCH_SIGNALING,-0.02247289503981411,0.0010377103169107787
tumor_1,tumor_2,HALLMARK_OXIDATIVE_PHOSPHORYLATION,-0.004596462328626721,0.0015265345108138569
tumor_1,tumor_2,HALLMARK_P53_PATHWAY,-0.016641274863239696,0.0012853915679883212
tumor_1,tumor_2,HALLMARK_PANCREAS_BETA_CELLS,-0.016875307512740155,0.0009239815246142652
tumor_1,tumor_2,HALLMARK_PI3K_AKT_MTOR_SIGNALING,0.00217096278689823,0.0013786427804945473
tumor_1,tumor_2,HALLMARK_PROTEIN_SECRETION,0.01170708984763274,0.0015871086145372044
tumor_1,tumor_2,HALLMARK_REACTIVE_OXYGEN_SPECIES_PATHWAY,-0.00496990999533795,0.0015389279492448212
tumor_1,tumor_2,HALLMARK_SPERMATOGENESIS,-0.0004898844743400296,0.0010377501584210526
tumor_1,tumor_2,HALLMARK_TGF_BETA_SIGNALING,-0.0028536598355320296,0.0011418088938275944
tumor_1,tumor_2,HALLMARK_TNFA_SIGNALING_VIA_NFKB,-0.027489031316669642,0.0010697781404577582
tumor_1,tumor_2,HALLMARK_UNFOLDED_PROTEIN_RESPONSE,-0.01685336747986608,0.001278189449157067
tumor_1,tumor_2,HALLMARK_UV_RESPONSE_DN,-0.00774957622294844,0.0010537857526776203
tumor_1,tumor_2,HALLMARK_UV_RESPONSE_UP,-0.01633773422362981,0.00128074483118485
tumor_1,tumor_2,HALLMARK_WNT_BETA_CATENIN_SIGNALING,-0.018834209176375964,0.0010695981289772804
tumor_1,tumor_2,HALLMARK_XENOBIOTIC_METABOLISM,0.0212716090065904,0.001155173602000194
tumor_2,tumor_1,HALLMARK_ADIPOGENESIS,-0.057911916461292456,0.0017469200253256742
tumor_2,tumor_1,HALLMARK_ALLOGRAFT_REJECTION,-0.05898980190099821,0.001508233237427588
tumor_2,tumor_1,HALLMARK_ANDROGEN_RESPONSE,-0.06883852123937807,0.002125087904796979
tumor_2,tumor_1,HALLMARK_ANGIOGENESIS,-0.06611602443365845,0.0018335444619018934
tumor_2,tumor_1,HALLMARK_APICAL_JUNCTION,-0.0556239492662199,0.0017974823318873615
tumor_2,tumor_1,HALLMARK_APICAL_SURFACE,-0.06455314251899973,0.0018005673537885192
tumor_2,tumor_1,HALLMARK_APOPTOSIS,-0.07410630251489124,0.0020151439793550632
tumor_2,tumor_1,HALLMARK_BILE_ACID_METABOLISM,-0.13919055791787996,0.002487446723572635
tumor_2,tumor_1,HALLMARK_CHOLESTEROL_HOMEOSTASIS,-0.07864120581587905,0.0020751051643025905
tumor_2,tumor_1,HALLMARK_COAGULATION,-0.07501144413878771,0.0018882034230509005
tumor_2,tumor_1,HALLMARK_COMPLEMENT,-0.08329671262492928,0.0018496949960283956
tumor_2,tumor_1,HALLMARK_E2F_TARGETS,-0.13937272217912228,0.0023890747747883955
tumor_2,tumor_1,HALLMARK_EPITHELIAL_MESENCHYMAL_TRANSITION,-0.04175155120712879,0.0017829713735518001
tumor_2,tumor_1,HALLMARK_ESTROGEN_RESPONSE_EARLY,-0.05538014528498368,0.0019154442238299716
tumor_2,tumor_1,HALLMARK_ESTROGEN_RESPONSE_LATE,-0.05367314737032099,0.0019472017576269353
tumor_2,tumor_1,HALLMARK_FATTY_ACID_METABOLISM,-0.0977246304145099,0.0023306372370354034
tumor_2,tumor_1,HALLMARK_G2M_CHECKPOINT,-0.1052652076723413,0.002279525775697771
tumor_2,tumor_1,HALLMARK_GLYCOLYSIS,-0.0595383193234955,0.0021249915735422676
tumor_2,tumor_1,HALLMARK_HEDGEHOG_SIGNALING,-0.027310007089645493,0.001869169570614803
tumor_2,tumor_1,HALLMARK_HEME_METABOLISM,-0.0270494489454934,0.0019586018139589535
tumor_2,tumor_1,HALLMARK_HYPOXIA,-0.016593950461938338,0.0020224509369417567
tumor_2,tumor_1,HALLMARK_IL2_STAT5_SIGNALING,-0.04948556250403792,0.001664779410110296
tumor_2,tumor_1,HALLMARK_IL6_JAK_STAT3_SIGNALING,-0.06480905827822965,0.0017957509898179358
tumor_2,tumor_1,HALLMARK_INFLAMMATORY_RESPONSE,-0.04264950262480048,0.0015446845065586463
tumor_2,tumor_1,HALLMARK_INTERFERON_ALPHA_RESPONSE,-0.08505786498470921,0.00186890405495014
tumor_2,tumor_1,HALLMARK_INTERFERON_GAMMA_RESPONSE,-0.07778299134954991,0.0017970441882307136
tumor_2,tumor_1,HALLMARK_KRAS_SIGNALING_DN,-0.06213257634396102,0.0016208279062781738
tumor_2,tumor_1,HALLMARK_KRAS_SIGNALING_UP,-0.03626452105791793,0.0015402411484673197
tumor_2,tumor_1,HALLMARK_MITOTIC_SPINDLE,-0.09619137513422915,0.0022940191057587885
tumor_2,tumor_1,HALLMARK_MTORC1_SIGNALING,-0.05548447994996175,0.0022401136064382093
tumor_2,tumor_1,HALLMARK_MYC_TARGETS_V1,-0.1463822192906687,0.002581121296661524
tumor_2,tumor_1,HALLMARK_MYOGENESIS,-0.03704640566228118,0.0017852965991891846
tumor_2,tumor_1,HALLMARK_NOTCH_SIGNALING,-0.04740628806258595,0.001714044534725681
tumor_2,tumor_1,HALLMARK_OXIDATIVE_PHOSPHORYLATION,-0.1375743245643343,0.0023253931094254273
tumor_2,tumor_1,HALLMARK_P53_PATHWAY,-0.05523266506084905,0.002078528481486606
tumor_2,tumor_1,HALLMARK_PANCREAS_BETA_CELLS,-0.02251462327432146,0.0015367485785934803
tumor_2,tumor_1,HALLMARK_PI3K_AKT_MTOR_SIGNALING,-0.08528537602061445,0.0021670920458937526
tumor_2,tumor_1,HALLMARK_PROTEIN_SECRETION,-0.1346846881941322,0.002437494601264533
tumor_2,tumor_1,HALLMARK_REACTIVE_OXYGEN_SPECIES_PATHWAY,-0.14365920007322536,0.002360990647151349
tumor_2,tumor_1,HALLMARK_SPERMATOGENESIS,-0.08415300876594493,0.0018228465140481417
tumor_2,tumor_1,HALLMARK_TGF_BETA_SIGNALING,-0.047104815734251945,0.001846639286412826
tumor_2,tumor_1,HALLMARK_TNFA_SIGNALING_VIA_NFKB,-0.042023538092866006,0.001729024087718792
tumor_2,tumor_1,HALLMARK_UNFOLDED_PROTEIN_RESPONSE,-0.03957725098172601,0.0019551751334035165
tumor_2,tumor_1,HALLMARK_UV_RESPONSE_DN,-0.03942463305385784,0.0017495399703071229
tumor_2,tumor_1,HALLMARK_UV_RESPONSE_UP,-0.07876584821103304,0.002009872814630444
tumor_2,tumor_1,HALLMARK_WNT_BETA_CATENIN_SIGNALING,-0.04932915428581974,0.0018235007525500724
tumor_2,tumor_1,HALLMARK_XENOBIOTIC_METABOLISM,-0.07597667996444597,0.0018543096934890628
tumor_2,tumor_2,HALLMARK_ADIPOGENESIS,0.09137345594795325,0.0020933606355636666
tumor_2,tumor_2,HALLMARK_ALLOGRAFT_REJECTION,0.08638858738729774,0.0018733000754174705
tumor_2,tumor_2,HALLMARK_ANDROGEN_RESPONSE,0.1030590404308153,0.002523563919144982
tumor_2,tumor_2,HALLMARK_ANGIOGENESIS,0.09088436348345093,0.002158047698721487
tumor_2,tumor_2,HALLMARK_APICAL_JUNCTION,0.09972628522225221,0.0021692971219551545
tumor_2,tumor_2,HALLMARK_APICAL_SURFACE,0.09642888519590025,0.0020682090065503923
tumor_2,tumor_2,HALLMARK_APOPTOSIS,0.10693629943305376,0.002388157374324221
tumor_2,tumor_2,HALLMARK_BILE_ACID_METABOLISM,0.16358278076447536,0.003022607635176049
tumor_2,tumor_2,HALLMARK_CHOLESTEROL_HOMEOSTASIS,0.11197000708062699,0.0024277891289470636
tumor_2,tumor_2,HALLMARK_COAGULATION,0.09761749054565003,0.002286269488267897
tumor_2,tumor_2,HALLMARK_COMPLEMENT,0.10356315974001196,0.0022757373105500665
tumor_2,tumor_2,HALLMARK_E2F_TARGETS,0.1635862370332679,0.0028601746823813832
tumor_2,tumor_2,HALLMARK_EPITHELIAL_MESENCHYMAL_TRANSITION,0.09060353166637876,0.002096228550374065
tumor_2,tumor_2,HALLMARK_ESTROGEN_RESPONSE_EARLY,0.09284194869756889,0.0022440185628673313
tumor_2,tumor_2,HALLMARK_ESTROGEN_RESPONSE_LATE,0.09198778077429562,0.002281327992543115
tumor_2,tumor_2,HALLMARK_FATTY_ACID_METABOLISM,0.11928263711427445,0.0027732371428109306
tumor_2,tumor_2,HALLMARK_G2M_CHECKPOINT,0.14018471602364432,0.0026687250169512354
tumor_2,tumor_2,HALLMARK_GLYCOLYSIS,0.09403005454033322,0.0025365920107501072
tumor_2,tumor_2,HALLMARK_HEDGEHOG_SIGNALING,0.06927537559194455,0.0021229914050883464
tumor_2,tumor_2,HALLMARK_HEME_METABOLISM,0.0835309451961286,0.0022881626070357657
tumor_2,tumor_2,HALLMARK_HYPOXIA,0.07480973034030207,0.0023157823666700088
tumor_2,tumor_2,HALLMARK_IL2_STAT5_SIGNALING,0.08496116035088472,0.001967128457394122
tumor_2,tumor_2,HALLMARK_IL6_JAK_STAT3_SIGNALING,0.10027197746006378,0.002147842671003823
tumor_2,tumor_2,HALLMARK_INFLAMMATORY_RESPONSE,0.08397496616200578,0.0018947604048551968
tumor_2,tumor_2,HALLMARK_INTERFERON_ALPHA_RESPONSE,0.10352016738257397,0.0022365737576941496
tumor_2,tumor_2,HALLMARK_INTERFERON_GAMMA_RESPONSE,0.10309397555181839,0.002167861839493585
tumor_2,tumor_2,HALLMARK_KRAS_SIGNALING_DN,0.09351340246747729,0.0019727018968555303
tumor_2,tumor_2,HALLMARK_KRAS_SIGNALING_UP,0.07762751440303825,0.0018600946928622553
tumor_2,tumor_2,HALLMARK_MITOTIC_SPINDLE,0.13703330394497887,0.002700735929382661
tumor_2,tumor_2,HALLMARK_MTORC1_SIGNALING,0.0978938937907895,0.002587731126175604
tumor_2,tumor_2,HALLMARK_MYC_TARGETS_V1,0.14626745002488678,0.0030943376701232893
tumor_2,tumor_2,HALLMARK_MYOGENESIS,0.08347140680411698,0.00208486223376396
tumor_2,tumor_2,HALLMARK_NOTCH_SIGNALING,0.08299217627596993,0.002010378772300819
tumor_2,tumor_2,HALLMARK_OXIDATIVE_PHOSPHORYLATION,0.1497088076578937,0.002963049248498596
tumor_2,tumor_2,HALLMARK_P53_PATHWAY,0.0992961570603669,0.0024086612175954554
tumor_2,tumor_2,HALLMARK_PANCREAS_BETA_CELLS,0.0652628236942914,0.0017887375393607914
tumor_2,tumor_2,HALLMARK_PI3K_AKT_MTOR_SIGNALING,0.12023482895344499,0.00256276708164665
tumor_2,tumor_2,HALLMARK_PROTEIN_SECRETION,0.14122882043756446,0.0029557304735467146
tumor_2,tumor_2,HALLMARK_REACTIVE_OXYGEN_SPECIES_PATHWAY,0.14424016259016384,0.002861237300074035
tumor_2,tumor_2,HALLMARK_SPERMATOGENESIS,0.11412901235701504,0.0021765232244579675
tumor_2,tumor_2,HALLMARK_TGF_BETA_SIGNALING,0.0934887903578829,0.0021728288107593884
tumor_2,tumor_2,HALLMARK_TNFA_SIGNALING_VIA_NFKB,0.08688907104822449,0.002081245682078027
tumor_2,tumor_2,HALLMARK_UNFOLDED_PROTEIN_RESPONSE,0.09118359548776646,0.002258675849118919
tumor_2,tumor_2,HALLMARK_UV_RESPONSE_DN,0.08379948632745894,0.00203888063857385
tumor_2,tumor_2,HALLMARK_UV_RESPONSE_UP,0.10921183824907929,0.002406471135387722
tumor_2,tumor_2,HALLMARK_WNT_BETA_CATENIN_SIGNALING,0.08935800893790498,0.0021537917429073194
tumor_2,tumor_2,HALLMARK_XENOBIOTIC_METABOLISM,0.10948530746982274,0.002192129638049377
