gene,n_cells,PCC,PCC_defined,PCC_status,benchmark_PCC_with_floor,MSE,MSE0,observed_mean,predicted_mean,observed_variance,predicted_variance
1700022I11Rik,3855,0.05069359403315626,True,defined,0.05069359403315626,0.01308737773070338,0.013062795197870748,0.0006187734308854306,0.005998184197485971,0.013062412317311973,0.00012620291797701153
1810046K07Rik,3855,0.04973960517504865,True,defined,0.04973960517504865,0.03324099893100798,0.03326151190949614,-0.02372071545730537,-0.0011851911787496307,0.03269883956768935,0.0003891858102467686
5031425F14Rik,3855,0.08079878025135775,True,defined,0.08079878025135775,0.014647506364567582,0.014738509188481522,-0.005120700888031304,-0.00229463846994692,0.01471228761089676,0.00021390253801094845
5730522E02Rik,3855,0.0729390203497607,True,defined,0.0729390203497607,0.024811017223863537,0.024773750489492145,-0.0034594841516454706,0.008734349603477827,0.024761782458896604,0.0002944372941958386
Acta2,3855,0.2013579521413014,True,defined,0.2013579521413014,0.20973852082191993,0.21840465058487474,-0.04451759634302144,-0.04008835980073149,0.2164228342007138,0.01937158128892172
Adam2,3855,0.029755323588781756,True,defined,0.029755323588781756,0.029483243318888835,0.0291881893453075,-0.0038778300362067772,0.010690319050848121,0.02917315177951759,0.0002625647180285508
Adamts2,3855,0.12658499938181833,True,defined,0.12658499938181833,0.08360676503374045,0.08466647066025584,-0.007886524013353538,0.005139281935132219,0.08460427339924335,0.0025552042410434657
Adamts4,3855,0.18621140494963562,True,defined,0.18621140494963562,0.15909860520882954,0.16456693013339727,-0.02373043018382347,-0.04014918031376314,0.1640037968166882,0.009611539208818019
Adra1b,3855,0.5900624596904502,True,defined,0.5900624596904502,0.33241210774796315,0.509468815256363,-0.026917186992372184,-0.055187009336685355,0.5087442803007818,0.17726776278835196
Alk,3855,0.1883975938559599,True,defined,0.1883975938559599,0.10198943499413657,0.10530412487048434,-0.01967744310196228,-0.009093261223459126,0.1049169231034529,0.007601075061671258
Ankfn1,3855,0.22821073051701643,True,defined,0.22821073051701643,0.060219982811713854,0.06404337783090502,-0.030023163602742983,-0.018462315710846108,0.06314198747818811,0.005271088344056896
Ano4,3855,0.31825556487909107,True,defined,0.31825556487909107,0.29187895533197483,0.3231055465970325,0.01564781880255332,0.05514317483106089,0.3228606923637555,0.028288734544160678
Aqp4,3855,0.3900680630172917,True,defined,0.3900680630172917,0.28413467476528925,0.3468895763923733,-0.1124323379958952,-0.13969120131443158,0.33424854576515156,0.05077418306460901
Asic4,3855,0.2816975232269312,True,defined,0.2816975232269312,0.0705122547222079,0.07631814240696394,-0.013388014087711984,-0.002550061997183237,0.07613890348575188,0.009022308092321534
B4galnt2,3855,0.011029566862835676,True,defined,0.011029566862835676,0.024970639594793276,0.024797625068968435,0.002492913447716666,0.004260390944387547,0.024791410451510544,0.00022862193843581244
B4galnt3,3855,0.15935923451180276,True,defined,0.15935923451180276,0.06793178488076165,0.06973812372292325,0.00903568187300913,0.0024194101636912844,0.06965648017601349,0.0018277988353392186
Barx2,3855,0.43472305899763714,True,defined,0.43472305899763714,0.11673142698601678,0.14375406036386928,0.014131816276548437,0.005452841058694763,0.14355435213259568,0.02235131801228477
Bcl11b,3855,0.3448073648734036,True,defined,0.3448073648734036,0.21420423479949027,0.24690624076761702,-0.0656279291893294,-0.07515055572411139,0.24259921567793213,0.03562265037649831
Bdnf,3855,0.2863318725435113,True,defined,0.2863318725435113,0.18846779766518265,0.20531029583381996,0.015395738934689164,0.0231366636367435,0.20507326705647685,0.013808803750026754
Bgn,3855,0.2700476161455641,True,defined,0.2700476161455641,0.0941329824662039,0.1011334270264627,-0.00589678565525823,0.001658194660071414,0.10109865494539692,0.010935115534996714
Blnk,3855,0.3260381581854167,True,defined,0.3260381581854167,0.20785547328146683,0.2320761695022779,0.009993109927768185,-0.012892453590995027,0.23197630725625126,0.023469730692564576
Bmpr1b,3855,0.2581751279788653,True,defined,0.2581751279788653,0.1527573787674111,0.16350655729510874,-0.014498619210133849,-0.032488256866678875,0.16329634733610798,0.011881005553045703
Brinp3,3855,0.5524139613633425,True,defined,0.5524139613633425,0.2715196435132686,0.4085832674587657,0.141368474320212,0.1694941182281392,0.38859822192714444,0.10087847179075173
C1ql3,3855,0.5939649976196477,True,defined,0.5939649976196477,0.29773879559556005,0.46650993658497086,-0.09401968002212358,-0.054879444147231865,0.4576702363535104,0.16172529728972512
C1qtnf7,3855,0.094400862093033,True,defined,0.094400862093033,0.018746769308881462,0.018884798767839807,-0.00047976468531499424,-0.0027306181722170832,0.018884568593686812,0.00032453873216288997
Cacng5,3855,0.2737985051614798,True,defined,0.2737985051614798,0.11831106021434719,0.12765389807038746,-0.019552480064718422,0.00188272949000132,0.12727159859370452,0.011810791153970414
Calb2,3855,0.19685660362402888,True,defined,0.19685660362402888,0.1479771648569476,0.15641089312731551,-0.05999640821646561,-0.03187109463831263,0.15281132412843834,0.00886919244186451
Camk2d,3855,0.5275932309078505,True,defined,0.5275932309078505,0.4794368973524973,0.7075423168447543,-0.2088494238467303,-0.22670509517331755,0.6639242350036393,0.18520404834964174
Car3,3855,0.07152274929551204,True,defined,0.07152274929551204,0.05424614021471771,0.05488848881907388,0.02056596247037213,0.015880988954400932,0.05446553000674107,0.0005197303614440229
Cbln2,3855,0.5815803795985218,True,defined,0.5815803795985218,0.38003227517702515,0.5695480455526143,0.009289129572998564,0.06435413026026222,0.5694617576243864,0.2035376041383106
Cbln4,3855,0.5221461966968897,True,defined,0.5221461966968897,0.18139828570272604,0.24797969962884264,0.001294049839756537,0.03332852695388514,0.24797802506385389,0.06688345759312296
Ccbe1,3855,0.3466521910203651,True,defined,0.3466521910203651,0.05372802675162944,0.0637489786530475,-0.0552901065219846,-0.038774973414605785,0.06069198277383472,0.008633726066565157
Ccdc162,3855,0.21517525810259708,True,defined,0.21517525810259708,0.03896585162414497,0.04084840167006731,0.006030471244375143,0.008990708614706187,0.04081203508663758,0.0014123942820054522
Ccdc3,3855,0.5136695071057215,True,defined,0.5136695071057215,0.20531634381118202,0.2962987024766577,-0.13309220679475167,-0.14815804418164333,0.27858516696715996,0.0717462204422686
Ccdc80,3855,0.26895189375682765,True,defined,0.26895189375682765,0.18740254362942796,0.20147960568685683,0.0077198753715341795,-0.015342172282541366,0.20142000921110084,0.015680978744622084
Ccnb1,3855,0.229576758954637,True,defined,0.229576758954637,0.029844069430417397,0.03151278767406658,-0.0032168143995386462,-0.0034356851453395216,0.031502439779185896,0.0017755952134497423
Cd14,3855,0.2996657535011742,True,defined,0.2996657535011742,0.10116539882545804,0.11093054323961332,0.007361481173946033,-0.007827112331911535,0.1108763518345384,0.009198691315664932
Cd24a,3855,0.339963329342055,True,defined,0.339963329342055,0.20631139658189793,0.2341073372937851,0.037727050987070326,0.04682123990126689,0.23268400691760485,0.020472169945376196
Cdca7,3855,0.4436403006346832,True,defined,0.4436403006346832,0.052035222026251694,0.06458157550084231,-0.0074234727842566565,-0.005443976300915923,0.06452646755266268,0.009679729117636569
Cdcp1,3855,0.04498701108258067,True,defined,0.04498701108258067,0.041923823921811064,0.04203871020006641,0.00976454841212192,0.013216113016760065,0.041943363794373495,0.00027301519083234975
Cdh12,3855,0.474740006720505,True,defined,0.474740006720505,0.3007973289716602,0.39070618953739084,0.05118233118113855,0.06432080451047577,0.3880865585122525,0.08623660126460989
Cdh13,3855,0.5177508767755089,True,defined,0.5177508767755089,0.3473931910519827,0.48317448739864505,-0.10572607658071376,-0.06244894633958679,0.47199648412949397,0.13160624025638581
Cdh20,3855,0.37884890890979744,True,defined,0.37884890890979744,0.3361722292097979,0.3924984922338001,-0.04358226631984873,-0.004318255805754708,0.39059907829622253,0.060716047549284474
Cdh9,3855,0.38605437039178986,True,defined,0.38605437039178986,0.13392075769755973,0.15886360010746278,-0.043745285317066125,-0.027546889344822186,0.15694995011999188,0.026549097594948917
Ceacam9,3855,0.11116779794204187,True,defined,0.11116779794204187,0.04587701828419397,0.046519417687738325,0.011884104469175006,0.00673803578496454,0.04637818574870469,0.0009416546912604686
Cemip,3855,0.34077711545359857,True,defined,0.34077711545359857,0.22860140154677558,0.2595111432439294,-0.03987391467883326,-0.01642111566759665,0.25792121417211405,0.03317449049904839
Chat,3855,0.09118146692902562,True,defined,0.09118146692902562,0.028858413625460523,0.02904543938556009,0.0015062315797798056,0.005534367277827501,0.029043170651988474,0.0004796924482427186
Chn2,3855,0.4084182490136108,True,defined,0.4084182490136108,0.2982497379355346,0.3835596407349691,0.1631370292269853,0.15740283920517828,0.35694595042996263,0.04645036585468526
Chodl,3855,0.10673140257241408,True,defined,0.10673140257241408,0.03049655515448982,0.03070464778996274,0.00702425359437863,-0.0034231185279218856,0.030655307651404572,0.0007675443103514739
Chrm2,3855,0.547682904369874,True,defined,0.547682904369874,0.20838542433189777,0.29735801334830775,-0.012266583768999683,0.005729609937437275,0.29720754427094104,0.08805636329557938
Chrna2,3855,0.14547511895188422,True,defined,0.14547511895188422,0.07552045742265695,0.07978392577755504,-0.05260895884435155,-0.04746931658099839,0.07701622322686792,0.002575609789560877
Cldn5,3855,0.224920024438856,True,defined,0.224920024438856,0.213597869901977,0.22512268896405394,-0.013371592842618634,-0.012584172649582033,0.22494388946890223,0.012639292632802371
Clrn1,3855,0.03337373336495542,True,defined,0.03337373336495542,0.009094895126848124,0.009036168557345885,-0.003424973831658195,-0.008797186912750419,0.009024438111598296,0.0001072684320974444
Cntnap5b,3855,0.36150241394221294,True,defined,0.36150241394221294,0.20593303917722597,0.23954493168057986,-0.05737031723661638,-0.033891730636343764,0.23625357838074867,0.031463099222767736
Cobll1,3855,0.27412651144346717,True,defined,0.27412651144346717,0.1911427114536158,0.20599768649547665,-0.006941642904419804,-0.008547087552372594,0.2059495000892669,0.009718228528209277
Col14a1,3855,0.1310762419357133,True,defined,0.1310762419357133,0.08467782938049051,0.08654291624144494,0.021227965962948656,0.01996251144890351,0.08609228970252078,0.002153195212931195
Col15a1,3855,0.2123053712329142,True,defined,0.2123053712329142,0.17056321338423885,0.17715251917257854,-0.018107020737658873,0.015524946109043862,0.1768246549725839,0.0128387393146448
Col23a1,3855,0.22872837392678033,True,defined,0.22872837392678033,0.13269063219760144,0.13978025265612137,-0.01915423649540787,-0.025740987228546123,0.13941336788039868,0.011744203493913695
Col24a1,3855,0.31824332806880945,True,defined,0.31824332806880945,0.062262150206666166,0.06921951929676376,-0.005186031443512625,-0.013534016015482812,0.06919262437463103,0.007476404181437019
Col25a1,3855,0.45683736222400484,True,defined,0.45683736222400484,0.23466547723990872,0.3171008190850978,-0.15111705379019433,-0.11548090791885395,0.2942644551388695,0.07351936174029965
Corin,3855,0.09170068804934216,True,defined,0.09170068804934216,0.03181716372077603,0.031809870890224384,-0.021551613659439695,0.004278584067944085,0.03134539883889797,0.0005997872546128964
Cplx3,3855,0.26247157173661523,True,defined,0.26247157173661523,0.07782966403459271,0.08311558334418652,-0.004530889891696811,0.00334573260420298,0.08309505438097758,0.009137047650526071
Crhr2,3855,0.08507419869908502,True,defined,0.08507419869908502,0.019408433399029642,0.019328172821661726,-0.010275571670590981,0.0005941553916039257,0.01922258544850411,0.0006852086882135574
Crispld2,3855,0.20087118117627364,True,defined,0.20087118117627364,0.058545556777364526,0.060765728715196296,0.0018580672844529307,-0.012291987301240013,0.06076227630116256,0.0030703967478569565
Cspg4,3855,0.2643845219765904,True,defined,0.2643845219765904,0.09400477729768779,0.10107327853315332,-0.018298201114374146,-0.007188674677604261,0.100738454369131,0.004946748225701629
Ctss,3855,0.12796320261505686,True,defined,0.12796320261505686,0.2819981254073148,0.2882295156455311,-0.044515328768920996,-0.0256302705416021,0.2862479011501278,0.005998529288343483
Cux2,3855,0.5772574663710954,True,defined,0.5772574663710954,0.23787364398772184,0.35730544313070306,0.027165215706941036,0.03586577653761678,0.35656749418629624,0.11408567944760165
Cxcl14,3855,0.39547895128544003,True,defined,0.39547895128544003,0.3521945232653418,0.4213961401171449,-0.06340508245261013,-0.07246335951403633,0.41737593563632047,0.06327423197759421
Daam2,3855,0.36855198796039995,True,defined,0.36855198796039995,0.3088055346191803,0.35847992690571495,0.03652846471865688,0.024260871051104037,0.3571455981710117,0.05053774881127089
Dmkn,3855,0.13970975255210563,True,defined,0.13970975255210563,0.02193043288540968,0.022379238854071785,-0.004167181873348591,-0.0033054763477340333,0.022361873449305854,0.0005273579848459138
Dnase1l3,3855,0.03183439663827428,True,defined,0.03183439663827428,0.009503989357990496,0.0094493803239172,-0.0006063820029598033,-0.0015579880890617662,0.009449012624783789,0.00012259820614081754
Dscaml1,3855,0.4068286842808537,True,defined,0.4068286842808537,0.3211167432368153,0.38722552826548245,-0.05543622985376823,-0.03249606597062137,0.3841523526850823,0.06139978421713556
Egfem1,3855,0.2765878587210049,True,defined,0.2765878587210049,0.0770503535589181,0.08291386844124565,-0.004682310982263042,0.014887227902875007,0.08289194440511062,0.008178888612313875
Egfr,3855,0.22175142432911069,True,defined,0.22175142432911069,0.14146745829995996,0.14761723623939682,0.010470234102171806,-0.02379799885023023,0.14750761043724245,0.008356677180110468
Egln3,3855,0.32154625093815675,True,defined,0.32154625093815675,0.10054187690024306,0.1142637287834973,-0.04958074682267385,-0.06210612342330529,0.11180547832800097,0.014237072637677144
Egr2,3855,0.11398976910515471,True,defined,0.11398976910515471,0.0786885725198309,0.07989427028594477,-0.024308937930063515,-0.0060134091944646344,0.07930334582265701,0.0016889834820664846
Elfn1,3855,0.272134921675422,True,defined,0.272134921675422,0.1008693048954678,0.11181648336037275,-0.05523675745582612,-0.06757427311998257,0.1087653839861388,0.007600688732931597
Enpp6,3855,0.25338557687492963,True,defined,0.25338557687492963,0.1164023814081416,0.12420512195813767,-0.0009525382638837654,-0.003613826489509669,0.12420421462899278,0.010437744399889337
Epha7,3855,0.3986183096430464,True,defined,0.3986183096430464,0.29634265844473806,0.3625091224822076,-0.10309717889123834,-0.09382296911864776,0.3518800941868793,0.04816080819676219
Fam19a2,3855,0.5497932835445364,True,defined,0.5497932835445364,0.2065195879917086,0.29507083277409285,0.017744658464969327,0.04270328633848399,0.29475595987005293,0.08013661174754447
Fam84b,3855,0.18833734137651553,True,defined,0.18833734137651553,0.14535241485609487,0.1504260712636568,-0.010446985248479588,0.00865171818085614,0.15031693176287564,0.005570318895863886
Fbxl7,3855,0.13048434698921801,True,defined,0.13048434698921801,0.03278086951808081,0.03352535593652947,-0.014752153316138243,-0.008424204553479883,0.033307729909066,0.0005885795051256822
Fezf2,3855,0.4764208035268385,True,defined,0.4764208035268385,0.2144734315579926,0.2766860761623277,-0.0027272614801722916,-0.026991645751482336,0.2766786382071452,0.06161290501999886
Flrt3,3855,0.31342494504656304,True,defined,0.31342494504656304,0.24768896672083732,0.27832105568628984,-0.0604925968747522,-0.06337496484345943,0.2746617014096382,0.027190501859263003
Flt1,3855,0.308689497853961,True,defined,0.308689497853961,0.22552656689113687,0.24926524638344602,-0.023590616175443436,-0.025477448723251157,0.24870872921190912,0.017235573420627048
Fndc7,3855,0.03431936428641238,True,defined,0.03431936428641238,0.012552940222266027,0.01249369534907604,-0.006279152895211594,-0.0018746083444823908,0.012454267587994592,0.00018285362497643933
Fosb,3855,0.12092198616020867,True,defined,0.12092198616020867,0.1312374519279117,0.13313504529163925,0.0084584266642512,0.015338981722740652,0.13306350031000466,0.002767978886984557
Foxp2,3855,0.41267727085248257,True,defined,0.41267727085248257,0.14504176884590425,0.17246403437885535,0.01898316470796669,0.04721774583780261,0.17210367383652564,0.01771935361138919
Frem2,3855,0.16719168730531075,True,defined,0.16719168730531075,0.05860355289947483,0.060657301507862575,-0.019280560026198972,-0.020772033362590796,0.06028556151293982,0.001765395015488956
Fst,3855,0.2534565369906603,True,defined,0.2534565369906603,0.11030134188838503,0.11813338787429227,-0.01851388560654837,-0.011699636887768634,0.11779062391404044,0.006626623401142009
Gfap,3855,0.7052099660000265,True,defined,0.7052099660000265,0.24121284873638588,0.4797346586699168,0.041466116004148755,0.06210928922192944,0.4780152198934454,0.25999867621280126
Glra1,3855,0.09271886613076287,True,defined,0.09271886613076287,0.058794679768829405,0.05932453725565823,0.010086614908904185,0.011784885002824994,0.05922279745533948,0.0009861231154540536
Gpc6,3855,0.36438296541523035,True,defined,0.36438296541523035,0.1302727353423838,0.17308387684217047,-0.15140048906429573,-0.15056517627259328,0.15016176875326168,0.021942034553236678
Grik1,3855,0.3932349085934419,True,defined,0.3932349085934419,0.16899352052953345,0.19943456583419134,-0.0340861064319764,-0.007011299477237846,0.19827270318249948,0.04021759414522068
Grin3a,3855,0.37570193240576205,True,defined,0.37570193240576205,0.17039224829244756,0.21157790674021498,-0.11632293877841016,-0.13282470792639475,0.19804688065416443,0.029744339560883938
Grm1,3855,0.4034987150790148,True,defined,0.4034987150790148,0.24582041010440794,0.29380816098969553,-0.014992033792949546,-0.017606197571352934,0.29358339991244775,0.04547907609966869
Grm8,3855,0.4087907331841469,True,defined,0.4087907331841469,0.27556423068363595,0.33551766988057874,-0.08802038256480825,-0.0418297766822894,0.3277700821337231,0.045454411657939175
Hpse,3855,0.306491751577896,True,defined,0.306491751577896,0.03048958664757652,0.03357449735672144,0.0022451636368159963,-0.006167345650732063,0.03356945659696558,0.002968931871282242
Hs3st5,3855,0.2974961764298613,True,defined,0.2974961764298613,0.1455233893699338,0.15919468891680216,0.022908520768215365,0.05163004669915262,0.15866988859301415,0.012110474139036697
Igf2,3855,0.28637614965776836,True,defined,0.28637614965776836,0.09892835559357008,0.10819629562020777,-0.036950216977826855,-0.020293402399302458,0.10683097708550095,0.013856053670493841
Igfbp4,3855,0.5101909772304031,True,defined,0.5101909772304031,0.3092663346379679,0.4167405089237409,0.014253219189868223,0.04800412548384623,0.4165373546664733,0.10611799802742612
Igfbp5,3855,0.6378214294229748,True,defined,0.6378214294229748,0.6072367492008472,1.0160057196002166,0.051450693961325004,-0.026782124269700544,1.0133585456911143,0.4085201174842312
Ikzf2,3855,0.14477791055788097,True,defined,0.14477791055788097,0.12810729837783416,0.1307971919448177,-0.019450843398702053,0.0010817555636686942,0.13041885663589584,0.0028093876529840796
Il1rapl2,3855,0.4127037131733926,True,defined,0.4127037131733926,0.06319086152093668,0.07613592896872044,0.006131892337496411,-0.00013940502006449433,0.07609832886508235,0.012105907561489373
Il4ra,3855,0.07930929539103033,True,defined,0.07930929539103033,0.06649086603411154,0.06690205349017926,0.012397483190528845,0.0026526619914566418,0.06674835590071974,0.000823659046388209
Inpp4b,3855,0.1909374158236525,True,defined,0.1909374158236525,0.10524321566400088,0.11006652067421786,-0.04627483155211161,-0.013362933388952258,0.10792516063903905,0.005737442878153072
Iqgap2,3855,0.388451973046716,True,defined,0.388451973046716,0.2534757733796624,0.3002322744510212,-0.04501999460531268,-0.029990113609809858,0.29820547453675916,0.04779245195398233
Itgb8,3855,0.35648696248026374,True,defined,0.35648696248026374,0.3101424927791878,0.3676565545929087,-0.13033883851681366,-0.07101529929327903,0.35066834176699424,0.05469976289576332
Kcng1,3855,0.4615503374762084,True,defined,0.4615503374762084,0.22630804086328124,0.29266857631528015,-0.0748960919640614,-0.0823192917333551,0.2870591517237917,0.052302744767381205
Kcnj8,3855,0.11268095956342317,True,defined,0.11268095956342317,0.030783236072245274,0.03131208258844586,-0.012054212667270239,-0.013186080578938683,0.031166778545417974,0.0005379841195366687
L3mbtl4,3855,0.12733852552055472,True,defined,0.12733852552055472,0.03953762999565488,0.03981112807574398,0.0025838599560828214,-0.01617811630178308,0.03980445174347076,0.0009340886159011026
Lama3,3855,0.4616990743195403,True,defined,0.4616990743195403,0.07976527949229838,0.10400648581051626,-0.052761121177906954,-0.054624338876383544,0.10122274990256554,0.024861941492746648
Lhx6,3855,0.15462171516655446,True,defined,0.15462171516655446,0.06938584621046183,0.07066373525630704,-0.003777349749447152,-0.018598018223045323,0.07064946688517709,0.0030740739491370247
Lmo1,3855,0.13114340113917958,True,defined,0.13114340113917958,0.07456552885920852,0.07582903590488425,-0.005600793555804109,-0.0010331661290949362,0.07579766701642912,0.0018679490644876566
Lsp1,3855,0.29227693663177606,True,defined,0.29227693663177606,0.09611486800271,0.1062701252468457,-0.03946046266945178,-0.033047074365403,0.1047129971327568,0.01255966914197244
Ltf,3855,0.04908891344304934,True,defined,0.04908891344304934,0.015756210595811816,0.015784204207153867,-0.009764178567620335,-0.004682270522442575,0.015688865024053207,0.00022665701000371447
Luzp2,3855,0.38680343870303013,True,defined,0.38680343870303013,0.3193135336194926,0.42857104821221603,-0.23840861733756408,-0.18495755913980239,0.37173237939140763,0.06467638872165868
Lypd1,3855,0.4987027496012754,True,defined,0.4987027496012754,0.19017390439331197,0.25417978569143307,-0.0366203448745143,-0.03983073098725131,0.25283873603270546,0.05587380207057398
Lyzl4,3855,0.0949224591630897,True,defined,0.0949224591630897,0.028061067581273587,0.028168798040837544,-0.008519711088384327,-0.0012691403786717018,0.02809621256380833,0.0008278931588411219
1-Mar,3855,0.31215872030929676,True,defined,0.31215872030929676,0.23066492654608153,0.25399976986524614,-0.015384607725754385,0.019211788146560903,0.2537630837103721,0.018620178616363524
Marcksl1,3855,0.5327938377306329,True,defined,0.5327938377306329,0.3864160421345902,0.5431175365412626,-0.06642046769604995,-0.0847819603518154,0.5387058580122985,0.13978219968381353
Meis2,3855,0.5464572032670594,True,defined,0.5464572032670594,0.24967109954181377,0.4078579875003309,-0.23345189633206664,-0.19518105091005275,0.35335819959929343,0.09344779017140396
Moxd1,3855,0.2620725073333883,True,defined,0.2620725073333883,0.07099303562893484,0.07592375555009834,-0.00410151895179127,0.010865775520530386,0.07590693309238708,0.004034000716720245
Mrc1,3855,0.1400041017820442,True,defined,0.1400041017820442,0.06865804779429859,0.06942512311691093,-0.0057213783718346005,-0.00658889658822788,0.06939238894643666,0.003829385055214264
Mrgprx2,3855,0.02364067384292539,True,defined,0.02364067384292539,0.009812947232918229,0.009750674918952098,-0.0028413215033642357,-0.0033131956517359366,0.00974260181106664,0.00012158178490038018
Muc20,3855,0.047557558734648016,True,defined,0.047557558734648016,0.021670524643219034,0.0216693468032666,-0.0020281877146427424,-0.0019928288441447327,0.021665233257860808,0.00020644759883021646
Myh14,3855,0.19255089445488238,True,defined,0.19255089445488238,0.27756804965314463,0.28824470402732677,-0.0005446737081938255,-0.0010924558841953133,0.288244407357876,0.010035286620431624
Ndst4,3855,0.10067257958543904,True,defined,0.10067257958543904,0.03449951839497862,0.03446448523279339,-0.0016477756298856204,0.0020887679757125165,0.03446177006826732,0.001444257164230165
Nhs,3855,0.16793745519261388,True,defined,0.16793745519261388,0.08284930067383349,0.08496246569553406,-0.009086987520441238,-0.026441178443852506,0.08487989235333748,0.001684803251610124
Nkain3,3855,0.3361755943627267,True,defined,0.3361755943627267,0.0774669479551576,0.08778616431232572,-0.025516925726071407,-0.018996690124775804,0.08713505081381459,0.007662458843984938
Nnmt,3855,0.0681923540199548,True,defined,0.0681923540199548,0.02937877732263692,0.029653565060048112,-0.016580954911102737,-0.018442665217290287,0.029378636994283825,0.0005397940528487284
Nos1,3855,0.44678441675104424,True,defined,0.44678441675104424,0.15610118185420976,0.19874801952759644,-0.06526020340254257,-0.048801467727432477,0.19448912537945443,0.044039831149813115
Npas1,3855,0.32277917100881814,True,defined,0.32277917100881814,0.06660200227468047,0.07431020172382966,-0.008655880034953144,-0.007013924348430198,0.07423527746464939,0.006088450192421802
Npnt,3855,0.49389939559856044,True,defined,0.49389939559856044,0.3071613254463003,0.40802727726472277,-0.04891362067842137,-0.04740855519668273,0.4056347349768523,0.11311225399404161
Npsr1,3855,0.11885918686026725,True,defined,0.11885918686026725,0.01556114077324968,0.015723000863711284,-0.009331369626754956,-0.009437233188501214,0.015635926404599945,0.0007262899798380627
Npy2r,3855,0.23204509265676437,True,defined,0.23204509265676437,0.03199792489647188,0.03375997059084107,-0.0037226965112174375,-0.010168354709324066,0.033746112121526214,0.0013987447252453774
Nr2f2,3855,0.2898897593375779,True,defined,0.2898897593375779,0.13135578799695982,0.1430957947342035,0.002049411757306791,-0.013894395232587163,0.14309159464565094,0.01335429468794732
Nr4a1,3855,0.31574459329348437,True,defined,0.31574459329348437,0.505600428198153,0.567247979085885,-0.08133114577699033,-0.05824007466441472,0.5606332238124854,0.06475726254264999
Nr4a2,3855,0.3647797000266419,True,defined,0.3647797000266419,0.11741966408445044,0.13504019142978982,-0.021377668619378145,-0.027587554827948547,0.13458318671419212,0.011502258559720072
Ntng2,3855,0.35897440251836543,True,defined,0.35897440251836543,0.30144951838265927,0.3473056846292728,-0.03764916633939172,-0.027749837338308356,0.3458882249032229,0.04711826286619028
Nxph1,3855,0.3370800641779354,True,defined,0.3370800641779354,0.09233443556719048,0.10593260967177738,-0.04983596480170678,-0.02641882519159181,0.10344898628405796,0.009773947764164693
Nxph2,3855,0.2532357090640791,True,defined,0.2532357090640791,0.04380198304560092,0.04646313866308574,0.009259341643028801,0.02362680435752926,0.0463774032554226,0.0016540112382062372
Nxph4,3855,0.3136751078617571,True,defined,0.3136751078617571,0.06627215911779084,0.07143466953348586,-0.013255128742409472,0.019444708927306823,0.07125897109550827,0.002790678540907527
Olah,3855,0.029548258711539994,True,defined,0.029548258711539994,0.03731405546349388,0.03731981960602821,-0.01314911938691572,-0.009744118149398346,0.03714692026537617,0.00037656799694174006
Olfm3,3855,0.2710896725925799,True,defined,0.2710896725925799,0.18412437091256184,0.20128652127855623,-0.06633094715298155,-0.0900983161974249,0.19688672672834562,0.023740487534350607
Opalin,3855,0.24348088629891715,True,defined,0.24348088629891715,0.13321630153880376,0.14124408164348876,0.0015777267104959364,0.005572502367318054,0.1412415924219161,0.005370734504636739
Oprk1,3855,0.3750365787916694,True,defined,0.3750365787916694,0.08033293870437783,0.09339101345708213,0.010909799183688661,0.006898504253670129,0.09327198973885299,0.010350991608401252
Osr1,3855,0.27866086550193986,True,defined,0.27866086550193986,0.04910563161218496,0.05318344925746747,0.006850296264845303,0.01536188542063139,0.053136522698550494,0.0035353576506533375
Otof,3855,0.6481098187673949,True,defined,0.6481098187673949,0.06525939066888056,0.11491157888828374,-0.0905956307303187,-0.033831695934284076,0.10670401058085853,0.039722328827010496
Parm1,3855,0.4096395278811768,True,defined,0.4096395278811768,0.39578617704700514,0.4755028589212307,-0.006010997791194155,-0.005223415154739054,0.47546672682678326,0.07412015406657989
Pcdh8,3855,0.3423633452900501,True,defined,0.3423633452900501,0.15524164391676032,0.17583879056179175,-0.027636774102088195,-0.001425061114772613,0.17507499927902195,0.020300208800598664
Pde11a,3855,0.4117820609006015,True,defined,0.4117820609006015,0.02263670386427357,0.02703662534724211,-0.00309009586899371,0.010076203135771728,0.02702707665476259,0.004010105373325233
Pdgfc,3855,0.24070967681349878,True,defined,0.24070967681349878,0.09347196942565585,0.10119178642431688,-0.04806988343932266,-0.06586357132599951,0.09888107273044647,0.006018649982987315
Pdgfra,3855,0.15472680652306955,True,defined,0.15472680652306955,0.1581777359128427,0.16230271166989912,-0.01919388801932103,-0.009393178756335501,0.16193430633259898,0.004512815532061166
Pdlim5,3855,0.19546265934936635,True,defined,0.19546265934936635,0.19195184092562897,0.20204132550422021,-0.050765136055420025,-0.060315546322186345,0.1994642264654936,0.008358960367853633
Phactr2,3855,0.17189088785251685,True,defined,0.17189088785251685,0.3326964604248011,0.34240000615077704,0.04675501365770315,0.0014919156985944463,0.34021397484864485,0.014957916683830374
Plch1,3855,0.3221787977668566,True,defined,0.3221787977668566,0.19180350854484296,0.2136160209499674,0.010588403706650304,0.02794419024933864,0.21350390665690708,0.01855643257824564
Plcxd3,3855,0.426691956659202,True,defined,0.426691956659202,0.1776577270828967,0.21657662878794998,-0.019527268736175083,-0.046938585648953375,0.21619531456365518,0.04282151174135355
Pld5,3855,0.5183316410740301,True,defined,0.5183316410740301,0.1556807244352756,0.2097307260734104,-0.0008505139216036571,0.04530833498139934,0.20973000269948094,0.05036636460315819
Plekhg3,3855,0.28507167017518825,True,defined,0.28507167017518825,0.1290159811717656,0.1401863466709113,-0.010117871098367717,0.0035572254545286047,0.14008397535534695,0.009089024763407658
Pou3f1,3855,0.37548513933285305,True,defined,0.37548513933285305,0.20816322834233456,0.2431630419811363,-0.036736789364796546,-0.02492241313174879,0.24181345028830098,0.04082716361820257
Pou3f3,3855,0.46809113543734976,True,defined,0.46809113543734976,0.42632089842608,0.5479617905482422,0.053385389104448365,0.03633462314599045,0.5451117907784079,0.10672850220190166
Pou6f2,3855,0.3344883507633378,True,defined,0.3344883507633378,0.1454521166918207,0.16453521989526482,0.032848243773223325,0.0397357478206941,0.16345621277628003,0.01436619336053609
Prdm8,3855,0.39336608001329293,True,defined,0.39336608001329293,0.2448100675979308,0.29470286795393535,-0.07278616055321137,-0.062228047652061344,0.2894050427858594,0.041187050794392874
Prok2,3855,0.044421105986493854,True,defined,0.044421105986493854,0.01896638149605078,0.018733517538675578,-0.0003946935025982356,0.014972328808907257,0.018733361755714373,0.00014154098281702517
Prokr2,3855,0.04062604018669861,True,defined,0.04062604018669861,0.017053597239236284,0.016898213816627285,-0.00039014727222683675,0.010039378874198366,0.01689806160173352,0.00019379790685924146
Prox1,3855,0.24500430081458244,True,defined,0.24500430081458244,0.1158875519411799,0.12320308782556483,0.008300813776259727,0.020314433339508504,0.1231341843162165,0.00750450279624601
Prr16,3855,0.41407622439969133,True,defined,0.41407622439969133,0.1941973152899334,0.2358980774724616,0.042543721038288886,0.05185818481234889,0.23408810927267837,0.035243311791757964
Prss12,3855,0.47978598762736485,True,defined,0.47978598762736485,0.23999399348051118,0.3166609794995373,-0.07111068199705466,-0.07042678172268872,0.3116042504054508,0.0776890097695509
Prss23,3855,0.3520091573224841,True,defined,0.3520091573224841,0.2563524881461972,0.2954705107961579,-0.05821044628171902,-0.03870580037053187,0.2920820547398388,0.03971988962858883
Ptger3,3855,0.31868244879687957,True,defined,0.31868244879687957,0.07584659512862009,0.08431696653946234,0.004422872030114617,0.005529820676920175,0.0842974047424685,0.006737457370691451
Ptprk,3855,0.4257045341962634,True,defined,0.4257045341962634,0.4054408220251686,0.5009976713640175,-0.09115262479873072,-0.0464702557896212,0.4926888703563191,0.08542663882727565
Ptprm,3855,0.4407913015897659,True,defined,0.4407913015897659,0.41658141654745756,0.5159879393460087,0.022424832885482755,0.0002770883357333534,0.5154850662160682,0.08343633134428724
Ptprt,3855,0.4846406800061163,True,defined,0.4846406800061163,0.5304941016882847,0.6955862670360003,0.04831041928023102,0.052484847450370374,0.6932523704249696,0.16876033063467535
Ptpru,3855,0.4284751174081684,True,defined,0.4284751174081684,0.238706667035839,0.3111345276818398,-0.1448810444336056,-0.14273110132570221,0.29014401064566997,0.074817603349088
Pxdc1,3855,0.17600295787062578,True,defined,0.17600295787062578,0.0895028457336829,0.0923635257869511,-0.0033214816655093944,-0.004844313621431609,0.09235249354649622,0.002551590514511468
Ramp1,3855,0.26906950026160753,True,defined,0.26906950026160753,0.310041112453629,0.33450147971045163,0.021170326850244,0.021386831166976445,0.3340532969715063,0.028444926454333247
Reln,3855,0.4179825172004131,True,defined,0.4179825172004131,0.14486944676246832,0.17501873829328324,0.001618929226591642,0.018968201188513122,0.1750161173614422,0.03468283259666392
Rerg,3855,0.35917033561741774,True,defined,0.35917033561741774,0.06040656355863359,0.06892165221022768,0.01203745461543957,0.0038115913162537008,0.06877675189660791,0.005379792729351126
Rfx3,3855,0.30876845453043955,True,defined,0.30876845453043955,0.20344169001383489,0.2306078470112737,-0.08000506265152332,-0.05675683696083869,0.2242070369613977,0.023884756358443695
Rgs5,3855,0.2945864850782823,True,defined,0.2945864850782823,0.3990000174487915,0.5212142501518315,-0.3155117039875841,-0.197514328663026,0.42166661479868417,0.03723059287151286
Rgs6,3855,0.40912662038558734,True,defined,0.40912662038558734,0.42531290372055847,0.5209689049314785,0.10272646731576682,0.10142546143339302,0.5104161778443005,0.07513361642381781
Rnf152,3855,0.43051533564403066,True,defined,0.43051533564403066,0.24455715057313132,0.30664499453497396,0.08688775472098058,0.06823501512903513,0.2990955126145212,0.04495000213256457
Ror1,3855,0.10457443845322001,True,defined,0.10457443845322001,0.04380983084137312,0.04392526188973782,0.003279578992577533,-0.014851081495529014,0.04391450625136948,0.0008270632687995708
Rorb,3855,0.6620935710509015,True,defined,0.6620935710509015,0.3272671675404371,0.5848784113430023,0.05407236349660524,0.03514442637486651,0.5819545908488951,0.24706062073698246
Rspo1,3855,0.5858286426757378,True,defined,0.5858286426757378,0.14347713892530517,0.22481547603020022,0.07984362866695675,0.08009950280190722,0.2184404709914972,0.07383343689639445
Rxfp1,3855,0.40341918536150256,True,defined,0.40341918536150256,0.1449997728080837,0.17330544228491807,-0.0162598160236238,-0.019564924539905163,0.17304106066779473,0.03178708438164197
Rxfp2,3855,0.27557497011514054,True,defined,0.27557497011514054,0.05544371470417857,0.059575512526726264,0.001720596355085301,0.021588146653728157,0.059572552074909364,0.0046173052931177275
Satb2,3855,0.3909152312085698,True,defined,0.3909152312085698,0.31852710188183253,0.37773446642741404,0.04188234179411014,0.040468895017627224,0.37598033587325225,0.05730598551148056
Scgn,3855,0.053255177664752885,True,defined,0.053255177664752885,0.04108532568771678,0.04104724689483525,0.0025719439729217117,-0.004261096084592187,0.041040631999034974,0.00046158150221620994
Sema3e,3855,0.3411409993265276,True,defined,0.3411409993265276,0.11760260435641094,0.132914590089944,0.024166544114061946,0.04459626065771278,0.13233056823552547,0.011692425956262072
Sema5a,3855,0.49932486526955455,True,defined,0.49932486526955455,0.3051880171738042,0.40254380965640685,0.03571133675947894,0.03485185286445705,0.40126851008325953,0.06417686848195639
Serpinf1,3855,0.19407631078633417,True,defined,0.19407631078633417,0.06296587291528731,0.06514400500778045,0.0001267942381314885,-0.007102259455868387,0.06514398893100246,0.004157462028803242
Sertm1,3855,0.3779560683468599,True,defined,0.3779560683468599,0.21539205696929828,0.26851596665478067,-0.13401633255105483,-0.11033678686985536,0.25055558926434246,0.03897569259661419
Sgcd,3855,0.12489091668583616,True,defined,0.12489091668583616,0.1275330375447035,0.12990132641704719,0.019192771617825663,0.015923408756271757,0.12953296393467284,0.001748708825604812
Shisa9,3855,0.4432652518172141,True,defined,0.4432652518172141,0.3949049504926306,0.49502633721634465,-0.060611137812985855,-0.05216237380822828,0.4913526271893656,0.0996056753008991
Slc17a6,3855,0.564648461432478,True,defined,0.564648461432478,0.1807372162958483,0.2663813761997252,0.034979529696608495,0.02895904611910895,0.2651578087019275,0.07932904066287982
Slc17a8,3855,0.4596237137455821,True,defined,0.4596237137455821,0.08696338018429854,0.10830088176754268,0.015413047344304244,0.0330078832224741,0.10806331973910616,0.012863784010044716
Slc25a13,3855,0.08876338273590881,True,defined,0.08876338273590881,0.06170579275931841,0.06175527382953785,-0.00995938412196395,-0.010278872920993847,0.06165608449744974,0.0020411446888914104
Slc30a3,3855,0.31741409639650575,True,defined,0.31741409639650575,0.2981898577690457,0.3335621119987836,-0.0545089673622582,-0.04988868830510537,0.3305908844758853,0.04505277185996355
Slc32a1,3855,0.32570705006703826,True,defined,0.32570705006703826,0.12718335994417812,0.14306455560566025,-0.03949590105510253,-0.06431904407568402,0.14150462940550754,0.012976631444425324
Slc44a5,3855,0.1929236153144102,True,defined,0.1929236153144102,0.06043317765253696,0.0628194956593889,-0.007857191524964826,-0.005625589188214286,0.06275776020072803,0.002583739444736342
Slco5a1,3855,0.1936224217404812,True,defined,0.1936224217404812,0.04628247513252002,0.04818365142336957,-0.011088485880144877,-0.007904103759648435,0.04806069690425507,0.002126148898731712
Sncg,3855,0.14267407284374722,True,defined,0.14267407284374722,0.043643714310055357,0.0446028659910522,0.011348395644301783,0.004156594118933844,0.044474079907351347,0.0012185178214300751
Sox10,3855,0.32161662373141875,True,defined,0.32161662373141875,0.11455493393188895,0.12732516809944416,-0.00889608042082724,-0.006251174429656235,0.1272460278525885,0.008683921904716431
Sox6,3855,0.2256048791090379,True,defined,0.2256048791090379,0.151423989560259,0.15978177713670752,-0.01740768068299741,-0.01907078101669333,0.15947874978994694,0.006786094514118061
Sp8,3855,0.2863897948497363,True,defined,0.2863897948497363,0.03637706376740325,0.03937212100290071,0.004272196591673503,0.013463709678563704,0.03935386933918285,0.004860345294859567
Spon1,3855,0.5041197774326561,True,defined,0.5041197774326561,0.381520382931237,0.5216801089710168,-0.10164204235150914,-0.10130642130101238,0.5113490041976355,0.13809971628478687
St6galnac5,3855,0.5321813755593415,True,defined,0.5321813755593415,0.2976975463504923,0.42762850157403537,-0.11371028125557134,-0.13070676813068788,0.4146984735108129,0.12627557303075754
Sulf1,3855,0.5269461529405247,True,defined,0.5269461529405247,0.11575773550132827,0.16223615203986932,-0.0451018795649486,-0.038869219527479584,0.1602019724995788,0.044168874438965604
Sulf2,3855,0.5990202590747011,True,defined,0.5990202590747011,0.512850800030211,0.8026138801350825,-0.05954259723638113,-0.05899163358319362,0.7990685592494315,0.26309792753117967
Syndig1,3855,0.5197181486775017,True,defined,0.5197181486775017,0.31575247658379724,0.43208722544376754,0.017471662577736895,0.036698932228573684,0.43178196645053446,0.10653911763206417
Syt10,3855,0.34269083431629016,True,defined,0.34269083431629016,0.14885959595911774,0.16935667558667375,0.041613983672281946,0.02518030483911029,0.16762495194959667,0.01318143589824787
Syt6,3855,0.3478266486916535,True,defined,0.3478266486916535,0.13797691625164676,0.15637475878069879,-0.01783271654855989,0.0076164696214300245,0.15605675300119898,0.015636321502332434
Tbc1d4,3855,0.15743369126414566,True,defined,0.15743369126414566,0.16324801527469965,0.16787838381517028,-0.03426522979773726,-0.012522243095613804,0.16670427784207956,0.0061654388365027304
Tcap,3855,0.35344944670335116,True,defined,0.35344944670335116,0.12143274862610903,0.13967324928051744,-0.04016297663080031,-0.016924388683008468,0.1380601845886699,0.01967524360755862
Teddm3,3855,0.1769481175754159,True,defined,0.1769481175754159,0.02207400519839964,0.022820834750651522,-0.007955023856778012,-0.005722718636521009,0.022757552346089546,0.000998246196232441
Tenm3,3855,0.4638946981658723,True,defined,0.4638946981658723,0.43826550783747326,0.5813761397127584,0.1526847363167277,0.13554680469317842,0.5580635110086528,0.11897891662801892
Th,3855,0.3828596067026392,True,defined,0.3828596067026392,0.04065214290310079,0.0472478065426191,0.0029433989100129225,-0.00026569556991929663,0.04723914294547526,0.004241576453830018
Thbs2,3855,0.3372918503742643,True,defined,0.3372918503742643,0.09313703044404298,0.1053777656160078,-0.018559901253108888,-0.025274295023136353,0.10503329568148212,0.011344590794009906
Thsd7a,3855,0.5598438431352073,True,defined,0.5598438431352073,0.24410059618042335,0.36321426971169585,-0.09077038538611124,-0.09966432579947652,0.35497500684855265,0.09992026304235539
Timp3,3855,0.2837470010566,True,defined,0.2837470010566,0.3904562044377928,0.43000155654813454,-0.07492905887587892,-0.08400311686410225,0.4243871926841093,0.038927461076315735
Tmem163,3855,0.29648049024249534,True,defined,0.29648049024249534,0.15653907723527594,0.17175934738929502,0.021777776836558946,0.03701241848985489,0.17128507582535188,0.01296693721846096
Tmtc2,3855,0.22244800106041288,True,defined,0.22244800106041288,0.2900629725142481,0.30505250907914366,0.014033296349640796,0.030247383156184943,0.3048555756727071,0.013776132733279782
Tnfaip6,3855,0.14045298284383434,True,defined,0.14045298284383434,0.08682019355638819,0.08791929558550342,-0.016264444296568363,0.010954368711511415,0.08765476343722634,0.002914087252432024
Tox,3855,0.4860390931529901,True,defined,0.4860390931529901,0.21802082762422778,0.2927547858535712,-0.08701058079452488,-0.08997351713152421,0.2851839446833719,0.07487756250800888
Trp53i11,3855,0.543330892727509,True,defined,0.543330892727509,0.2875653295006664,0.4252386235391419,-0.13133091229293736,-0.12799390245533407,0.40799081501544715,0.12210789658157783
Trpc4,3855,0.27005024815485784,True,defined,0.27005024815485784,0.22786234393665641,0.24586369773141212,-0.011037622738766076,-0.006183538706755766,0.24574186861569167,0.01908050456408815
Trpc6,3855,0.4471444688211183,True,defined,0.4471444688211183,0.06097804830389674,0.08246995294123206,-0.08117630154156548,-0.06488725958280592,0.0758803610092658,0.01469900339864583
Tshz2,3855,0.20863910319674817,True,defined,0.20863910319674817,0.26941753454512624,0.28157537303298064,-0.004259885647131451,-0.012323781189988288,0.28155722640725334,0.01389746691552328
Tunar,3855,0.3434769863219771,True,defined,0.3434769863219771,0.09924531280536683,0.11143000659717989,0.024977981894435276,-0.004796176856149944,0.1108061070176613,0.007979986850976081
Ubash3b,3855,0.27913916794981175,True,defined,0.27913916794981175,0.20942441651420113,0.22947092656430784,-0.05210066997446422,-0.04323694634833524,0.22675644675251933,0.013656685177306399
Unc13c,3855,0.2755546434916544,True,defined,0.2755546434916544,0.1601382523872652,0.17354209528411615,-0.019757598416122395,-0.012063837084126805,0.17315173258894268,0.015205628257043623
Unc5b,3855,0.2669959162277231,True,defined,0.2669959162277231,0.16086157785978908,0.1738996033041077,-0.04966956374964595,-0.012379486038954748,0.1714325377410259,0.016041001704771223
Unc5d,3855,0.5274296089810278,True,defined,0.5274296089810278,0.22717461141304304,0.31515027326249245,-0.032947412705931926,-0.01320712646425988,0.31406474125847755,0.08192956410653406
Ust,3855,0.2729710559133164,True,defined,0.2729710559133164,0.2389475917084614,0.26162162733109007,-0.05948812600940387,-0.053746599637832,0.25808279019497865,0.021484043558802287
Vipr2,3855,0.13791722403805756,True,defined,0.13791722403805756,0.026150340080856996,0.026596654876951484,0.0010847144663707147,0.008407496145443843,0.026595478271478262,0.00039299926134540316
Vtn,3855,0.28614063002943246,True,defined,0.28614063002943246,0.16946746602871618,0.1898338864967222,-0.07560632232209395,-0.05506258417662576,0.18411757052164898,0.01467077680056272
Vwc2,3855,0.24092188402313247,True,defined,0.24092188402313247,0.05001087691797079,0.05392592250964145,-0.04175751132536655,-0.012527545436207524,0.05218223275755302,0.002838586410981888
Wipf3,3855,0.45603519750686566,True,defined,0.45603519750686566,0.40561333036121483,0.51018416214805,-0.005672253077338183,0.03049384976517356,0.5101519876930722,0.11661739649128519
Wnt7b,3855,0.5689528398416889,True,defined,0.5689528398416889,0.26691196209361434,0.42945062899628716,-0.18706806297047848,-0.19083176931558388,0.3944561688127577,0.13596628436450445
Zfp804b,3855,0.20399923990967334,True,defined,0.20399923990967334,0.08742293393034428,0.09094322275685586,-0.006314117867311151,-0.01886088769685419,0.09090335467241278,0.005410269190396319
Vip,3855,0.34203571012084344,True,defined,0.34203571012084344,0.042353176952712276,0.07058495774595686,-0.15740159079447186,-0.11553753413194755,0.04580969696132638,0.007302986203595106
Calb1,3855,0.4929217656121054,True,defined,0.4929217656121054,0.03419193578310793,0.05087366678188428,-0.0820399749909609,-0.05761779386395571,0.0441431092853669,0.013666244735046709
Gad2,3855,0.45176035092080613,True,defined,0.45176035092080613,0.04302682996871024,0.053538418918729444,-0.015063126500961012,0.0005238407095785502,0.053311521138745384,0.015149913122255198
Tac2,3855,0.3063728568944939,True,defined,0.3063728568944939,0.019628836729032866,0.021327327011483974,0.030618956321763317,0.014994957425870755,0.02038980652524993,0.005460339742881475
Lamp5,3855,0.599489825661869,True,defined,0.599489825661869,0.08579551752798652,0.13632452912686316,0.07419997156358558,0.11861056810234047,0.1308188933468261,0.04514005753759322
Cnr1,3855,0.47365078230561675,True,defined,0.47365078230561675,0.03670453316811026,0.04725021760729095,-0.0041610126422728586,-0.011665587852758522,0.04723290358108163,0.009901642002917372
Pvalb,3855,0.40599451415952853,True,defined,0.40599451415952853,0.038363640709612984,0.08489428580821598,0.19767125549118594,0.20471530222610587,0.045820360560754086,0.008781661162613861
Sst,3855,0.33162265036396493,True,defined,0.33162265036396493,0.04241690016230396,0.05236061827205781,-0.0709379211466354,-0.08797467540008597,0.047328429615451265,0.004954068820244573
Rab3b,3855,0.5113175965832442,True,defined,0.5113175965832442,0.042038481402451554,0.10883487757627482,0.23091064668117167,0.1990263505925783,0.05551515082555799,0.013433080387946838
Slc17a7,3855,0.5972777043282581,True,defined,0.5972777043282581,0.10653652234552846,0.1655804447180149,0.013511457844832606,0.018846539321721527,0.16539788522492221,0.053924016641322466
Penk,3855,0.3749839342922728,True,defined,0.3749839342922728,0.03178794462214187,0.048500719545016835,0.11201909477628834,0.14107999775344904,0.035952441950517666,0.006069803643051333
Gad1,3855,0.4175707357697873,True,defined,0.4175707357697873,0.07651518140094901,0.09494724399125425,0.05553072572455854,0.03102139090858255,0.09186358249175794,0.01398829629352426
