sample,eligible_cells,global_start,global_end_exclusive,split
H20.33.001.CX28.MTG.02.007.1.02.02,7937,0,7937,train
H20.33.001.CX28.MTG.02.007.1.02.03,15222,7937,23159,train
H20.33.001.Cx28.MTG.02.007.1.01.03,6680,23159,29839,train
H20.33.004.Cx26.MTG.02.007.1.01.04,5323,29839,35162,train
H20.33.004.Cx26.MTG.02.007.1.01.05,3157,35162,38319,train
H20.33.004.Cx26.MTG.02.007.1.02.02,4120,38319,42439,train
H20.33.004.Cx26.MTG.02.007.1.02.03,4709,42439,47148,train
H20.33.004.Cx26.MTG.02.007.1.02.04,6594,47148,53742,train
H20.33.012.Cx24.MTG.02.007.1.01.01,3525,53742,57267,train
H20.33.012.Cx24.MTG.02.007.1.03.02,3192,57267,60459,train
H20.33.012.Cx24.MTG.02.007.1.03.03,3776,60459,64235,train
H20.33.015.CX24.MTG.02.007.1.03.01,6500,64235,70735,validation
H20.33.015.CX24.MTG.02.007.1.03.02,3007,70735,73742,validation
H20.33.015.Cx24.MTG.02.007.1.03.03,5924,73742,79666,validation
H20.33.025.Cx28.MTG.02.007.1.01.02,5394,79666,85060,train
H20.33.025.Cx28.MTG.02.007.1.01.04,5063,85060,90123,train
H20.33.025.Cx28.MTG.02.007.1.01.06,3441,90123,93564,train
H20.33.035.Cx26.MTG.02.007.1.01.03,6060,93564,99624,test
H20.33.035.Cx26.MTG.02.007.1.01.04,4407,99624,104031,test
H20.33.040.Cx25.MTG.02.007.1.01.03,8654,104031,112685,test
H20.33.040.Cx25.MTG.02.007.1.01.04,8916,112685,121601,test
H20.33.044.Cx26.MTG.02.007.1.01.02,3040,121601,124641,train
H20.33.044.Cx26.MTG.02.007.1.01.03,5124,124641,129765,train
H20.33.044.Cx26.MTG.02.007.1.01.04,6491,129765,136256,train
H21.33.001.Cx22.MTG.02.007.1.01.03,10469,136256,146725,train
H21.33.001.Cx22.MTG.02.007.1.01.04,6677,146725,153402,train
H21.33.005.Cx18.MTG.02.007.02.03,2117,153402,155519,train
H21.33.005.Cx18.MTG.02.007.02.04,3702,155519,159221,train
H21.33.006.Cx28.MTG.02.007.1.01.09.02,1952,159221,161173,validation
H21.33.006.Cx28.MTG.02.007.1.01.09.03,765,161173,161938,validation
H21.33.006.Cx28.MTG.02.007.1.01.09.04,2908,161938,164846,validation
H21.33.011.Cx26.MTG.02.007.3.01.04,6523,164846,171369,test
H21.33.011.Cx26.MTG.02.007.3.01.05,6340,171369,177709,test
H21.33.011.Cx26.MTG.02.007.3.01.06,5406,177709,183115,test
H21.33.012.Cx26.MTG.02.007.1.01.04,5727,183115,188842,validation
H21.33.012.Cx26.MTG.02.007.1.01.05,7458,188842,196300,validation
H21.33.012.Cx26.MTG.02.007.1.01.06,6844,196300,203144,validation
H21.33.013.Cx24.MTG.02.007.1.06,2220,203144,205364,validation
H21.33.014.CX26.MTG.02.007.1.02.02,4112,205364,209476,train
H21.33.015.Cx26.MTG.02.007.1.0,7573,209476,217049,train
H21.33.015.Cx26.MTG.02.007.1.1,11091,217049,228140,train
H21.33.015.Cx26.MTG.02.007.1.2,8057,228140,236197,train
H21.33.016.Cx26.MTG.02.007.3.01.01,4696,236197,240893,train
H21.33.016.Cx26.MTG.02.007.3.01.02,6229,240893,247122,train
H21.33.016.Cx26.MTG.02.007.3.01.03,5600,247122,252722,train
H21.33.019.Cx30.MTG.02.007.5.0,4025,252722,256747,train
H21.33.019.Cx30.MTG.02.007.5.01.02,5271,256747,262018,train
H21.33.021.Cx26.MTG.02.007.1.04,4829,262018,266847,test
H21.33.021.Cx26.MTG.02.007.1.06,3627,266847,270474,test
H21.33.022.Cx26.MTG.02.007.2.M.02,1780,270474,272254,train
H21.33.022.Cx26.MTG.02.007.2.M.03,2225,272254,274479,train
H21.33.022.Cx26.MTG.02.007.2.M.04,2276,274479,276755,train
H21.33.023.Cx26.MTG.02.007.1.03.01,6738,276755,283493,train
H21.33.023.Cx26.MTG.02.007.1.03.04,8304,283493,291797,train
H21.33.023.Cx26.MTG.02.007.1.03.05,7181,291797,298978,train
H21.33.025.CX26.MTG.02.007.4.01.02,3012,298978,301990,train
H21.33.025.CX26.MTG.02.007.4.01.04,2693,301990,304683,train
H21.33.025.CX26.MTG.02.007.4.01.06,1918,304683,306601,train
H21.33.028.CX28.MTG.02.007.1.01.01,4421,306601,311022,validation
H21.33.028.Cx28.MTG.02.007.1.02.02,3305,311022,314327,validation
H21.33.028.Cx28.MTG.02.007.1.02.04,2995,314327,317322,validation
H21.33.031.CX24.MTG.02.007.1.01.01,9014,317322,326336,train
H21.33.031.CX24.MTG.02.007.1.01.02,8563,326336,334899,train
H21.33.032.CX24.MTG.02.007.1.01.04,4940,334899,339839,train
H21.33.038.Cx20.MTG.02.007.3.01.02,2413,339839,342252,train
H21.33.038.Cx20.MTG.02.007.3.01.04,4125,342252,346377,train
H21.33.040.Cx22.MTG.02.007.3.03.01,5795,346377,352172,train
H21.33.040.Cx22.MTG.02.007.3.03.03,4873,352172,357045,train
H21.33.040.Cx22.MTG.02.007.3.03.04,8895,357045,365940,train
