panel,receiver,condition,metric,n_receivers,n_repeats,mean,sample_SD
B,tumor_1,random,mean_abs_prediction_change,19659,10,0.02650097028013436,0.0004000756195858069
B,tumor_1,tumor_1,mean_abs_prediction_change,19659,10,0.029266450870946353,0.00039762283778712384
B,tumor_1,tumor_2,mean_abs_prediction_change,19659,10,0.03765546534567036,8.92954449208995e-05
C,tumor_2,random,mean_abs_prediction_change,6892,10,0.04979594893837656,0.0009827878276217944
C,tumor_2,tumor_1,mean_abs_prediction_change,6892,10,0.053053968756210476,0.0002077228933510566
C,tumor_2,tumor_2,mean_abs_prediction_change,6892,10,0.08726515547936967,0.0006352514755915752
D,tumor_1,random,relative_MSE_increase_percent,19659,10,4.144183185268159,0.2106644841873208
D,tumor_1,tumor_1,relative_MSE_increase_percent,19659,10,4.866805237452652,0.14981669831893216
D,tumor_1,tumor_2,relative_MSE_increase_percent,19659,10,6.724053428750771,0.08725435862933494
D,tumor_2,random,relative_MSE_increase_percent,6892,10,9.241146760870949,0.5053656535016385
D,tumor_2,tumor_1,relative_MSE_increase_percent,6892,10,10.964134374329852,0.1279242919015481
D,tumor_2,tumor_2,relative_MSE_increase_percent,6892,10,25.41390437330891,0.47431111576768903
E,CD3+.alpha.beta.T.cells,random,relative_MSE_increase_percent,1127,10,0.31971214987980573,0.09297297674731188
E,CD3+.alpha.beta.T.cells,tumor_1,relative_MSE_increase_percent,1127,10,0.5577086725368161,0.03158009248222387
E,CD3+.alpha.beta.T.cells,tumor_2,relative_MSE_increase_percent,1127,10,0.47918941230558887,0.01269080281563766
E,Inflammatory.macrophages,random,relative_MSE_increase_percent,919,10,0.4342559101360937,0.09789044905872228
E,Inflammatory.macrophages,tumor_1,relative_MSE_increase_percent,919,10,0.34831317621192903,0.052000821508717134
E,Inflammatory.macrophages,tumor_2,relative_MSE_increase_percent,919,10,0.24558828398857468,0.026252024363802376
E,Periportal.LSECs,random,relative_MSE_increase_percent,516,10,0.4080292500914656,0.14335886556062127
E,Periportal.LSECs,tumor_1,relative_MSE_increase_percent,516,10,0.2622414060259606,0.08150847267242468
E,Periportal.LSECs,tumor_2,relative_MSE_increase_percent,516,10,0.258540499925758,0.017355567750312783
E,Stellate.cells,random,relative_MSE_increase_percent,460,10,0.3970572285328128,0.1273523424345817
E,Stellate.cells,tumor_1,relative_MSE_increase_percent,460,10,0.4319259564737585,0.047950452279706804
E,Stellate.cells,tumor_2,relative_MSE_increase_percent,460,10,0.7591245276639227,0.02812962368165814
E,Non.inflammatory.macrophages,random,relative_MSE_increase_percent,303,10,0.4388885576012794,0.14022434450940183
E,Non.inflammatory.macrophages,tumor_1,relative_MSE_increase_percent,303,10,0.42347808602171116,0.1575187360705344
E,Non.inflammatory.macrophages,tumor_2,relative_MSE_increase_percent,303,10,0.5771778634450218,0.03766149859150512
E,Mature.B.cells,random,relative_MSE_increase_percent,278,10,0.2675874023143569,0.13333234720079035
E,Mature.B.cells,tumor_1,relative_MSE_increase_percent,278,10,0.12225978889575906,0.08108364409325455
E,Mature.B.cells,tumor_2,relative_MSE_increase_percent,278,10,-0.01694686196021494,0.0334886827997216
