repeat,receiver,condition,n_receivers,mean_edges_removed,mean_abs_prediction_change,full_MSE,masked_MSE,delta_MSE,relative_MSE_increase_percent
0,tumor_1,tumor_1,19659,6.465588280177018,0.029178346500667054,0.15171709415399504,0.15949054491064532,0.007773450756650285,5.123648590817407
0,tumor_1,tumor_2,19659,6.465588280177018,0.03766682920274502,0.15171709415399504,0.16194579110741525,0.010228696953420213,6.741954168353592
0,tumor_1,random,19659,6.465588280177018,0.026618155744163822,0.15171709415399504,0.15812605511161656,0.006408960957621529,4.2242840158251
0,tumor_2,tumor_1,6892,13.015670342426,0.05294998926670656,0.15173474333525672,0.16845378152091214,0.016719038185655427,11.018595885264618
0,tumor_2,tumor_2,6892,13.015670342426,0.08659240169869871,0.15173474333525672,0.18950030145462488,0.03776555811936816,24.8891962969387
0,tumor_2,random,6892,13.015670342426,0.04834743963732442,0.15173474333525672,0.16410576610017225,0.012371022764915529,8.153058747779243
1,tumor_1,tumor_1,19659,6.465588280177018,0.02932731126968237,0.15171709415399504,0.15918684481046372,0.007469750656468682,4.923473322582081
1,tumor_1,tumor_2,19659,6.465588280177018,0.03774827386595673,0.15171709415399504,0.16188513605793164,0.010168041903936609,6.701975120625432
1,tumor_1,random,19659,6.465588280177018,0.025941229740135838,0.15171709415399504,0.15762095463298345,0.005903860478988415,3.8913614262845764
1,tumor_2,tumor_1,6892,13.015670342426,0.05278014012303331,0.15173474333525672,0.16811031036410162,0.016375567028844906,10.792232990873567
1,tumor_2,tumor_2,6892,13.015670342426,0.08782651749646342,0.15173474333525672,0.19021911028133046,0.03848436694607374,25.362923546812766
1,tumor_2,random,6892,13.015670342426,0.05049496640053535,0.15173474333525672,0.16613180583725817,0.014397062502001456,9.488309786896505
2,tumor_1,tumor_1,19659,6.465588280177018,0.029272245880115358,0.15171709415399504,0.1589478698360622,0.007230775682067175,4.765959776904133
2,tumor_1,tumor_2,19659,6.465588280177018,0.03768007056386505,0.15171709415399504,0.16194703425746937,0.010229940103474333,6.742773555292851
2,tumor_1,random,19659,6.465588280177018,0.026272654033612546,0.15171709415399504,0.15744288057625805,0.005725786422263013,3.7739889853487814
2,tumor_2,tumor_1,6892,13.015670342426,0.05310705385199309,0.15173474333525672,0.1683177262304553,0.016582982895198578,10.928929347814961
2,tumor_2,tumor_2,6892,13.015670342426,0.08702099127849987,0.15173474333525672,0.19092452710157762,0.0391897837663209,25.82782486390173
2,tumor_2,random,6892,13.015670342426,0.05009792881128846,0.15173474333525672,0.16596139799960463,0.014226654664347915,9.376003380395375
3,tumor_1,tumor_1,19659,6.465588280177018,0.029369562032221658,0.15171709415399504,0.15899518103783647,0.007278086883841434,4.797143607597751
3,tumor_1,tumor_2,19659,6.465588280177018,0.037602784143434584,0.15171709415399504,0.1617850287068902,0.010067934552895175,6.63599221237132
3,tumor_1,random,19659,6.465588280177018,0.026855125361811054,0.15171709415399504,0.1582977722174178,0.0065806780634227735,4.337466453676796
3,tumor_2,tumor_1,6892,13.015670342426,0.05329958173566894,0.15173474333525672,0.16871148763502744,0.016976744299770724,11.188435770613683
3,tumor_2,tumor_2,6892,13.015670342426,0.08640646982459363,0.15173474333525672,0.18906318259529784,0.03732843926004112,24.601115367206457
3,tumor_2,random,6892,13.015670342426,0.0499957365086967,0.15173474333525672,0.16619685147739882,0.014462108142142105,9.531177780548381
4,tumor_1,tumor_1,19659,6.465588280177018,0.029828852911144413,0.15171709415399504,0.1590761451633872,0.007359051009392159,4.85050880418433
4,tumor_1,tumor_2,19659,6.465588280177018,0.03757678394091082,0.15171709415399504,0.16185978313011193,0.010142688976116893,6.685264460589996
4,tumor_1,random,19659,6.465588280177018,0.027115724374221467,0.15171709415399504,0.1583464085950366,0.006629314441041562,4.369523736272401
4,tumor_2,tumor_1,6892,13.015670342426,0.05339786064138531,0.15173474333525672,0.16862315761634797,0.016888414281091252,11.130222327378531
4,tumor_2,tumor_2,6892,13.015670342426,0.08773492552611589,0.15173474333525672,0.19049887498976253,0.03876413165450582,25.54730103497574
4,tumor_2,random,6892,13.015670342426,0.05129816636058718,0.15173474333525672,0.165951327177237,0.014216583841980296,9.369366256855798
5,tumor_1,tumor_1,19659,6.465588280177018,0.02974890509517773,0.15171709415399504,0.15945874815793917,0.007741654003944137,5.102690667200789
5,tumor_1,tumor_2,19659,6.465588280177018,0.037814753242145144,0.15171709415399504,0.1622059029273981,0.010488808773403052,6.913399463581052
5,tumor_1,random,19659,6.465588280177018,0.026590120624547523,0.15171709415399504,0.15800290240928075,0.006285808255285713,4.1431114208564574
5,tumor_2,tumor_1,6892,13.015670342426,0.0530222870680356,0.15173474333525672,0.16845210901084365,0.01671736567558693,11.017493626130202
5,tumor_2,tumor_2,6892,13.015670342426,0.08790035153502945,0.15173474333525672,0.19055530626885916,0.03882056293360245,25.584491778411433
5,tumor_2,random,6892,13.015670342426,0.049755117416144,0.15173474333525672,0.16691037495276018,0.01517563161750346,10.00142174687904
6,tumor_1,tumor_1,19659,6.465588280177018,0.028640612380063404,0.15171709415399504,0.158876875998997,0.007159781845001961,4.719166211906669
6,tumor_1,tumor_2,19659,6.465588280177018,0.037596383776194904,0.15171709415399504,0.16175789891718437,0.010040804763189332,6.618110384448683
6,tumor_1,random,19659,6.465588280177018,0.025895790603264066,0.15171709415399504,0.15790918612585675,0.006192091971861713,4.08134100273279
6,tumor_2,tumor_1,6892,13.015670342426,0.053005038680137936,0.15173474333525672,0.16837139203807192,0.0166366487028152,10.9642975215351
6,tumor_2,tumor_2,6892,13.015670342426,0.08815449017159818,0.15173474333525672,0.1915297480595368,0.039795004724280075,26.226692614725245
6,tumor_2,random,6892,13.015670342426,0.04832843389346962,0.15173474333525672,0.16580495215652297,0.01407020882126625,9.272898554405721
7,tumor_1,tumor_1,19659,6.465588280177018,0.02933062718321951,0.15171709415399504,0.15918683340518058,0.007469739251185548,4.9234658051146525
7,tumor_1,tumor_2,19659,6.465588280177018,0.03774150122479957,0.15171709415399504,0.16205100771560874,0.0103339135616137,6.811304697890291
7,tumor_1,random,19659,6.465588280177018,0.02655504574130623,0.15171709415399504,0.15836002836281263,0.006642934208817591,4.378500818157589
7,tumor_2,tumor_1,6892,13.015670342426,0.05279406067800778,0.15173474333525672,0.16820404182141835,0.016469298486161632,10.854006224383856
7,tumor_2,tumor_2,6892,13.015670342426,0.08662138137088583,0.15173474333525672,0.18969934371924996,0.03796460038399324,25.020374074849
7,tumor_2,random,6892,13.015670342426,0.05029533730817443,0.15173474333525672,0.16603868850690295,0.014303945171646237,9.426941290592744
8,tumor_1,tumor_1,19659,6.465588280177018,0.028599041191339068,0.15171709415399504,0.1588956026635824,0.007178508509587372,4.73150935932182
8,tumor_1,tumor_2,19659,6.465588280177018,0.037551014951944316,0.15171709415399504,0.16191875274586795,0.010201658591872914,6.724132602696756
8,tumor_1,random,19659,6.465588280177018,0.026872304575053605,0.15171709415399504,0.15774456152160884,0.006027467367613809,3.972833385205653
8,tumor_2,tumor_1,6892,13.015670342426,0.05293801684980078,0.15173474333525672,0.16816378375533286,0.016429040420076146,10.827474353567338
8,tumor_2,tumor_2,6892,13.015670342426,0.08685906936511942,0.15173474333525672,0.19064224458363468,0.03890750124837797,25.641788026366612
8,tumor_2,random,6892,13.015670342426,0.05047426781084256,0.15173474333525672,0.16554273232400799,0.013807988988751269,9.100083926225535
9,tumor_1,tumor_1,19659,6.465588280177018,0.029369004265832978,0.15171709415399504,0.1588940503998323,0.0071769562458372516,4.730486228896882
9,tumor_1,tumor_2,19659,6.465588280177018,0.037576258544707454,0.15171709415399504,0.16182999068870021,0.010112896534705179,6.665627621657744
9,tumor_1,random,19659,6.465588280177018,0.026293552003227454,0.15171709415399504,0.15819453503815215,0.00647744088415711,4.269420608321442
9,tumor_2,tumor_1,6892,13.015670342426,0.05324565866733542,0.15173474333525672,0.16830365487827648,0.01656891154301976,10.919655695736658
9,tumor_2,tumor_2,6892,13.015670342426,0.08753495652669228,0.15173474333525672,0.1903320200217718,0.03859727668651508,25.43733612890141
9,tumor_2,random,6892,13.015670342426,0.04887209523670284,0.15173474333525672,0.16492384000912144,0.013189096673864725,8.692206138131146
